id,Missing,HGSHS.A1,HGSHS.A2,HGSHS.A3,HGSHS.A4,HGSHS.A5,HGSHS.A6,HGSHS.A7,HGSHS.A8,HGSHS.A9,HGSHS.A10,HGSHS.A11,HGSHS.A12PRE,HGSHS.A12POST,HGSHS.A12,INV.1,INV.2,INV.3,INV.4,INV.5,INV.6,INV.7,INV.8,INV.9,INV.10,INV.11,INV.12
1,0,1,0,1,1,0,1,1,1,1,1,1,3,4,1,2,1,4,2,1,4,5,3,0,5,3,2
2,0,1,0,1,0,1,1,1,0,1,0,1,7,2,0,2,3,5,0,4,5,4,0,2,2,2,4
3,0,0,1,1,0,0,1,1,0,1,1,1,6,1,0,5,5,5,2,0,4,5,3,4,5,2,5
4,0,0,1,1,1,1,1,1,1,0,1,1,5,2,0,3,4,5,5,4,2,5,4,2,5,3,5
5,0,0,1,1,1,1,0,1,1,0,1,1,5,1,0,1,3,4,5,5,3,4,4,0,5,3,4
6,0,1,0,1,0,0,0,1,0,1,0,0,7,1,0,2,1,1,0,0,0,3,0,2,0,0,0
7,0,1,1,1,0,1,0,1,0,0,1,0,5,0,0,4,5,3,2,4,3,3,2,0,4,0,0
8,0,0,1,1,0,0,0,1,0,0,0,0,6,0,0,0,2,4,2,0,3,4,0,0,0,0,0
9,0,0,1,1,0,1,0,1,1,0,0,0,4,1,0,3,4,5,2,4,4,5,3,0,3,0,0
10,0,1,1,1,0,1,1,1,1,0,1,0,3,5,1,3,3,5,2,5,5,5,4,0,5,0,3
11,0,1,1,1,0,0,0,1,0,1,0,0,8,1,0,3,3,4,2,2,2,5,3,1,3,0,0
12,0,1,1,1,0,0,0,1,0,0,1,0,5,1,0,5,3,5,0,0,0,5,0,0,5,0,5
13,0,0,0,1,0,0,0,1,0,0,0,1,7,2,0,0,0,3,0,0,0,2,0,0,0,1,0
14,0,0,1,1,0,1,1,0,0,0,0,1,5,1,0,4,4,3,3,3,2,3,2,2,4,1,2
15,0,1,0,1,1,0,0,0,0,0,1,0,6,0,0,2,2,1,0,1,0,0,1,0,1,0,2
16,0,0,1,1,1,1,1,1,1,0,0,0,6,1,0,2,2,1,3,3,4,4,0,0,0,0,5
17,0,0,1,0,0,0,1,1,0,0,0,0,7,0,0,2,1,3,1,1,1,3,1,0,1,0,0
18,0,0,1,1,1,1,1,1,1,0,1,0,3,3,1,3,4,2,3,4,5,3,4,0,5,0,2
19,0,1,1,1,0,0,0,1,0,0,0,0,3,1,0,2,2,1,0,0,0,0,0,0,0,0,0
20,0,0,1,1,0,0,0,0,1,0,1,0,4,1,0,0,3,4,0,0,3,0,0,0,3,0,0
21,0,1,1,1,0,0,0,1,0,0,0,0,4,0,0,4,2,5,0,3,0,5,0,0,3,0,0
22,0,1,0,1,0,0,1,1,1,0,1,0,4,0,0,4,3,5,5,5,5,3,0,2,2,0,5
23,0,0,1,0,0,1,0,1,1,0,0,1,6,2,0,0,4,4,0,2,2,4,3,0,2,1,0
24,0,1,0,1,0,1,1,1,1,0,1,0,4,0,0,2,1,5,0,2,4,5,5,0,5,0,0
25,0,0,1,0,0,1,1,1,1,0,1,0,4,0,0,3,3,4,3,5,4,5,5,0,5,0,0
26,0,0,1,1,0,1,1,1,1,0,1,1,7,2,0,3,4,4,4,5,4,4,5,0,5,4,4
27,0,1,1,1,1,1,1,1,1,0,1,1,6,3,0,2,5,5,5,3,4,5,5,0,4,4,3
28,0,1,0,1,0,0,0,1,0,0,0,1,7,0,0,4,0,1,0,0,0,4,0,0,0,0,0
29,0,0,1,1,1,1,1,1,1,0,1,1,5,1,0,0,5,5,5,5,5,5,5,0,5,4,3
30,0,0,0,0,0,0,0,1,0,0,0,0,0,0,0,1,1,3,3,4,4,4,3,0,2,0,0
31,0,1,1,1,0,0,0,1,0,0,0,0,6,1,0,2,2,3,2,1,1,2,1,0,1,0,2
32,0,1,1,1,1,1,0,1,1,1,1,1,4,1,0,4,4,5,5,3,3,5,4,5,4,3,0
33,0,0,1,1,0,0,0,1,0,0,0,1,2,4,1,3,4,5,0,0,0,2,0,0,1,1,0
34,0,1,0,0,1,0,0,0,0,1,1,0,2,6,1,3,4,0,1,1,1,3,1,1,2,1,3
35,0,0,1,1,0,0,0,1,0,0,0,0,0,0,0,0,2,1,0,0,0,0,0,0,0,0,0
36,0,0,1,1,0,0,0,1,0,0,0,0,2,0,0,2,3,4,0,0,0,4,0,0,0,0,0
37,0,1,0,0,0,0,0,0,0,0,0,0,2,0,0,1,1,1,1,1,1,2,1,0,1,1,1
38,0,0,1,1,1,0,0,1,0,0,0,0,5,0,0,1,3,5,0,0,3,5,0,0,4,0,0
39,0,1,1,1,0,1,0,1,0,0,0,0,7,0,0,3,4,4,0,1,0,1,0,0,0,0,0
40,0,0,0,0,0,0,0,0,0,0,0,0,5,2,0,0,1,2,0,0,0,1,0,0,0,0,0
41,0,1,1,1,0,0,0,1,0,0,0,0,6,0,0,4,3,5,0,0,0,2,0,0,0,0,0
42,0,1,1,1,0,1,0,1,0,0,0,1,5,0,0,4,4,3,0,4,0,4,0,0,0,1,0
43,0,1,0,1,0,0,0,1,0,0,0,0,5,1,0,2,1,2,0,0,0,2,0,0,0,0,0
44,0,0,1,1,1,1,1,0,1,0,1,1,4,1,0,4,2,5,3,3,3,2,5,0,4,1,3
45,0,0,1,1,0,1,0,1,1,0,1,0,4,1,0,3,3,4,4,4,2,3,3,0,0,0,0
46,0,0,0,1,0,0,0,1,0,0,0,0,4,1,0,2,1,3,0,1,0,1,0,0,0,0,0
47,0,0,1,1,1,1,1,1,1,0,1,0,3,0,0,3,5,4,2,2,0,5,1,3,3,0,0
48,0,0,1,1,0,0,0,1,0,0,0,0,4,1,0,4,2,5,2,2,2,0,3,2,3,0,5
49,0,0,1,1,1,1,1,1,1,0,1,0,2,6,1,3,3,4,5,4,5,5,5,2,4,0,3
50,0,0,1,1,0,0,0,0,0,0,0,0,7,0,0,3,1,4,0,0,0,0,4,0,0,0,0
51,0,0,0,0,0,1,1,1,1,0,0,1,8,0,0,2,2,1,3,2,2,5,4,2,0,1,0
52,0,1,0,0,0,0,0,0,0,0,0,0,4,1,0,2,2,0,0,0,0,0,0,0,0,0,0
53,0,1,1,1,0,1,0,1,0,0,0,1,9,1,0,2,2,2,0,1,4,5,0,0,0,1,0
54,0,0,0,0,1,0,1,1,0,0,1,1,5,1,0,0,2,0,0,0,3,5,0,0,5,1,3
55,0,0,1,1,1,1,1,1,1,0,1,0,4,1,0,2,2,4,4,2,5,4,5,0,5,2,4
56,0,1,1,1,0,0,1,0,0,0,0,0,0,4,1,5,5,5,4,3,4,4,3,0,2,0,0
57,0,0,1,0,0,1,1,1,1,0,1,0,1,2,1,0,0,0,3,0,2,3,3,0,4,0,3
58,0,1,1,1,0,1,1,0,1,1,1,1,6,2,0,2,2,4,4,5,4,3,2,2,4,5,1
59,0,1,1,1,1,1,1,1,1,1,1,1,3,4,1,5,4,5,4,5,4,5,3,2,4,2,4
60,0,1,1,1,0,0,0,1,0,1,0,0,5,0,0,2,4,5,0,0,0,4,0,3,0,0,0
61,0,1,1,1,1,1,1,1,0,0,0,0,7,2,0,5,5,5,4,4,5,5,0,0,0,0,0
62,0,1,1,1,1,0,0,0,0,0,1,1,2,2,1,5,5,5,0,0,0,0,1,0,0,1,0
63,0,1,1,1,1,1,1,1,1,1,0,0,5,3,0,5,4,4,2,2,0,5,3,2,0,0,4
64,0,1,1,1,0,0,0,1,0,0,0,0,6,2,0,4,4,5,4,2,3,4,2,0,0,0,5
65,0,0,0,0,1,0,1,1,0,0,0,0,5,0,0,0,1,1,1,1,2,3,1,0,1,0,0
66,0,1,1,0,1,0,0,1,0,0,0,0,4,0,0,2,2,0,0,2,0,3,1,1,1,0,1
67,0,1,1,1,0,0,0,0,0,0,0,0,9,0,0,0,2,3,0,0,0,0,0,0,0,0,0
68,0,1,1,1,0,1,1,1,1,0,1,0,4,3,0,4,5,4,5,5,5,5,5,0,5,0,4
69,0,1,0,1,0,0,0,1,1,0,1,1,4,0,0,2,5,2,0,0,0,5,0,0,0,0,5
70,0,1,1,1,0,0,1,1,1,0,1,0,4,0,0,4,3,4,0,0,3,3,4,0,4,0,0
71,0,0,1,1,0,0,0,1,1,0,0,0,8,1,0,1,3,4,0,3,0,5,5,0,2,0,2
72,0,0,1,1,1,1,0,1,0,0,0,0,8,0,0,4,4,5,5,3,2,3,1,0,3,0,0
73,0,1,0,1,1,1,0,1,0,0,0,0,7,1,0,5,5,5,4,4,0,0,5,0,2,0,3
74,0,1,1,1,0,0,0,1,0,0,1,1,4,2,0,4,3,4,0,0,0,3,0,0,5,4,2
75,0,1,1,1,0,1,1,1,1,0,0,0,5,2,0,5,5,5,0,4,4,5,3,1,2,0,3
76,0,0,0,1,0,0,0,0,0,0,0,0,7,2,0,3,2,3,0,0,0,0,0,0,0,0,0
77,0,0,1,1,0,1,1,1,0,0,1,0,3,3,1,3,4,4,3,5,2,5,0,0,4,0,3
78,0,1,1,1,1,1,1,1,1,0,1,1,9,0,0,2,4,2,5,4,4,3,5,0,5,1,0
79,0,1,1,1,0,0,0,1,0,0,0,0,9,1,0,4,4,3,0,4,4,4,0,0,0,2,4
80,0,1,0,1,0,0,0,1,0,1,0,1,4,1,0,2,4,4,1,4,1,1,1,4,4,2,0
81,0,0,1,1,1,0,0,1,1,0,1,1,6,1,0,2,4,5,4,1,2,5,5,0,5,1,0
82,0,0,0,1,0,0,0,0,0,0,0,0,5,2,0,2,1,2,0,0,0,1,0,0,0,0,1
83,0,1,1,0,0,0,0,0,0,0,0,1,7,3,0,4,5,1,1,1,1,1,1,0,0,1,0
84,0,0,0,1,1,0,0,1,0,1,0,0,4,3,0,0,3,3,1,1,2,4,3,4,2,0,4
85,0,1,1,1,0,0,1,1,0,0,1,0,1,1,0,4,2,5,2,4,2,5,1,0,0,0,0
86,0,1,1,1,0,1,0,1,1,0,1,1,2,1,0,5,5,3,0,3,1,3,0,0,0,2,4
87,0,1,1,1,1,1,1,1,1,1,1,0,4,3,0,5,5,5,5,4,5,4,4,1,5,0,3
88,0,1,1,1,0,0,0,1,0,1,0,0,7,0,0,4,4,4,0,0,0,4,0,2,0,0,0
89,0,1,1,1,1,1,1,1,1,1,1,1,8,1,0,2,2,4,5,5,5,5,5,4,5,2,2
90,0,0,1,1,0,0,1,1,1,0,0,0,4,3,0,4,4,5,0,2,3,4,4,0,3,0,0
91,0,0,0,1,0,0,1,1,0,0,0,0,5,3,0,0,2,3,2,2,3,4,0,0,2,0,0
92,0,1,0,1,0,0,0,1,0,0,0,1,6,0,0,2,0,4,0,0,0,4,0,0,0,1,0
93,0,0,0,1,0,0,0,0,0,0,0,0,4,0,0,0,3,4,0,0,0,0,0,0,0,0,0
94,0,0,1,1,0,1,0,1,1,0,0,0,6,0,0,0,4,4,2,4,0,4,5,0,0,0,0
95,0,1,1,1,1,1,0,0,0,0,0,0,7,0,0,4,5,1,0,2,1,1,0,0,0,0,0
96,0,0,0,1,0,1,1,1,1,0,1,0,8,0,0,0,0,5,1,5,5,5,5,0,5,0,0
97,0,0,1,1,0,1,0,0,0,0,0,0,4,0,0,0,5,0,0,5,0,0,2,0,0,5,3
98,0,1,1,1,0,1,0,1,1,0,1,1,0,0,0,4,2,5,0,5,0,4,5,0,5,1,0
99,0,0,0,1,1,1,1,1,1,0,1,0,6,4,0,0,0,3,4,3,5,3,4,0,4,2,2
100,0,1,1,1,1,1,1,1,0,1,0,1,3,5,1,3,4,4,3,4,2,5,3,3,2,2,4
101,0,1,1,1,1,1,1,1,1,1,1,0,3,2,1,4,3,5,3,4,4,3,5,2,4,0,4
102,0,0,0,1,0,1,1,0,1,0,1,0,1,0,0,0,1,4,0,3,2,0,4,0,4,0,5
103,1,,,,,,,,,,,,,,,0,4,5,2,1,4,5,4,2,4,2,0
104,0,0,1,1,1,1,1,1,0,0,1,0,6,0,0,1,1,2,1,3,1,1,2,3,2,0,5
105,0,1,1,0,1,0,1,1,0,1,1,0,5,0,0,1,1,2,1,3,1,1,2,3,2,0,5
106,0,0,0,1,0,0,0,1,0,0,0,0,1,1,0,0,2,2,0,0,0,3,0,0,3,0,3
107,0,0,1,1,0,1,0,1,0,0,0,1,5,2,0,3,5,5,2,4,2,5,3,0,4,1,2
108,0,0,0,0,0,1,1,1,1,0,1,0,1,4,1,4,2,5,1,4,3,3,5,4,5,1,2
109,0,0,1,1,0,1,0,1,0,0,0,0,6,1,0,5,4,5,3,5,4,5,3,0,5,0,0
110,0,0,1,1,1,1,1,1,1,1,1,1,4,5,0,0,3,5,3,4,5,5,2,2,4,3,5
111,0,0,1,1,1,1,1,1,1,0,1,0,7,2,0,0,3,5,5,4,5,5,5,0,5,0,0
112,0,1,1,1,0,0,0,0,0,0,1,1,6,1,0,3,3,4,0,0,0,2,0,0,4,3,2
113,0,1,1,1,1,1,1,1,1,1,1,0,0,3,1,4,4,4,4,2,1,2,4,2,3,0,1
114,0,0,1,1,1,0,0,1,0,1,1,1,0,7,1,5,4,5,3,0,2,5,2,0,5,0,0
115,0,0,1,1,0,0,0,0,0,0,0,0,7,0,0,1,2,3,3,1,1,0,1,0,4,0,0
116,0,1,0,1,0,1,0,1,0,0,1,0,8,2,0,4,5,5,0,3,0,5,0,0,5,0,5
117,0,1,0,1,1,1,0,1,0,0,0,1,1,3,1,5,2,5,3,3,1,5,1,0,3,2,3
118,0,1,1,1,1,0,1,1,1,0,0,1,5,2,0,4,2,4,4,4,5,5,4,0,2,1,3
119,0,1,1,1,1,0,0,1,1,0,0,0,8,0,0,0,3,4,4,3,4,4,1,1,2,0,0
120,0,0,1,0,0,1,1,0,0,1,0,0,7,2,0,2,1,2,2,2,1,3,3,1,3,4,3
121,0,0,1,1,1,0,0,1,0,0,0,0,9,0,0,1,3,2,2,0,0,2,0,0,0,0,4
122,0,1,1,1,0,1,0,1,1,0,1,0,7,0,0,4,5,4,4,3,3,4,2,0,3,1,0
123,0,1,1,1,1,0,0,1,0,0,1,0,7,2,0,3,4,5,5,2,2,5,2,0,5,0,0
124,0,0,1,1,0,0,1,1,1,0,1,0,4,1,0,0,5,4,1,3,5,5,4,0,5,0,2
125,0,0,1,1,0,1,1,1,1,0,1,1,5,1,0,2,1,3,4,4,4,4,4,0,5,1,0
126,0,1,1,1,0,1,0,1,0,0,0,0,7,2,0,4,4,5,1,2,3,5,0,0,2,0,0
127,0,0,0,1,1,1,1,1,1,0,0,0,8,3,0,1,1,3,3,4,3,5,4,0,3,0,0
128,0,1,1,1,1,1,1,1,0,0,1,0,1,2,1,1,1,1,1,1,1,1,1,1,1,1,1
129,0,1,0,1,0,1,1,1,1,0,1,0,8,2,0,3,2,4,5,3,5,5,4,0,4,0,3
130,0,1,1,1,0,0,0,1,0,0,1,0,1,2,1,5,4,5,3,2,3,5,0,0,5,0,0
131,0,0,1,1,1,1,1,1,1,1,1,0,5,0,0,2,2,1,2,2,2,2,2,3,4,1,1
132,0,1,0,1,1,1,1,1,1,0,1,0,8,2,0,4,2,5,4,5,4,5,4,0,4,0,3
133,0,0,1,1,1,1,1,1,1,0,1,0,4,0,0,1,3,4,4,5,4,5,4,0,4,0,1
134,0,1,1,1,0,0,0,0,1,0,0,0,3,0,0,4,4,3,0,0,0,0,5,0,0,0,0
135,0,1,1,1,1,1,0,1,1,0,0,0,7,0,0,3,4,4,4,4,4,5,4,0,3,0,4
136,0,1,1,1,0,0,1,1,1,1,1,1,3,5,1,4,4,4,4,3,5,3,5,5,4,5,3
137,0,1,1,1,1,1,1,1,0,0,0,0,4,0,0,4,5,4,3,5,3,5,3,0,4,0,3
138,0,0,1,0,0,0,0,0,0,0,0,0,4,0,0,0,3,0,0,0,0,2,0,0,0,0,0
139,0,1,0,1,0,0,0,1,0,0,0,0,8,0,0,4,1,5,0,3,0,4,0,0,0,0,0
140,0,1,1,1,0,0,0,1,0,0,0,0,5,0,0,1,1,1,0,2,0,2,2,0,0,0,0
141,0,1,1,1,1,1,1,1,1,0,1,1,2,5,1,5,3,5,4,3,4,5,5,0,5,3,3
142,0,1,1,1,0,1,1,1,0,0,1,1,5,2,0,3,4,4,5,3,5,5,3,0,5,2,4
143,0,0,1,1,1,1,1,1,0,1,1,1,4,1,0,2,4,3,4,5,4,2,1,4,3,2,4
144,0,1,1,1,0,0,1,1,1,0,1,1,6,0,0,3,2,2,0,0,0,5,2,0,2,4,3
145,0,0,0,1,0,0,0,0,0,0,0,1,7,1,0,0,2,4,0,0,0,4,0,0,0,1,0
146,0,1,0,1,0,0,0,1,1,0,0,0,3,0,0,4,4,4,0,0,0,5,4,0,0,0,0
147,0,1,1,1,0,1,0,1,0,0,1,1,5,3,0,4,4,5,0,3,2,5,0,0,3,1,4
148,0,0,1,1,0,0,0,1,0,0,0,0,5,1,0,0,3,4,0,0,0,3,0,0,0,0,0
149,0,0,0,0,0,0,0,0,0,0,0,0,1,0,0,3,1,3,1,0,1,0,0,0,0,0,0
150,0,0,0,0,1,0,0,1,0,1,0,0,5,1,0,0,0,0,0,0,0,3,0,2,0,0,0
151,0,0,1,1,1,1,1,1,1,0,1,0,6,1,0,5,3,4,4,3,4,4,4,0,4,0,0
152,0,0,1,1,0,0,1,1,1,0,0,0,3,3,1,1,2,3,2,1,3,4,3,0,2,0,2
153,0,0,1,0,1,1,1,1,1,1,0,0,4,3,0,4,5,3,4,4,4,5,3,3,2,0,2
154,0,1,1,1,1,1,0,1,1,0,1,0,5,4,0,4,4,5,4,5,2,4,5,2,5,0,3
155,0,0,1,1,1,1,1,1,0,1,1,1,8,2,0,3,5,1,2,4,1,5,0,5,5,1,3
156,0,1,0,1,0,1,1,1,0,0,0,0,8,1,0,4,4,2,4,2,4,2,0,0,1,0,0
157,0,1,1,1,0,1,0,1,1,1,0,1,4,6,0,5,4,2,3,5,4,3,5,2,4,3,5
158,0,1,1,1,1,1,0,1,1,0,1,1,7,3,0,3,5,4,4,5,2,3,5,0,5,2,5
159,0,1,0,1,1,1,0,1,0,0,1,0,3,2,1,2,4,2,3,4,3,2,4,0,5,0,4
160,0,1,1,1,0,0,0,1,1,0,1,0,3,0,0,4,3,3,0,0,0,4,0,0,0,0,4
161,0,1,0,1,1,1,0,1,0,0,0,0,6,1,0,2,1,4,4,4,2,5,4,0,2,0,1
162,0,1,1,1,0,1,1,1,1,1,1,0,7,1,0,5,2,5,3,3,3,4,4,1,2,0,0
163,0,0,1,1,0,0,0,1,0,0,0,1,6,0,0,2,4,2,1,1,2,4,3,0,2,1,0
164,0,0,0,0,0,0,0,0,0,0,0,0,7,0,0,0,1,1,0,0,0,1,0,0,0,0,0
165,0,1,0,1,0,0,0,1,0,0,0,0,7,3,0,3,4,5,0,1,0,5,1,0,2,0,0
166,1,1,0,1,0,1,1,1,0,0,0,1,5,1,0,4,2,5,0,3,3,5,0,0,0,5,4
167,0,0,1,0,0,0,0,1,0,0,0,0,1,3,1,3,1,2,0,2,0,2,0,0,1,0,0
168,0,0,1,0,0,0,0,0,0,0,0,0,3,0,0,2,2,0,0,0,0,0,0,0,0,0,0
169,0,1,1,0,1,1,1,1,1,0,1,0,4,2,0,4,4,3,4,3,4,5,4,2,3,0,3
170,0,1,0,1,0,1,1,1,0,0,1,0,3,0,0,3,2,4,0,4,4,5,1,0,0,0,0
171,0,0,1,1,1,1,1,1,0,0,1,0,5,0,0,4,4,4,0,3,3,4,1,0,5,0,0
172,0,0,0,1,0,1,1,1,0,0,1,1,5,0,0,3,1,2,2,3,5,3,3,0,5,1,0
173,0,0,0,1,0,0,0,1,0,0,0,1,6,2,0,4,3,5,0,0,0,4,0,0,0,1,0
174,0,1,0,1,0,0,0,1,0,0,1,0,4,0,0,4,1,5,0,0,0,5,0,0,4,0,4
175,0,1,1,1,1,0,1,1,1,0,0,0,5,0,0,3,2,4,4,3,4,4,4,0,2,0,0
176,0,1,1,1,0,0,1,1,0,0,1,0,6,1,0,4,3,4,0,3,4,5,0,2,4,0,4
177,0,1,0,1,1,1,1,1,1,0,1,0,2,3,1,5,5,5,5,5,5,5,5,3,5,0,3
178,0,1,1,1,0,1,1,1,0,0,1,0,6,3,0,3,4,5,3,5,4,5,0,0,2,0,5
179,0,0,1,1,1,1,1,1,1,0,1,0,4,1,0,4,5,4,3,4,3,2,4,0,4,0,3
180,0,1,0,1,0,0,0,1,0,0,1,0,6,0,0,3,2,3,4,0,4,3,4,0,5,0,3
181,1,1,1,1,1,1,1,1,1,1,1,0,0,3,1,5,5,5,5,5,5,5,4,3,5,0,4
182,0,1,0,1,0,0,0,1,0,0,1,0,6,2,0,3,1,2,2,2,2,2,0,1,4,1,4
183,0,0,1,1,1,1,1,1,1,0,1,1,7,3,0,0,5,4,3,3,2,4,4,0,3,4,0
184,0,1,1,1,1,1,1,1,1,0,1,1,8,0,0,5,4,3,3,5,3,4,5,0,5,3,4
185,0,1,1,1,1,1,1,1,1,0,1,0,5,1,0,4,5,4,4,5,4,5,5,0,4,0,4
186,0,1,1,0,1,1,1,1,0,0,1,0,6,2,0,4,5,4,3,4,2,2,3,3,5,4,5
187,0,1,0,0,1,0,0,1,0,0,1,0,6,1,0,4,1,4,0,0,0,4,3,0,4,0,4
188,0,0,1,1,0,1,1,1,1,0,1,0,8,0,0,0,4,5,0,4,5,5,0,0,5,0,0
189,0,1,0,0,1,1,1,1,1,0,0,0,1,0,0,4,5,4,4,2,5,5,4,0,4,0,3
190,0,1,1,1,1,1,1,1,1,0,1,1,5,3,0,4,3,5,4,5,5,5,5,0,5,2,5
191,0,0,0,0,0,0,0,0,0,0,0,1,1,1,0,1,0,0,0,0,0,0,0,0,0,1,0
192,0,0,1,0,0,0,0,1,1,0,0,0,4,0,0,2,3,5,0,0,3,4,2,0,0,0,4
193,0,1,1,0,1,1,1,1,1,1,1,1,4,1,0,4,5,0,0,0,4,3,4,2,5,2,2
194,0,1,0,1,0,0,0,1,0,0,0,0,9,0,0,3,2,4,0,0,0,3,0,0,0,0,0
195,0,0,0,1,0,1,0,1,0,0,0,0,6,0,0,2,2,5,0,1,4,4,0,1,1,0,0
196,0,1,0,0,0,1,0,1,0,0,1,0,2,3,1,5,3,4,4,2,3,2,4,1,5,0,4
197,0,0,0,1,0,0,0,1,0,0,0,0,8,0,0,0,3,3,0,0,0,3,0,3,0,0,0
198,0,0,1,1,1,1,1,1,0,0,1,0,1,3,1,4,5,5,5,5,5,5,5,2,5,0,2
199,0,0,1,1,0,1,1,1,1,0,1,0,5,2,0,3,2,4,4,3,2,5,3,0,4,0,3
200,0,1,1,1,0,1,1,1,1,1,0,1,5,2,0,4,2,4,2,4,5,4,5,4,2,3,2
201,0,0,1,1,0,0,0,1,0,0,0,0,6,0,0,2,1,5,0,0,0,4,0,0,0,0,0
202,0,0,0,1,1,0,1,1,1,1,1,0,1,0,0,4,3,5,0,0,1,1,0,0,5,0,0
203,0,1,1,1,0,1,0,1,1,1,1,0,8,0,0,4,4,3,2,4,3,5,4,3,5,0,4
204,0,1,0,1,0,0,0,1,0,0,0,1,8,0,0,3,0,2,0,0,0,4,0,0,0,1,0
205,0,1,1,1,0,1,1,1,0,0,1,0,6,0,0,4,4,5,3,4,5,5,2,2,4,0,0
206,0,0,1,1,0,1,1,1,1,0,1,0,4,0,0,4,4,5,0,5,4,5,5,4,5,0,5
207,0,1,0,1,1,0,0,1,0,0,1,0,6,0,0,3,1,4,0,0,0,2,0,0,0,0,0
208,0,1,0,0,1,1,1,1,1,0,1,1,0,4,1,5,4,5,4,5,5,4,4,3,5,3,4
209,0,0,0,1,0,1,1,1,0,0,1,0,4,3,0,3,4,5,0,4,4,5,0,2,4,0,0
210,0,1,0,1,0,1,1,1,1,0,1,0,7,0,0,4,3,5,1,4,4,5,4,0,4,0,1
211,0,0,0,0,0,0,0,1,0,0,1,0,3,1,0,2,1,2,0,0,1,5,0,0,5,0,3
212,0,1,1,1,0,1,0,1,1,0,1,0,3,3,1,2,4,5,0,5,5,4,2,0,3,0,4
213,0,1,0,1,0,0,0,1,0,0,0,0,5,2,0,4,3,2,0,0,0,4,1,0,0,0,0
214,0,1,1,1,1,1,1,1,1,0,0,0,4,3,0,4,3,5,5,4,5,5,3,0,0,0,3
215,0,1,0,1,1,1,1,1,1,0,1,0,1,0,0,4,3,4,2,5,2,5,4,0,5,0,4
216,0,1,0,1,1,0,1,1,0,0,1,0,6,2,0,4,2,2,3,2,2,4,2,0,3,0,3
217,0,1,0,1,0,0,0,1,0,0,0,0,5,1,0,3,1,4,0,0,0,3,0,0,0,0,4
218,0,0,1,1,0,0,1,1,0,0,1,0,7,2,0,1,4,5,0,2,5,5,2,0,5,0,3
219,0,1,1,1,1,1,0,0,1,0,1,1,7,1,0,5,4,5,4,3,2,0,4,0,3,2,0
220,0,1,1,1,0,0,0,1,0,0,0,1,5,0,0,3,1,3,0,0,0,3,0,0,0,1,4
221,0,1,0,1,1,0,0,0,0,0,1,0,7,0,0,2,0,2,2,0,0,0,0,0,5,0,0
222,0,1,0,1,0,1,0,1,1,0,1,0,8,1,0,4,2,5,1,5,1,4,4,0,3,0,1
223,0,1,1,1,0,1,1,1,1,1,1,1,3,4,1,5,5,5,0,4,5,5,5,5,5,4,5
224,0,1,1,1,0,1,0,1,0,0,1,0,6,0,0,4,5,4,0,4,0,3,0,0,3,0,4
225,0,0,0,0,0,1,1,1,0,1,0,0,7,4,0,3,5,3,0,2,4,5,0,4,0,0,0
226,0,0,0,1,0,0,0,1,1,0,0,0,6,1,0,4,4,3,0,0,0,4,3,0,0,0,0
227,0,1,1,1,0,0,1,1,0,0,0,0,4,2,0,5,5,4,2,2,3,3,2,1,2,0,1
228,0,1,0,1,0,1,1,0,1,0,1,0,3,1,0,4,3,3,3,3,4,2,5,0,2,0,4
229,0,0,1,1,1,0,1,1,1,0,1,0,4,1,0,3,5,5,4,2,4,4,4,2,5,0,4
230,0,0,1,1,0,1,1,1,0,0,0,1,5,2,0,5,5,5,4,3,4,4,0,0,2,2,2
231,0,0,1,1,0,1,0,1,1,0,1,0,9,0,0,0,4,4,0,4,0,5,5,0,4,0,0
232,0,1,0,1,1,1,0,1,0,0,0,0,0,0,0,5,3,5,0,5,4,4,3,0,4,0,5
233,0,0,0,1,0,0,0,1,0,1,0,0,6,0,0,4,2,5,0,0,0,5,3,4,2,0,3
234,0,0,0,0,0,0,0,0,0,0,0,0,7,0,0,0,0,0,0,0,0,0,0,0,0,0,0
235,0,0,1,0,0,0,0,0,0,0,0,0,8,0,0,1,2,2,0,3,0,3,0,0,0,0,0
236,0,0,1,1,0,0,0,0,0,0,0,0,6,0,0,0,2,2,0,0,0,1,0,0,0,0,0
237,0,1,1,1,0,0,0,1,0,0,0,0,5,1,0,5,4,5,3,3,3,5,2,0,0,0,0
238,0,1,1,1,0,0,1,1,0,0,0,0,2,6,1,4,2,5,0,3,4,5,2,0,2,0,2
239,0,1,0,1,1,1,1,1,1,0,0,0,3,5,1,3,2,5,5,5,5,5,3,0,3,0,3
240,0,0,1,1,0,0,1,0,1,0,1,0,5,3,0,2,3,3,2,5,5,4,5,0,5,0,0
241,0,0,1,0,0,0,0,1,1,0,0,0,8,1,0,4,3,4,4,4,4,5,4,0,4,0,0
242,0,1,1,1,0,1,1,1,0,0,1,0,4,4,0,2,3,3,1,4,4,3,1,0,5,0,3
243,0,0,1,1,0,0,0,1,0,0,0,0,6,0,0,4,2,5,0,2,4,4,0,0,3,0,4
244,0,1,1,1,0,0,0,1,0,0,1,0,0,0,0,5,5,5,0,0,0,5,5,5,5,5,0
245,0,1,1,1,0,1,1,0,0,0,0,0,7,0,0,4,4,4,0,0,5,3,0,0,0,0,0
246,0,0,1,1,0,0,1,1,1,0,0,0,5,0,0,3,2,5,4,3,3,4,4,0,0,0,0
247,0,0,1,1,0,0,0,1,1,0,0,0,5,3,0,0,3,3,0,0,0,3,5,0,0,0,5
248,0,0,0,1,0,0,0,1,0,0,0,0,5,0,0,4,1,1,1,1,1,1,1,0,0,0,0
249,0,0,0,1,1,1,1,1,0,0,0,0,5,0,0,3,3,5,2,3,2,4,0,2,2,0,0
250,0,0,1,1,0,1,1,1,1,0,1,0,3,1,0,5,5,4,0,5,5,4,4,0,4,0,5
251,0,1,1,1,1,1,0,1,1,0,1,0,3,3,1,5,4,5,3,3,2,5,5,3,5,0,4
252,0,0,0,1,1,0,0,0,0,0,0,0,3,0,0,0,1,1,1,1,1,0,1,0,1,0,0
253,0,0,1,1,1,1,1,1,1,0,1,0,4,0,0,4,4,3,4,5,4,4,4,0,4,0,4
254,0,0,1,1,0,0,1,1,1,0,0,0,4,0,0,0,3,5,0,2,5,5,5,0,3,0,0
255,0,0,0,1,0,0,1,1,0,0,1,0,11,0,0,0,2,2,0,0,4,2,1,0,5,0,0
256,0,1,1,1,0,1,0,1,1,1,0,0,2,1,0,5,4,5,2,3,4,5,5,3,4,0,0
257,0,1,1,1,1,1,1,1,1,0,1,0,5,3,0,5,3,5,4,5,3,4,4,0,4,0,0
258,0,1,1,1,1,1,1,1,1,0,1,0,5,2,0,5,5,4,4,4,3,5,3,0,4,0,1
259,0,1,1,1,0,0,1,1,1,0,1,0,6,1,0,3,5,4,3,5,5,4,4,0,5,0,1
260,0,1,1,1,1,0,1,1,1,0,1,0,6,1,0,4,3,5,4,1,5,5,4,1,5,1,0
261,0,1,1,1,1,1,1,1,1,0,0,0,5,1,0,4,3,5,3,3,3,5,5,0,0,0,2
262,0,1,1,1,1,1,1,1,1,0,1,0,5,2,0,4,2,4,4,5,5,5,3,0,4,0,0
263,0,1,1,1,0,0,1,1,1,0,1,0,0,0,0,2,4,4,2,2,5,5,5,0,5,0,0
264,0,0,0,1,0,0,0,0,0,0,0,0,5,0,0,0,0,5,0,0,0,0,0,0,0,0,0
265,0,0,1,1,0,1,0,1,0,0,0,0,8,0,0,2,2,3,0,4,3,4,4,0,2,0,0
266,0,0,0,0,0,1,1,1,1,0,1,1,0,0,0,4,5,4,3,5,3,5,5,3,5,2,3
267,0,0,0,1,0,0,0,0,0,0,0,0,7,1,0,0,3,4,0,0,0,0,0,0,0,0,3
268,0,1,1,1,0,1,0,1,1,1,1,0,6,1,0,4,4,4,2,4,2,5,5,2,4,2,2
269,0,0,1,1,1,1,1,0,1,0,1,0,0,0,0,3,1,3,3,1,0,1,0,0,0,0,5
270,0,1,1,1,0,1,0,1,1,0,1,0,5,0,0,4,3,5,1,4,1,5,4,0,3,0,2
271,0,0,0,1,1,1,0,1,0,0,0,0,4,3,0,0,1,5,4,5,4,5,3,0,4,0,3
272,0,0,1,1,1,1,0,1,1,0,0,0,3,3,1,3,4,4,4,4,2,5,4,0,2,0,3
273,0,0,1,1,0,0,0,1,0,0,0,0,2,2,1,3,2,4,2,1,2,5,3,0,2,0,3
274,1,1,1,1,0,1,0,1,0,0,1,0,4,3,0,4,3,5,0,3,1,2,0,1,0,1,4
275,0,0,1,1,0,1,0,1,0,0,0,0,0,0,0,4,4,5,0,5,0,4,0,0,2,0,0
276,0,1,1,0,1,0,1,1,0,0,1,0,5,2,0,3,4,2,3,0,2,4,0,0,5,0,0
277,0,1,1,1,0,1,1,0,0,0,1,0,0,0,0,4,4,4,3,4,4,4,4,0,4,0,0
278,0,1,1,1,1,1,1,1,1,1,1,1,4,5,0,3,5,4,4,5,2,3,5,3,5,2,3
279,0,1,1,1,1,1,0,1,0,0,1,0,3,1,0,3,5,4,5,3,3,1,2,0,4,0,5
280,0,1,0,1,1,1,1,1,1,0,1,1,5,0,0,3,0,4,4,3,4,5,5,0,5,1,3
281,0,1,1,1,1,0,1,1,1,0,1,1,5,1,0,5,4,5,5,5,5,4,4,2,5,0,3
282,0,1,1,1,0,1,1,1,1,0,1,1,3,3,1,4,3,4,3,5,2,4,4,1,4,4,3
283,0,0,0,1,1,0,1,1,0,0,0,0,4,0,0,4,3,4,5,3,4,5,3,2,4,0,3
284,1,1,1,1,0,0,,1,0,0,0,0,5,2,0,5,4,5,5,4,4,5,0,0,0,0,4
285,0,0,0,1,1,1,0,1,0,0,0,0,2,0,0,4,0,5,0,2,2,5,0,0,0,0,5
286,0,0,1,1,1,1,1,1,0,0,1,0,5,2,0,4,2,4,4,4,4,4,2,2,2,0,3
287,0,0,0,0,0,0,0,1,0,0,0,0,5,1,0,4,2,4,0,0,2,5,0,0,0,0,3
288,1,1,0,1,1,1,1,1,0,0,0,1,6,0,0,4,2,2,2,3,2,5,,0,3,0,0
289,0,0,0,1,0,0,0,1,1,0,1,0,4,0,0,4,3,4,0,0,0,4,2,2,0,0,0
290,0,0,0,1,1,0,0,1,0,0,0,0,5,0,0,2,2,3,0,1,2,2,0,0,1,0,0
291,0,0,0,1,0,0,0,0,0,0,0,1,5,2,0,4,3,5,3,3,4,5,3,0,3,1,3
292,0,1,1,1,1,0,1,1,0,0,0,0,7,0,0,4,4,4,0,0,2,4,0,0,0,0,0
293,0,0,1,1,0,0,0,1,0,0,0,1,3,0,0,3,3,5,2,4,2,4,2,1,3,4,4
294,0,1,1,1,1,0,0,1,0,0,0,0,4,1,0,5,3,5,2,2,1,5,1,0,1,0,3
295,0,0,0,1,1,0,1,1,0,0,0,0,7,0,0,0,0,2,2,0,3,2,0,0,0,0,0
296,0,1,1,1,0,0,0,1,0,0,0,0,8,0,0,3,2,3,0,0,0,4,0,0,0,0,0
297,0,1,0,1,0,0,0,1,0,0,0,0,3,1,0,4,2,4,2,2,3,4,2,0,3,0,2
298,0,0,1,1,1,0,0,0,1,0,1,0,1,0,0,2,4,3,0,4,4,0,4,0,4,0,3
299,0,1,1,1,1,0,0,1,0,0,1,0,4,0,0,3,4,4,3,3,4,5,2,0,4,0,0
300,0,1,1,1,1,1,1,1,0,0,1,0,7,1,0,4,5,4,2,3,4,5,4,0,3,0,0
301,0,0,0,1,1,0,0,1,0,0,0,0,2,3,1,1,1,4,0,0,1,3,0,0,0,0,0
302,0,0,0,1,0,0,0,1,0,0,0,1,6,1,0,3,1,4,0,0,0,4,0,0,0,1,0
303,0,1,1,1,0,1,1,0,1,1,1,1,3,1,0,2,2,3,3,2,2,3,2,4,2,2,3
304,0,0,0,1,1,0,0,0,0,0,0,0,5,0,0,1,1,1,0,1,0,0,0,0,0,0,0
305,0,1,1,1,0,0,1,1,1,0,1,0,5,1,0,2,2,1,0,4,4,5,3,0,3,0,0
306,0,1,1,1,0,1,1,1,0,1,1,1,0,0,0,4,4,3,0,4,4,3,2,5,5,2,3
307,0,1,1,1,1,1,0,0,0,0,0,0,5,1,0,2,4,0,0,2,0,1,0,0,2,0,0
308,0,0,0,1,1,1,1,0,1,0,1,0,6,0,0,2,3,4,5,4,4,3,5,0,4,0,0
309,0,0,1,1,0,1,0,1,0,0,1,1,2,2,1,0,4,4,3,3,2,4,3,0,4,2,2
310,0,1,1,1,1,0,0,1,1,1,1,0,1,2,1,5,5,5,5,5,5,5,3,3,5,0,3
311,0,0,1,1,1,1,1,1,1,0,1,1,0,0,0,4,3,5,5,4,4,4,4,0,5,1,0
312,0,0,1,1,0,0,0,1,1,1,0,0,0,0,0,4,3,4,0,0,0,4,0,0,3,0,3
313,0,1,1,0,1,1,1,1,0,1,1,0,4,2,0,4,3,1,4,5,5,3,0,2,2,0,1
314,0,0,1,1,0,1,1,0,0,1,0,1,4,3,0,5,4,4,4,4,4,4,4,2,3,2,3
315,0,1,0,1,1,1,0,0,1,1,1,1,2,6,1,5,4,5,5,3,5,4,5,4,4,3,5
316,0,1,1,1,0,1,1,0,0,0,1,1,0,3,1,5,5,4,5,5,5,5,5,0,5,5,5
317,0,0,1,0,0,0,0,1,0,0,0,0,4,0,0,0,3,0,2,2,1,4,0,0,0,0,0
318,0,1,1,1,1,0,0,1,1,0,1,1,6,0,0,4,3,5,2,2,0,3,4,0,5,2,3
319,0,1,1,1,0,0,0,1,0,0,0,0,6,0,0,4,2,4,0,0,0,4,0,0,0,0,5
320,0,0,0,0,0,0,0,0,0,0,0,1,6,2,0,2,1,2,0,0,3,3,0,0,0,0,0
321,0,0,0,1,0,0,0,1,1,0,0,1,5,1,0,0,0,3,0,0,0,3,3,0,0,0,0
322,0,1,1,1,0,0,0,1,0,0,0,0,5,0,0,3,2,2,0,2,0,2,0,0,0,0,0
323,0,1,1,1,1,1,1,1,0,0,1,1,5,0,0,4,4,4,5,4,5,4,0,0,5,2,3
324,0,1,1,1,1,1,1,1,1,1,1,1,4,1,0,4,5,5,3,4,4,4,0,4,5,1,0
325,0,1,1,1,0,0,0,1,0,0,0,0,3,3,1,4,5,4,2,1,1,3,1,0,1,0,2
326,0,0,1,1,0,0,1,1,0,0,0,0,4,2,0,3,2,5,0,1,5,4,3,0,1,2,1
327,0,1,0,1,1,1,1,1,1,0,1,0,5,1,0,5,3,5,3,3,5,5,4,0,4,0,1
328,0,0,1,1,0,0,0,1,0,0,0,0,5,1,0,3,2,5,0,0,3,5,0,0,0,0,0
329,0,1,0,1,1,0,0,1,0,0,0,0,3,2,1,4,3,5,2,1,2,5,2,0,2,0,3
330,0,0,1,1,1,0,1,0,1,0,1,1,3,1,0,3,4,3,3,4,5,2,5,0,5,5,5
331,0,0,0,0,0,0,0,0,0,0,0,0,5,0,0,0,2,2,0,0,0,0,0,0,0,0,0
332,0,0,1,0,0,0,0,0,0,0,0,0,6,0,0,2,2,2,1,0,0,1,0,1,0,0,0
333,0,1,0,0,0,1,0,1,1,1,1,0,6,0,0,4,0,4,0,3,0,2,3,0,0,0,2
334,0,1,1,1,0,0,1,1,0,0,1,0,7,1,0,4,3,5,0,0,5,4,3,4,4,0,2
335,0,0,0,1,0,0,1,1,0,1,0,0,0,2,1,0,1,1,2,4,5,3,1,0,3,0,4
336,0,1,1,1,1,1,0,1,0,0,1,0,2,2,1,5,5,4,4,4,5,3,4,0,5,3,4
337,0,1,0,1,1,1,1,1,1,0,1,0,3,7,1,5,4,5,5,4,5,5,4,2,5,0,4
338,0,0,0,0,0,0,0,0,0,0,0,0,5,2,0,0,5,4,5,0,5,0,0,0,0,0,0
339,0,1,1,1,1,1,1,1,1,1,1,1,0,4,1,3,4,4,4,4,5,5,5,5,5,4,5
340,0,1,0,0,1,1,1,1,0,1,1,1,4,2,0,4,4,4,5,5,5,3,4,3,4,2,5
341,0,1,0,1,0,0,1,1,0,0,1,0,4,2,0,3,3,5,2,3,4,4,1,0,5,0,3
342,0,0,1,1,0,1,1,0,1,0,1,0,3,1,0,2,3,5,4,5,5,0,4,0,5,0,4
343,0,1,1,1,1,1,1,1,1,0,1,1,5,1,0,4,2,4,5,5,4,4,3,1,4,1,1
344,0,1,1,1,0,1,1,1,0,0,1,0,7,0,0,3,4,5,0,4,2,5,0,0,5,0,0
345,0,0,0,0,0,0,0,1,0,0,0,0,7,0,0,0,0,0,3,2,0,3,0,0,3,0,0
346,0,0,0,1,0,0,0,1,0,0,0,0,5,1,0,3,1,4,2,2,3,4,1,1,2,0,0
347,0,1,0,0,0,0,0,1,0,0,0,0,5,2,0,3,3,4,0,0,0,4,0,0,0,0,0
348,0,1,1,1,0,0,1,1,0,0,0,0,6,2,0,3,3,5,0,1,3,5,0,0,1,0,4
349,0,1,1,1,1,1,1,1,0,1,1,1,5,3,0,4,3,4,5,5,5,4,2,2,5,2,3
350,0,1,1,1,0,0,0,1,1,0,1,0,3,2,1,2,1,4,0,0,3,4,0,0,0,0,5
351,0,1,1,1,1,1,1,1,1,0,1,0,3,2,1,5,5,5,5,5,5,5,5,3,5,3,5
352,0,1,0,1,0,0,1,1,0,0,0,0,6,1,0,4,5,4,0,3,4,4,0,0,0,0,4
353,0,1,1,1,0,1,1,1,0,1,1,0,7,1,0,4,3,5,0,2,3,4,0,1,4,0,1
354,0,0,0,1,1,1,0,1,0,0,0,0,5,1,0,1,1,4,0,0,0,5,2,0,0,0,3
355,0,1,1,1,0,1,0,1,0,0,0,0,4,1,0,4,5,3,2,4,2,3,0,0,1,1,4
356,0,0,0,0,0,1,0,1,0,1,1,0,0,1,0,3,4,2,1,5,1,4,3,5,5,0,3
357,0,0,1,1,0,1,0,1,0,0,1,0,5,3,0,1,3,3,2,4,2,5,4,0,4,0,3
358,0,0,1,1,0,1,0,1,1,0,1,1,4,2,0,3,4,5,0,4,2,5,4,0,3,4,3
359,0,1,1,1,1,0,1,1,0,0,0,0,6,1,0,5,2,4,0,4,5,4,0,0,4,0,5
360,0,1,1,1,1,1,1,1,1,0,1,0,5,2,0,5,5,5,5,5,5,3,5,0,5,1,5
361,0,0,1,1,1,1,1,1,1,0,1,0,6,0,0,2,4,5,1,5,4,5,3,0,4,0,1
362,0,0,1,1,0,1,0,0,1,0,0,0,7,0,0,1,4,5,3,5,2,1,3,0,1,0,0
363,0,0,1,1,1,1,0,1,0,0,1,0,7,0,0,2,4,4,2,4,0,2,2,0,4,1,0
364,0,1,1,1,1,1,1,1,0,1,1,0,4,1,0,4,4,5,5,5,4,5,3,2,4,0,0
365,0,0,1,1,0,1,1,1,1,0,1,0,6,1,0,3,3,4,2,2,5,4,4,0,5,0,2
366,1,1,1,0,1,,1,0,,,1,0,1,0,0,3,5,3,0,0,3,3,0,0,3,0,4
367,0,0,1,1,1,1,1,1,1,1,1,1,4,0,0,1,2,2,4,3,5,4,4,3,3,5,5
368,0,1,1,1,0,1,0,0,0,0,0,1,4,0,0,4,3,4,1,1,3,4,0,0,0,0,2
369,0,1,1,1,0,0,0,1,0,0,0,1,4,0,0,3,1,4,1,1,1,1,1,0,1,1,0
370,0,1,0,1,1,0,0,1,0,0,0,1,4,1,0,4,2,4,5,3,5,4,3,0,2,2,2
371,0,0,1,1,1,0,0,1,0,1,1,0,4,0,0,4,5,4,3,4,4,5,4,3,5,0,5
372,0,1,1,1,0,1,0,1,1,0,0,0,5,1,0,4,5,5,4,5,2,5,2,1,2,0,5
373,0,1,1,1,0,1,0,1,1,0,0,0,7,0,0,3,4,4,1,3,0,4,5,0,1,0,2
374,0,1,1,1,1,1,1,1,1,0,0,0,0,1,0,5,4,5,5,4,4,5,5,0,2,0,3
375,0,0,1,1,0,1,1,0,1,0,0,0,6,0,0,0,4,3,1,3,5,4,3,0,3,0,0
376,0,0,0,1,0,0,0,1,0,0,0,0,6,2,0,3,2,4,3,3,2,4,2,1,3,0,4
377,0,0,1,1,1,1,0,1,0,1,0,0,3,3,1,3,4,5,3,5,2,3,3,3,2,0,0
378,0,1,1,1,1,1,0,1,1,0,1,1,3,3,1,5,5,4,4,4,3,5,5,2,4,2,5
379,0,0,1,1,1,0,1,1,0,0,0,0,6,1,0,2,3,5,0,0,0,2,0,0,0,0,0
380,1,1,1,1,1,1,0,,1,0,0,1,7,1,0,5,5,5,0,4,3,2,4,0,2,1,0
381,0,0,0,0,0,0,0,0,0,0,0,1,0,3,1,5,1,5,0,0,0,5,0,0,0,1,0
382,0,1,1,0,0,0,1,1,0,0,0,0,3,3,1,2,2,4,2,2,2,4,2,0,1,0,4
383,0,0,1,1,0,1,1,1,0,0,1,0,6,2,0,3,2,5,0,5,4,4,0,0,4,0,0
384,0,1,0,1,0,0,0,1,0,0,0,0,5,0,0,0,0,0,0,0,0,0,0,0,0,0,0
385,1,,1,1,1,1,1,1,1,1,1,1,1,3,1,4,5,5,5,5,5,4,5,3,4,4,5
386,0,0,1,1,0,0,0,1,0,0,0,0,4,0,0,3,2,5,4,1,1,5,2,0,0,0,0
387,0,1,1,0,1,0,1,1,0,0,0,0,1,1,0,3,5,4,3,2,2,4,3,0,5,0,4
388,0,0,1,1,0,1,0,1,0,1,1,1,0,2,1,5,4,3,3,4,4,5,3,5,5,3,2
389,0,1,0,0,1,1,1,1,1,0,1,0,5,2,0,5,3,5,5,4,5,5,5,0,5,0,0
390,0,1,1,1,0,1,0,1,0,0,0,0,5,0,0,4,4,4,0,1,1,4,0,0,0,0,0
391,0,1,0,1,0,0,0,1,0,0,0,0,6,0,0,5,4,5,0,3,3,4,0,0,3,0,0
392,0,0,1,1,1,0,0,1,1,0,1,0,5,0,0,0,4,5,2,1,1,4,4,0,4,0,5
393,0,1,1,1,0,0,1,1,0,0,0,1,5,0,0,4,3,4,0,2,3,5,2,0,1,1,1
394,1,1,1,0,0,,0,1,1,0,1,0,5,1,0,4,2,3,1,2,1,4,5,0,0,0,5
395,0,1,0,1,0,0,0,1,0,0,0,1,4,4,0,4,1,4,1,1,1,4,1,1,1,1,0
396,0,0,1,1,1,1,1,1,1,0,1,1,7,0,0,3,4,5,5,5,5,4,5,3,4,2,3
397,0,0,1,1,0,1,0,1,0,0,0,0,8,1,0,3,3,5,2,0,0,4,0,0,0,0,0
398,0,1,1,1,0,0,0,1,1,0,0,0,5,1,0,4,1,5,4,3,4,5,4,0,3,0,0
399,0,1,1,1,0,0,0,1,1,0,0,1,8,0,0,3,1,3,3,3,3,3,4,1,3,1,2
400,0,0,0,1,0,1,1,1,1,0,1,0,1,3,1,5,3,4,0,4,4,5,3,0,2,0,3
401,0,0,0,1,0,0,0,1,1,0,1,0,4,2,0,4,0,5,2,3,2,5,3,0,4,0,2
402,0,1,1,1,0,1,1,1,0,0,1,0,5,2,0,3,3,4,3,2,5,3,2,2,4,1,3
403,0,0,1,1,0,1,1,0,1,0,1,1,0,1,0,3,4,4,1,2,4,3,3,0,4,2,0
404,0,1,1,1,1,1,1,1,1,0,1,0,3,3,1,3,4,4,4,4,5,4,5,0,5,0,4
405,0,0,1,1,1,1,1,1,0,0,1,0,5,0,0,0,5,5,3,4,3,5,0,0,5,0,0
406,0,1,1,1,0,0,1,1,0,0,0,1,7,1,0,4,4,4,4,2,3,2,4,0,2,1,3
407,0,0,1,1,0,0,0,1,0,0,0,1,6,1,0,2,3,5,0,0,0,4,0,0,0,1,0
408,0,0,1,1,0,0,0,0,1,0,1,0,1,0,0,3,2,4,0,0,0,0,0,0,3,0,5
409,0,0,1,1,0,1,1,1,1,1,1,1,6,3,0,4,4,5,0,4,5,5,2,0,4,3,3
410,0,1,0,1,1,1,1,1,0,0,0,0,6,0,0,2,1,1,1,1,1,2,0,1,2,1,0
411,0,0,1,0,1,1,1,1,1,0,0,0,4,0,0,5,4,2,1,4,4,3,1,4,2,0,2
412,0,0,1,1,1,0,1,1,1,0,1,0,2,1,0,0,5,5,4,2,4,5,5,0,5,0,0
413,1,0,1,1,0,0,1,0,,,1,0,0,0,0,2,2,2,1,1,2,2,0,0,0,0,4
414,0,0,1,1,0,1,1,1,1,0,1,0,7,1,0,5,3,4,4,5,4,5,4,0,3,0,0
415,0,0,1,1,0,0,0,1,1,1,1,0,8,2,0,3,3,5,2,2,2,5,4,3,2,0,3
416,0,1,1,0,0,0,0,1,0,0,0,0,5,0,0,1,4,0,2,2,2,4,0,5,0,0,0
417,0,0,1,0,1,1,1,0,1,0,1,0,2,3,1,3,3,2,3,4,4,2,4,0,3,2,2
418,0,0,1,0,0,0,1,1,0,0,0,1,5,0,0,5,3,2,1,1,5,5,0,0,0,1,0
419,1,0,1,1,0,0,0,1,0,,0,0,6,0,0,4,4,4,0,3,0,4,0,0,0,0,0
420,0,1,1,1,1,1,1,1,1,1,1,1,2,3,1,4,4,4,3,2,2,3,4,2,4,2,4
421,0,1,0,1,0,1,1,1,1,0,1,0,5,2,0,4,2,5,2,5,3,4,5,1,4,4,2
422,0,1,0,1,1,1,0,1,1,0,1,0,8,0,0,3,1,4,1,2,4,4,2,5,1,0,0
423,0,0,0,1,0,0,0,1,0,0,0,0,7,1,0,3,1,4,0,0,0,4,0,0,0,0,0
424,0,1,1,1,1,1,1,1,1,1,1,1,1,7,1,5,4,4,3,4,3,4,5,5,5,5,3
425,0,0,1,1,0,1,0,1,0,0,1,0,4,0,0,5,1,3,5,5,4,4,4,1,1,1,1
426,0,0,0,1,0,0,0,1,0,0,1,0,5,1,0,4,2,5,0,0,0,4,0,0,5,0,5
427,0,0,1,1,0,0,0,1,0,0,0,1,6,1,0,2,2,2,0,0,0,2,0,0,0,1,5
428,0,0,0,1,1,1,0,1,1,0,1,0,4,0,0,2,4,5,4,5,1,4,3,0,0,1,0
429,0,1,1,1,0,1,1,1,1,0,1,1,4,2,0,2,4,5,2,3,2,3,2,3,1,1,0
430,0,0,1,1,0,0,0,0,0,0,0,0,5,1,0,1,1,1,0,0,0,0,0,0,0,0,0
431,0,0,0,0,0,0,0,0,0,0,0,0,5,3,0,3,2,4,3,3,2,4,4,0,3,0,3
432,0,1,1,1,1,1,1,1,1,0,0,0,6,0,0,4,3,5,3,4,4,5,4,0,4,0,0
433,0,1,1,1,1,1,0,1,1,0,1,0,6,0,0,3,2,4,2,2,2,0,3,2,3,0,5
434,0,1,1,1,0,1,0,1,1,0,1,0,3,0,0,5,4,5,0,3,1,5,4,0,4,0,0
435,0,1,1,1,0,1,0,1,0,0,0,0,6,1,0,4,4,2,4,2,2,2,4,0,4,0,0
436,0,1,0,1,1,1,1,1,1,0,1,0,4,1,0,4,2,4,5,4,5,3,4,0,4,0,3
437,0,1,1,1,1,1,1,1,0,0,1,0,4,2,0,5,5,4,3,3,4,4,3,2,4,0,3
438,0,0,0,1,1,1,0,1,0,0,0,1,6,1,0,4,2,5,0,5,0,5,2,0,2,4,3
439,0,1,1,1,1,1,0,1,1,0,1,0,3,4,1,3,2,5,3,4,1,5,3,0,4,0,1
440,0,1,0,1,0,1,0,1,0,0,1,0,1,0,0,5,2,5,3,4,2,5,0,0,3,0,0
441,0,0,1,1,0,0,0,1,0,0,0,1,9,1,0,3,1,4,3,0,1,4,2,1,0,1,0
442,0,1,1,1,1,0,0,1,0,0,0,1,5,1,0,5,4,4,2,0,3,5,1,0,0,1,0
443,0,1,1,1,0,1,1,0,1,0,1,0,3,1,0,3,5,5,1,3,5,5,1,0,5,0,0
444,0,0,1,1,1,0,0,0,0,0,0,1,5,1,0,3,3,5,0,3,4,4,3,0,4,0,0
445,0,0,1,1,0,1,1,0,1,0,0,1,0,0,0,0,4,4,4,3,5,4,0,0,3,1,0
446,0,1,1,1,1,1,1,1,0,0,1,0,6,1,0,2,2,4,3,3,4,4,3,4,4,0,0
447,0,0,0,1,1,1,0,1,1,0,1,0,1,3,1,4,0,5,0,0,4,0,4,4,4,0,4
448,1,1,1,0,,0,0,0,1,0,0,0,5,0,0,5,5,1,0,3,3,3,5,0,0,0,0
449,0,0,1,1,1,0,0,0,0,0,0,1,6,1,0,0,3,5,0,0,0,4,1,1,1,3,1
450,0,0,1,1,0,0,1,1,0,1,1,1,5,4,0,3,5,5,0,3,4,4,3,0,4,1,3
451,0,1,1,1,0,0,1,1,1,0,0,1,6,2,0,4,5,5,2,3,2,5,4,2,1,1,1
452,0,1,1,1,1,1,1,1,1,1,1,1,4,3,0,5,4,5,5,4,4,4,4,3,5,5,4
464,0,0,1,1,1,1,1,1,1,1,1,1,4,4,0,4,4,5,5,3,5,5,5,3,4,3,3
465,1,1,1,1,0,0,0,0,1,0,1,0,0,0,0,4,2,5,4,0,0,0,0,0,0,0,3
466,0,1,0,1,0,0,0,1,0,0,0,0,6,0,0,4,3,5,1,2,1,4,0,0,0,0,2
467,1,,0,0,0,0,0,0,0,0,0,0,5,4,0,0,0,3,0,0,0,3,0,0,0,0,0
468,0,0,0,0,0,0,0,0,0,0,0,0,6,0,0,0,1,3,0,0,3,3,0,0,0,0,4
469,0,1,1,1,1,0,0,1,1,0,0,0,4,2,0,5,4,5,2,0,0,4,5,0,3,0,0
470,0,0,0,1,0,0,0,1,0,0,0,1,6,1,0,2,1,5,2,3,4,5,4,0,2,1,5
471,0,0,0,0,1,1,1,0,1,1,0,1,2,0,0,2,4,1,1,3,3,3,4,4,3,1,3
472,0,0,1,1,0,0,1,1,1,0,0,0,4,3,0,0,3,2,0,2,5,3,5,0,1,0,2
473,0,1,1,1,1,1,0,1,0,0,1,0,5,0,0,4,4,4,4,5,3,5,0,0,4,0,0
475,1,0,1,1,,1,1,1,1,1,1,0,5,2,0,3,5,4,0,5,4,5,3,4,5,0,3
476,0,1,1,1,0,1,0,1,1,0,1,0,5,3,0,5,4,5,0,5,0,5,4,0,5,0,3
477,0,0,1,1,0,0,1,1,0,0,1,1,4,0,0,1,3,3,3,2,4,4,4,4,4,4,2
478,0,1,1,0,0,0,0,1,0,1,0,0,5,1,0,4,3,4,0,0,0,5,0,0,0,0,5
479,0,0,1,1,0,1,0,1,0,0,0,0,8,1,0,2,3,4,0,3,4,3,1,0,2,1,1
480,0,0,1,1,0,1,1,1,0,0,1,0,5,4,0,4,2,5,0,1,1,5,2,0,3,0,4
481,1,1,1,1,0,0,0,1,0,0,0,1,7,0,0,4,2,4,0,0,0,4,0,0,0,1,0
482,0,1,1,1,0,0,0,1,0,0,0,0,5,0,0,3,4,4,0,0,4,4,0,3,0,0,0
483,0,0,1,1,0,0,0,1,0,0,0,1,7,2,0,4,3,4,2,1,2,5,3,0,2,0,3
484,0,1,1,1,1,1,1,1,1,0,1,0,4,2,0,4,3,4,4,4,4,4,5,0,4,0,3
485,0,1,1,1,0,0,0,1,0,0,0,0,8,0,0,5,3,5,4,4,4,5,4,0,5,0,0
486,0,0,1,0,0,0,1,0,0,0,0,1,5,0,0,0,3,0,0,0,0,0,0,0,0,1,0
488,0,1,1,1,0,0,1,1,0,0,1,1,7,0,0,3,3,4,0,0,4,3,4,0,5,2,0
490,0,1,0,1,1,1,0,1,1,0,1,0,5,1,0,4,2,5,3,3,0,4,4,0,4,0,3
491,0,0,0,1,1,1,1,1,1,0,1,0,6,1,0,0,1,4,4,4,4,4,4,0,4,0,0
492,0,0,1,1,1,1,1,1,1,0,1,1,2,1,0,3,3,4,4,5,3,4,4,0,2,4,3
493,0,0,1,1,0,0,1,0,1,0,0,0,5,0,0,3,1,5,2,2,3,2,0,0,0,0,0
494,0,1,1,1,0,1,1,1,1,0,0,0,6,1,0,4,4,5,3,4,3,3,4,2,4,0,3
495,0,1,1,1,0,1,1,1,0,0,0,1,4,0,0,5,5,5,4,4,3,4,0,2,4,3,3
496,0,0,0,1,1,0,0,1,0,0,0,0,4,2,0,0,4,4,0,0,0,0,0,3,4,0,4
497,0,0,0,0,0,0,0,0,0,0,0,1,7,1,0,4,1,3,1,1,1,1,1,1,1,1,3
498,0,0,0,0,0,0,0,0,0,0,0,1,0,0,0,0,0,0,0,0,0,0,0,0,0,0,0
499,0,0,0,1,0,0,0,1,0,0,1,0,6,0,0,2,0,5,1,2,1,4,2,0,4,0,1
500,0,0,1,1,0,0,0,1,1,0,1,0,7,0,0,0,3,5,3,2,2,4,4,0,5,0,4
501,0,1,1,1,0,0,0,1,0,0,0,1,7,0,0,4,3,5,0,3,3,5,0,0,4,0,4
502,0,1,1,1,1,1,1,1,1,0,1,0,7,1,0,3,4,5,4,5,5,5,4,2,5,2,1
503,0,1,1,1,0,0,0,1,0,0,0,0,3,0,0,5,4,3,2,2,3,4,2,0,3,0,5
504,0,1,1,1,0,1,0,1,0,0,1,0,4,0,0,3,2,3,3,3,4,3,4,0,0,0,4
505,0,1,1,1,0,0,0,1,0,0,0,0,5,0,0,4,2,4,0,0,0,4,0,0,0,0,0
506,0,1,1,1,0,1,1,1,0,0,1,0,8,1,0,2,4,5,0,3,4,3,2,0,5,0,3
507,0,1,1,1,1,1,1,1,1,0,1,0,4,2,0,4,1,4,5,5,5,5,5,0,3,0,5
508,0,1,1,1,0,0,0,1,0,0,0,0,8,0,0,4,4,5,0,5,5,5,5,0,4,0,0
509,0,1,0,1,1,0,0,1,0,0,0,1,5,0,0,4,0,4,2,1,3,5,0,0,2,1,0
510,0,0,1,1,1,1,0,1,1,1,0,0,5,3,0,2,5,4,4,4,0,4,1,4,1,0,0
511,0,0,1,1,1,1,1,1,1,0,1,1,3,3,1,0,4,4,5,5,5,5,4,0,5,4,4
512,0,1,1,1,0,0,0,1,0,0,1,0,1,0,0,4,4,4,0,0,0,4,0,0,3,0,5
513,0,0,0,0,1,0,1,0,0,0,0,0,8,0,0,0,0,2,0,0,0,0,0,0,0,0,0
514,0,1,1,1,1,1,1,1,1,0,1,0,1,0,0,4,5,5,5,5,4,5,5,0,4,0,0
515,0,1,0,1,1,1,1,0,1,0,1,0,3,2,1,5,2,4,5,4,4,5,4,2,4,0,3
516,0,0,1,1,1,1,1,1,1,0,1,0,2,0,0,4,0,5,4,0,4,1,0,0,5,0,0
517,0,0,1,1,0,0,0,1,0,0,0,0,8,1,0,3,4,4,3,4,2,4,5,0,0,0,0
518,0,0,0,1,0,0,0,1,1,0,0,0,6,1,0,2,2,5,2,3,3,5,3,0,2,0,2
519,0,0,0,1,1,0,1,1,0,0,1,0,5,2,0,3,0,5,0,0,4,3,0,0,5,0,4
520,0,0,1,1,0,0,0,1,0,0,0,0,7,1,0,2,4,3,0,0,0,4,0,0,0,0,0
521,0,0,1,1,1,0,0,1,0,0,0,0,6,1,0,3,1,4,3,0,4,5,3,0,4,0,4
522,0,0,1,1,0,1,1,1,0,1,1,0,2,2,1,2,3,5,1,3,1,5,1,1,0,0,4
523,0,1,1,1,1,1,1,1,1,0,1,0,5,2,0,5,4,5,4,5,4,4,4,0,4,0,4
524,0,1,1,1,0,1,0,1,1,0,0,0,8,1,0,4,3,4,3,5,2,4,4,0,3,0,0
525,0,0,1,1,0,1,0,1,0,0,0,1,6,2,0,3,4,5,0,2,0,2,2,0,0,1,0
526,0,1,1,1,0,1,0,1,0,0,1,0,7,1,0,3,4,4,2,4,2,2,2,0,5,0,0
527,0,1,1,1,1,0,0,0,0,0,0,0,7,0,0,3,2,2,3,0,0,2,2,0,0,0,0
528,0,0,1,0,0,0,1,1,0,1,0,0,4,2,0,2,1,4,0,3,4,4,0,1,3,0,2
529,0,1,1,1,0,1,1,1,1,0,1,1,8,0,0,3,2,4,4,5,5,3,5,0,5,2,3
530,0,1,1,1,1,1,1,1,0,0,1,0,7,1,0,4,2,4,3,4,3,4,1,0,4,0,0
531,0,1,1,1,0,1,1,1,1,1,1,1,2,7,1,3,4,5,2,5,5,5,5,3,4,5,4
532,0,1,1,1,0,0,1,1,1,0,1,0,8,1,0,3,2,3,2,4,3,4,4,0,5,0,0
533,0,0,1,1,0,1,0,1,0,1,0,0,6,1,0,3,4,5,5,4,4,5,4,0,4,0,3
534,0,1,1,1,1,1,1,1,0,0,1,1,3,1,0,5,5,5,2,3,4,4,1,2,4,4,5
535,0,1,1,1,1,0,0,1,0,1,1,0,5,1,0,4,5,4,3,2,3,5,1,5,5,0,5
536,0,0,0,1,1,0,0,0,0,0,0,0,6,1,0,0,2,3,0,0,0,4,0,0,1,0,0
537,0,0,0,1,0,0,0,1,0,0,0,0,4,0,0,5,2,4,2,2,4,4,5,1,4,0,0
538,0,0,1,1,1,0,1,0,1,0,0,0,5,0,0,4,4,5,5,3,5,2,5,0,5,0,5
539,0,0,1,0,1,0,0,1,0,0,0,0,0,0,0,3,3,5,0,4,0,4,0,0,3,0,0
540,0,0,1,1,0,0,0,1,0,0,1,0,3,1,0,0,2,5,0,0,3,5,3,0,5,0,3
541,0,1,0,1,0,0,1,1,0,0,1,0,5,1,0,4,2,4,1,2,5,5,3,0,3,0,4
542,0,0,0,0,0,0,0,0,0,0,0,0,8,0,0,2,2,4,0,0,0,0,0,0,0,0,0
543,0,1,0,1,1,1,0,1,1,0,0,1,4,2,0,4,5,5,2,5,2,5,5,0,2,4,3
544,0,0,1,0,0,1,1,1,1,0,0,1,3,0,0,4,4,0,3,3,3,5,4,0,2,2,3
545,0,1,0,1,1,1,1,1,1,0,1,0,7,2,0,4,2,5,5,5,5,5,5,0,5,0,4
546,0,0,1,1,0,1,0,1,1,0,1,0,1,1,0,3,4,5,4,5,4,3,0,0,0,0,4
547,0,0,1,1,0,0,0,1,0,0,0,0,7,0,0,2,2,4,0,0,0,4,0,0,0,0,0
548,0,1,0,1,0,0,1,1,1,1,1,0,7,1,0,3,2,5,0,1,4,5,5,1,5,0,2
549,0,1,1,1,1,1,1,1,1,1,1,1,4,4,0,5,4,5,3,5,4,5,4,2,3,4,3
550,0,1,0,1,0,0,0,0,0,0,1,0,5,0,0,4,4,5,0,3,4,4,0,0,5,0,0
551,0,1,1,1,1,1,1,1,1,0,1,1,5,1,0,3,2,4,4,5,5,5,5,3,5,1,1
552,0,1,1,1,1,1,1,1,1,0,1,0,5,3,0,5,3,5,5,5,5,5,5,4,5,0,3
553,0,1,1,1,0,1,1,1,1,0,0,1,5,1,0,4,1,5,0,5,4,5,5,0,0,2,0
554,0,1,1,1,0,1,1,1,1,0,1,0,4,1,0,3,4,4,4,4,3,3,5,0,5,0,4
555,0,0,1,1,0,1,1,1,1,0,1,0,5,0,0,3,2,4,2,4,4,4,3,0,5,0,2
556,0,1,1,1,0,1,0,1,0,0,0,0,3,3,1,4,4,5,3,3,3,5,2,0,0,0,0
557,0,0,1,1,1,0,1,1,1,0,1,0,6,1,0,3,4,4,2,2,4,4,3,0,5,0,4
558,0,0,0,1,0,0,0,0,0,0,0,0,6,0,0,1,1,2,0,0,0,0,0,0,0,0,0
559,1,0,0,1,0,0,0,0,0,0,0,0,6,0,0,,2,4,3,0,0,3,0,0,0,0,0
560,0,1,1,1,1,1,0,1,1,0,1,0,0,2,1,5,5,4,3,3,2,5,0,0,3,0,0
561,0,0,1,1,0,1,1,1,1,0,1,0,8,0,0,3,3,4,3,3,2,5,3,0,3,0,0
562,0,1,0,1,0,0,0,0,0,0,0,0,5,1,0,4,3,4,3,2,2,2,2,0,2,0,0
563,0,0,0,1,0,0,0,1,0,0,0,0,7,0,0,4,3,5,2,2,3,5,3,0,4,0,0
564,0,0,1,1,0,0,1,1,1,0,0,0,7,2,0,4,5,5,5,5,4,5,5,3,5,0,0
565,0,1,1,1,1,1,0,1,1,0,1,0,3,2,1,4,3,5,5,5,2,5,4,2,4,0,0
566,0,0,1,1,0,1,1,1,1,1,1,1,2,4,1,4,5,5,2,3,5,4,3,3,4,4,3
567,0,1,1,1,1,0,0,1,1,0,1,0,7,0,0,4,3,5,2,2,0,5,3,0,3,0,0
568,0,0,0,0,0,0,0,0,0,0,0,0,4,0,0,2,1,2,0,0,1,4,0,0,0,0,0
569,0,1,0,1,0,0,0,1,0,0,0,1,1,3,1,4,2,5,2,2,2,4,1,2,2,1,3
571,0,0,0,1,0,1,0,1,0,0,0,0,8,1,0,3,0,5,1,3,2,5,0,0,0,0,0
572,0,1,1,1,0,0,1,1,1,0,1,0,6,1,0,5,4,4,3,3,5,5,5,0,5,0,0
573,0,1,1,1,0,0,0,0,0,0,0,0,8,0,0,2,4,4,0,0,0,3,0,0,3,0,0
574,0,0,1,1,1,1,0,1,0,0,0,0,9,0,0,5,1,5,0,0,0,5,0,0,0,0,0
575,0,1,1,1,1,0,1,1,1,0,0,0,6,2,0,4,4,5,5,3,5,5,4,5,2,0,3
576,0,0,1,1,1,1,0,1,1,0,1,0,7,0,0,5,2,5,4,4,2,5,4,0,5,0,0
577,0,0,0,1,0,0,0,1,1,1,1,0,0,0,0,3,0,5,1,2,1,5,4,5,4,5,3
578,0,1,1,1,0,1,0,1,0,0,1,0,5,2,0,4,4,5,3,4,1,5,1,0,4,0,4
579,0,1,0,1,0,1,1,1,1,0,0,0,7,0,0,3,3,4,2,2,5,4,5,0,4,0,3
580,0,1,1,1,1,1,0,1,0,0,0,0,7,0,0,3,3,3,3,2,3,2,0,0,0,0,0
581,0,0,1,1,0,1,0,0,0,0,0,0,7,2,0,0,3,5,1,2,2,2,1,1,1,1,1
582,0,0,0,1,1,1,0,1,1,0,1,1,9,0,0,2,1,4,4,3,2,4,4,3,3,1,1
583,0,1,1,1,0,0,0,1,1,0,0,1,1,0,0,5,3,5,0,4,3,5,4,0,4,1,0
584,0,1,1,1,1,1,0,0,0,0,1,0,6,0,0,5,5,5,3,2,3,4,5,0,4,0,3
585,0,0,1,1,1,0,1,1,1,0,0,0,1,0,0,0,5,3,0,1,3,0,0,0,0,0,0
586,0,0,0,1,1,1,1,0,1,0,1,0,2,3,1,2,3,5,4,3,3,3,5,0,3,0,4
587,0,1,1,0,1,0,1,1,0,0,0,0,3,0,0,4,2,5,5,1,4,4,2,0,3,0,0
588,0,0,0,1,0,0,0,1,0,0,0,0,7,2,0,0,4,5,0,2,3,5,3,0,3,0,4
589,0,0,1,0,0,0,0,1,0,0,0,0,8,2,0,0,3,4,4,2,4,3,4,0,4,0,0
590,0,1,1,1,1,0,1,1,1,1,1,0,7,0,0,5,5,5,4,3,4,5,3,4,5,0,0
591,0,0,1,0,0,0,0,1,0,0,0,0,8,0,0,0,4,0,0,0,0,2,0,0,0,0,0
592,0,0,0,1,1,1,0,1,0,0,0,0,8,1,0,4,2,3,3,5,2,3,3,0,4,0,0
593,0,1,0,1,0,0,0,1,1,0,1,0,5,0,0,4,3,5,0,4,5,5,5,0,4,0,2
594,0,0,1,1,0,1,0,1,0,0,0,0,5,0,0,4,3,4,0,5,0,5,0,0,0,0,0
595,0,0,1,1,1,0,0,0,0,0,0,1,8,0,0,4,5,4,4,0,0,0,0,0,0,4,0
596,0,0,1,1,1,1,1,1,1,0,1,0,4,1,0,3,2,5,4,3,5,5,5,0,5,0,0
597,0,1,0,1,0,0,0,1,0,0,0,0,8,0,0,2,1,2,0,0,0,4,0,0,0,0,0
598,0,1,1,1,1,1,1,1,1,0,1,0,2,1,0,5,4,4,4,5,4,5,5,0,4,0,3
599,0,0,1,1,1,0,0,0,0,0,0,1,8,1,0,0,3,5,2,0,0,0,0,0,0,1,5
600,0,1,1,1,0,1,0,1,1,0,1,0,4,3,0,4,3,3,4,5,2,5,5,0,5,0,4
601,0,0,1,1,1,1,1,1,0,0,1,0,7,1,0,4,4,5,3,0,3,5,1,0,3,0,0
602,0,1,1,1,0,0,0,1,0,0,1,0,10,1,0,4,5,5,0,4,0,5,0,2,2,0,3
603,0,0,0,1,0,0,1,1,0,0,0,1,4,3,0,4,2,5,5,4,5,5,2,3,5,1,2
604,0,0,0,1,1,0,1,1,0,0,0,0,4,3,0,3,1,5,0,1,2,5,2,0,0,0,0
605,0,1,1,0,1,1,1,1,0,1,0,0,5,1,0,4,5,3,2,3,5,5,3,2,0,0,0
606,0,1,1,1,0,1,1,1,0,0,1,0,3,0,0,5,5,4,3,4,4,3,1,2,4,0,3
607,0,1,0,0,0,0,0,0,0,0,0,1,0,0,0,3,1,2,0,0,0,2,0,1,0,1,0
608,0,1,0,1,1,0,0,1,1,0,0,1,8,1,0,2,1,3,0,0,0,4,3,0,0,1,5
609,0,1,1,1,0,0,0,1,0,0,0,1,7,0,0,4,4,5,3,4,4,4,2,2,4,3,2
610,0,0,0,1,0,1,1,1,1,0,0,0,6,1,0,1,2,5,0,5,5,4,4,0,4,0,0
611,0,0,1,1,0,0,0,1,0,0,0,0,6,1,0,0,3,4,1,0,1,3,1,0,0,0,0
612,0,1,0,1,0,1,0,1,0,0,1,0,6,0,0,4,4,3,0,3,0,2,0,0,4,0,0
613,0,1,1,1,1,1,0,1,1,0,1,1,2,4,1,5,5,5,2,5,2,5,5,2,5,4,5
614,0,1,1,1,0,0,0,1,0,0,1,0,5,3,0,5,4,5,0,5,5,5,0,0,5,0,5
615,0,1,0,1,0,1,0,1,1,0,1,0,6,1,0,4,0,5,2,3,5,2,5,0,4,0,3
616,0,1,1,1,0,1,0,1,1,0,0,0,6,2,0,4,2,4,4,3,1,4,5,0,5,0,2
617,0,1,1,1,0,0,0,1,1,0,1,0,9,1,0,5,4,5,4,2,3,4,3,0,4,0,3
