Participantno,Total_Pain_Responses,Intensity,Regularity_of_experience_in_everyday_lfe,Localised_minus_general_response,Sensory_minus_affective_adjectives,VPQ_groups,SWASH_objective_score,SWASH_subjective_score,Quartiles_by_subjective_SWASH
1,11,4.31,7,1,-3,1,10,4.29,4
2,10,4.13,8,2,15,3,9,4.19,4
3,9,2.50,2,-7,-11,2,6,3.90,4
4,5,0.94,2,5,9,3,8,3.67,4
5,9,3.63,9,3,13,3,9,3.60,4
6,4,0.44,2,4,5,1,8,3.57,4
7,8,4.06,8,8,-19,2,6,3.50,4
8,3,0.94,8,1,3,1,8,3.45,4
9,12,4.00,7,4,3,1,9,3.43,4
10,0,0.00,5,0,0,1,7,3.38,4
11,0,0.00,5,0,0,1,7,3.35,4
12,11,1.69,8,-3,-1,1,7,3.34,4
13,11,2.38,8,-1,10,3,7,3.30,4
14,9,4.44,7,3,-10,2,6,3.30,4
15,1,0.31,5,1,2,1,6,3.30,4
16,10,2.13,7,-6,-2,1,8,3.30,4
17,3,1.31,4,-3,2,1,5,3.25,4
18,11,3.06,8,9,18,3,6,3.23,4
19,0,0.00,0,0,0,1,5,3.17,4
20,7,1.75,3,-5,5,1,6,3.17,4
21,2,0.38,6,2,3,1,4,3.15,4
22,5,1.56,5,1,8,3,6,3.10,4
23,8,0.81,6,8,-8,1,4,3.10,4
24,5,1.31,2,1,9,3,4,3.07,4
25,4,1.06,7,-2,-9,2,7,3.05,4
26,9,2.56,7,5,16,3,6,2.97,4
27,1,0.06,5,-1,0,1,8,2.95,4
28,7,0.50,4,2,2,1,6,2.95,4
29,0,0.00,0,0,0,1,8,2.94,4
30,8,3.63,5,-8,-2,1,6,2.90,4
31,3,0.44,1,3,4,1,7,2.90,4
32,6,0.94,3,-2,6,1,5,2.90,4
33,2,0.31,0,0,2,1,8,2.87,4
34,7,1.56,7,7,5,1,4,2.85,4
35,9,2.31,0,5,9,3,6,2.85,4
36,10,4.75,8,2,10,3,3,2.80,4
37,9,4.56,5,-5,-4,1,7,2.80,4
38,0,0.00,5,0,0,1,6,2.80,4
39,2,0.38,3,2,1,1,6,2.78,4
40,10,5.38,7,10,6,3,5,2.77,4
41,7,2.75,8,-5,-1,1,5,2.75,4
42,0,0.00,5,0,0,1,7,2.74,4
43,5,0.38,0,5,5,1,5,2.70,4
44,0,0.00,5,0,0,1,5,2.70,4
45,1,0.06,0,-1,0,1,7,2.68,4
46,8,2.00,5,-2,-3,1,5,2.65,4
47,9,2.69,4,1,3,1,3,2.65,4
48,4,1.44,2,4,8,3,7,2.65,4
49,2,0.63,3,-2,3,1,6,2.65,4
50,0,0.00,5,0,0,1,6,2.65,4
51,10,4.06,8,-10,-18,2,6,2.63,4
52,0,0.00,1,0,0,1,8,2.60,4
53,3,0.75,5,1,3,1,7,2.60,4
54,3,0.69,3,-1,4,1,6,2.60,4
55,3,0.69,1,3,4,1,4,2.57,4
56,0,0.00,0,0,0,1,6,2.55,4
57,12,2.63,7,2,17,3,6,2.55,4
58,2,0.69,5,-2,2,1,4,2.55,4
59,5,0.81,7,3,-11,2,6,2.54,4
60,6,1.00,3,6,12,3,5,2.54,4
61,0,0.00,0,0,0,1,3,2.52,4
62,4,0.88,5,4,3,1,5,2.50,4
63,0,0.00,5,0,0,1,5,2.50,4
64,11,4.19,6,-3,16,3,4,2.50,4
65,10,4.31,5,-10,-29,2,4,2.50,4
66,9,2.81,1,-9,26,3,7,2.48,4
67,0,0.00,1,0,0,1,4,2.47,4
68,8,1.44,0,2,-5,1,5,2.45,4
69,2,0.19,5,0,3,1,3,2.45,4
70,4,0.38,5,0,5,1,7,2.45,4
71,11,3.56,8,9,25,3,6,2.40,4
72,0,0.00,5,0,0,1,5,2.40,4
73,9,4.13,4,3,14,3,6,2.40,4
74,11,3.44,8,7,20,3,6,2.40,4
75,4,0.56,0,0,4,1,5,2.39,4
76,10,4.69,7,6,2,1,5,2.38,4
77,0,0.00,5,0,0,1,6,2.35,4
78,0,0.00,2,0,0,1,5,2.35,4
79,0,0.00,5,0,0,1,5,2.33,4
80,12,3.31,5,4,-6,1,5,2.32,4
81,12,3.31,5,4,-6,1,5,2.32,4
82,1,0.31,2,1,1,1,6,2.30,4
83,8,1.81,3,-2,-4,1,5,2.30,4
84,4,0.63,2,4,4,1,5,2.30,4
85,7,0.69,1,7,14,3,7,2.30,4
86,10,2.69,7,10,4,1,5,2.30,4
87,8,1.63,0,-2,4,1,2,2.29,4
88,1,0.25,2,1,1,1,7,2.28,4
89,5,1.31,7,1,1,1,6,2.25,4
90,1,0.06,5,1,1,1,6,2.25,4
91,0,0.00,1,0,0,1,5,2.25,4
92,14,7.25,4,0,31,3,3,2.25,4
93,11,1.19,2,11,22,3,6,2.25,4
94,0,0.00,1,0,0,1,5,2.25,4
95,8,3.50,6,6,7,3,1,2.25,4
96,1,0.13,1,1,1,1,4,2.25,4
97,0,0.00,1,0,0,1,6,2.25,4
98,6,1.13,7,1,7,1,5,2.25,4
99,0,0.00,5,0,0,1,7,2.24,4
100,0,0.00,5,0,0,1,6,2.24,4
101,0,0.00,0,0,0,1,5,2.22,4
102,0,0.00,5,0,0,1,4,2.20,3
103,3,0.50,3,3,2,1,5,2.20,3
104,8,2.38,5,-8,-18,2,5,2.20,3
105,0,0.00,5,0,0,1,4,2.18,3
106,7,1.00,0,-3,2,1,7,2.12,3
107,3,1.31,0,1,4,1,5,2.10,3
108,2,0.81,1,-2,-9,2,6,2.10,3
109,3,0.56,3,1,-9,2,4,2.10,3
110,0,0.00,6,0,0,1,3,2.10,3
111,4,0.94,7,-2,4,1,7,2.10,3
112,9,3.56,7,-3,17,3,6,2.10,3
113,6,1.00,2,4,-1,1,5,2.10,3
114,8,1.00,7,6,-3,1,2,2.10,3
115,0,0.00,5,0,0,1,4,2.10,3
116,10,5.50,1,0,44,3,3,2.07,3
117,2,0.19,5,0,-3,1,4,2.07,3
118,0,0.00,5,0,0,1,5,2.05,3
119,0,0.00,0,0,0,1,5,2.05,3
120,7,2.25,9,5,4,1,5,2.05,3
121,4,2.06,9,4,4,1,4,2.05,3
122,3,0.56,2,-3,2,1,6,2.05,3
123,8,1.00,6,-8,1,1,3,2.05,3
124,6,0.44,1,-4,-5,1,7,2.05,3
125,0,0.00,5,0,0,1,5,2.00,3
126,6,1.56,6,-4,7,1,4,2.00,3
127,5,1.38,5,-5,-4,1,2,2.00,3
128,6,2.25,0,6,-6,1,6,2.00,3
129,0,0.00,0,0,0,1,4,2.00,3
130,0,0.00,3,0,0,1,2,2.00,3
131,7,1.19,6,-7,-15,2,3,2.00,3
132,2,1.00,3,-2,-4,1,4,1.98,3
133,13,4.75,7,-5,0,1,4,1.98,3
134,5,0.63,1,3,1,1,8,1.97,3
135,2,0.69,7,-2,-10,2,4,1.97,3
136,10,1.38,1,10,-5,1,5,1.97,3
137,0,0.00,5,0,0,1,6,1.95,3
138,3,0.88,5,-3,-9,2,4,1.95,3
139,0,0.00,1,0,0,1,4,1.95,3
140,3,0.63,1,1,1,1,6,1.95,3
141,3,1.44,5,-3,3,1,5,1.95,3
142,3,0.38,1,-1,-1,1,3,1.95,3
143,7,2.00,5,-1,11,3,4,1.90,3
144,8,0.88,8,-6,3,1,6,1.90,3
145,0,0.00,5,0,0,1,4,1.90,3
146,6,1.19,3,0,-2,1,5,1.90,3
147,0,0.00,0,0,0,1,3,1.90,3
148,7,1.63,2,7,15,3,5,1.90,3
149,9,1.56,6,-1,12,3,5,1.89,3
150,0,0.00,0,0,0,1,4,1.87,3
151,7,2.06,8,3,6,1,7,1.87,3
152,10,0.63,6,-4,6,1,4,1.85,3
153,5,0.81,7,1,1,1,7,1.85,3
154,0,0.00,5,0,0,1,4,1.85,3
155,5,2.31,1,-3,5,1,5,1.85,3
156,6,0.88,0,-2,-13,2,7,1.82,3
157,16,3.69,9,-10,12,3,5,1.80,3
158,4,2.44,5,-4,-5,1,6,1.80,3
159,10,2.25,6,4,0,1,2,1.80,3
160,8,2.44,7,-6,-11,2,6,1.80,3
161,1,0.13,0,1,2,1,6,1.80,3
162,8,2.69,5,-8,2,1,4,1.80,3
163,1,0.06,1,-1,-1,1,5,1.80,3
164,5,2.56,0,-1,3,1,4,1.80,3
165,5,2.88,7,3,14,3,7,1.80,3
166,6,0.50,5,6,6,1,8,1.80,3
167,2,0.44,5,2,1,1,5,1.79,3
168,9,1.00,5,2,11,3,5,1.78,3
169,8,2.75,7,2,2,1,3,1.78,3
170,2,0.19,5,-2,0,1,3,1.77,3
171,9,3.13,3,-3,9,3,4,1.77,3
172,10,3.75,0,8,13,3,4,1.75,3
173,0,0.00,5,0,0,1,3,1.75,3
174,0,0.00,5,0,0,1,5,1.75,3
175,10,2.81,8,-6,13,3,2,1.75,3
176,7,3.63,6,-7,19,3,1,1.75,3
177,0,0.00,0,0,0,1,2,1.75,3
178,3,0.44,1,1,2,1,7,1.75,3
179,0,0.00,0,0,0,1,4,1.75,3
180,8,2.69,8,2,8,3,2,1.75,3
181,0,0.00,0,0,0,1,1,1.75,3
182,0,0.00,5,0,0,1,4,1.72,3
183,0,0.00,5,0,0,1,6,1.70,3
184,11,4.19,7,-3,22,3,6,1.70,3
185,0,0.00,5,0,0,1,1,1.70,3
186,5,0.50,3,1,3,1,4,1.70,3
187,2,0.19,0,2,2,1,7,1.70,3
188,9,5.00,9,-1,19,3,4,1.70,3
189,3,0.56,3,1,3,1,7,1.70,3
190,3,0.19,2,3,-3,1,6,1.70,3
191,0,0.00,0,0,0,1,4,1.68,3
192,8,1.31,1,-6,-15,2,2,1.67,3
193,8,1.88,9,-2,-2,1,4,1.65,3
194,0,0.00,0,0,0,1,3,1.65,3
195,0,0.00,5,0,0,1,5,1.65,3
196,0,0.00,10,0,0,1,2,1.65,3
197,7,0.94,5,-1,-1,1,5,1.65,3
198,0,0.00,0,0,0,1,4,1.65,3
199,6,0.56,5,-2,-1,1,4,1.65,3
200,5,0.56,5,3,6,1,4,1.65,3
201,7,0.56,8,1,1,1,3,1.65,3
202,9,4.25,8,1,19,3,4,1.65,3
203,2,0.63,2,0,1,1,3,1.62,2
204,1,0.31,4,1,2,1,3,1.62,2
205,0,0.00,5,0,0,1,6,1.60,2
206,5,0.31,0,-1,-1,1,5,1.60,2
207,1,0.06,1,1,1,1,3,1.60,2
208,0,0.00,0,0,0,1,3,1.60,2
209,10,1.13,7,4,-10,2,3,1.60,2
210,1,0.13,0,1,2,1,4,1.60,2
211,6,1.56,8,-4,2,1,4,1.60,2
212,2,0.63,2,0,-1,1,5,1.60,2
213,4,1.31,2,2,3,1,5,1.60,2
214,7,2.56,8,-7,12,3,4,1.60,2
215,1,0.06,5,1,2,1,5,1.58,2
216,0,0.00,5,0,0,1,4,1.57,2
217,10,4.81,8,-10,-15,2,5,1.55,2
218,6,0.75,2,-2,-10,2,5,1.55,2
219,0,0.00,2,0,0,1,1,1.55,2
220,10,3.69,2,2,11,3,6,1.55,2
221,3,0.38,0,-3,-8,2,4,1.55,2
222,1,0.06,5,-1,1,1,3,1.55,2
223,11,2.06,7,-7,-2,1,5,1.55,2
224,2,0.25,1,-2,0,1,5,1.53,2
225,8,1.75,4,2,10,3,5,1.50,2
226,0,0.00,5,0,0,1,3,1.50,2
227,10,4.31,8,-8,-15,2,4,1.50,2
228,4,0.69,0,-2,2,1,1,1.50,2
229,1,0.00,2,-1,1,1,5,1.50,2
230,4,1.06,1,-4,-12,2,4,1.50,2
231,0,0.00,5,0,0,1,5,1.50,2
232,0,0.00,2,0,0,1,4,1.50,2
233,4,0.75,3,0,4,1,2,1.50,2
234,1,0.06,0,1,1,1,3,1.50,2
235,1,0.38,8,-1,1,1,2,1.50,2
236,7,2.00,4,3,10,3,6,1.45,2
237,6,1.06,3,0,6,1,4,1.45,2
238,0,0.00,5,0,0,1,3,1.45,2
239,1,0.06,5,1,1,1,4,1.45,2
240,0,0.00,0,0,0,1,5,1.45,2
241,0,0.00,1,0,0,1,4,1.45,2
242,5,0.69,5,5,10,3,3,1.45,2
243,0,0.00,5,0,0,1,3,1.40,2
244,13,2.69,2,-7,-8,2,5,1.40,2
245,0,0.00,3,0,0,1,3,1.40,2
246,7,1.00,2,3,12,3,4,1.40,2
247,0,0.00,5,0,0,1,4,1.40,2
248,4,0.94,3,-4,-6,2,4,1.40,2
249,0,0.00,0,0,0,1,5,1.40,2
250,0,0.00,5,0,0,1,3,1.40,2
251,1,0.25,5,1,0,1,3,1.40,2
252,6,0.88,2,-2,3,1,4,1.40,2
253,4,1.31,5,-2,-5,1,2,1.40,2
254,3,0.19,0,1,2,1,5,1.40,2
255,3,0.44,8,1,6,1,4,1.40,2
256,0,0.00,5,0,0,1,3,1.38,2
257,0,0.00,1,0,0,1,2,1.35,2
258,5,0.63,6,-3,-4,1,4,1.35,2
259,0,0.00,5,0,0,1,4,1.35,2
260,3,0.19,6,3,1,1,4,1.35,2
261,3,1.06,6,-1,-3,1,5,1.35,2
262,0,0.00,1,0,0,1,5,1.35,2
263,10,1.63,6,0,3,1,5,1.35,2
264,5,1.44,1,-5,-10,2,3,1.34,2
265,7,2.63,1,-1,15,3,4,1.34,2
266,0,0.00,5,0,0,1,3,1.30,2
267,2,0.25,7,-2,0,1,4,1.30,2
268,0,0.00,8,0,0,1,3,1.30,2
269,7,3.69,8,-3,7,1,6,1.30,2
270,0,0.00,0,0,0,1,3,1.30,2
271,6,0.88,4,-4,6,1,3,1.30,2
272,2,0.31,5,0,2,1,3,1.30,2
273,5,1.06,4,3,-2,1,2,1.27,2
274,7,1.88,8,-1,0,1,4,1.25,2
275,10,2.38,5,-8,6,1,5,1.25,2
276,5,1.38,0,-3,-3,1,1,1.25,2
277,2,0.50,2,0,-6,1,5,1.25,2
278,0,0.00,5,0,0,1,2,1.25,2
279,1,0.06,0,1,1,1,0,1.25,2
280,5,0.63,0,3,4,1,2,1.25,2
281,0,0.00,5,0,0,1,5,1.25,2
282,12,2.31,4,4,-16,2,5,1.25,2
283,5,1.13,2,-1,1,1,1,1.25,2
284,0,0.00,5,0,0,1,4,1.25,2
285,0,0.00,0,0,0,1,4,1.25,2
286,0,0.00,5,0,0,1,3,1.25,2
287,0,0.00,5,0,0,1,6,1.24,2
288,0,0.00,5,0,0,1,2,1.20,2
289,0,0.00,5,0,0,1,3,1.20,2
290,7,2.63,8,-1,10,3,4,1.20,2
291,0,0.00,5,0,0,1,2,1.20,2
292,0,0.00,5,0,0,1,6,1.20,2
293,8,2.19,8,-1,2,1,2,1.20,2
294,3,0.25,1,1,1,1,3,1.20,2
295,3,0.50,0,3,3,1,2,1.20,2
296,0,0.00,1,0,0,1,2,1.20,2
297,2,0.13,2,2,2,1,5,1.15,2
298,0,0.00,5,0,0,1,3,1.15,2
299,2,0.19,5,0,2,1,2,1.15,2
300,9,2.81,3,5,13,3,3,1.15,2
301,3,1.19,5,3,-6,1,5,1.15,2
302,3,0.63,7,3,3,1,5,1.14,2
303,2,0.31,5,2,9,3,1,1.10,1
304,3,0.88,6,-3,4,1,2,1.10,1
305,3,0.44,4,3,0,1,2,1.10,1
306,1,0.19,3,1,0,1,2,1.10,1
307,11,4.63,6,-7,12,3,5,1.10,1
308,1,0.13,5,-1,1,1,5,1.10,1
309,7,0.88,1,-7,-1,1,3,1.10,1
310,2,0.44,2,2,2,1,3,1.05,1
311,0,0.00,5,0,0,1,3,1.05,1
312,6,0.81,7,0,0,1,2,1.05,1
313,8,1.38,0,8,-13,2,3,1.05,1
314,0,0.00,5,0,0,1,3,1.02,1
315,3,0.31,1,3,3,1,3,1.00,1
316,2,0.13,1,2,-1,1,3,1.00,1
317,5,0.56,4,-1,-4,1,3,1.00,1
318,0,0.00,0,0,0,1,2,1.00,1
319,0,0.00,5,0,0,1,1,1.00,1
320,0,0.00,5,0,0,1,2,1.00,1
321,0,0.00,3,0,0,1,0,1.00,1
322,8,3.25,5,4,-6,1,2,0.95,1
323,0,0.00,8,0,0,1,4,0.95,1
324,6,1.69,4,0,13,3,2,0.95,1
325,1,0.13,4,1,1,1,2,0.90,1
326,0,0.00,5,0,0,1,4,0.90,1
327,1,0.13,1,-1,-2,1,4,0.90,1
328,0,0.00,0,0,0,1,4,0.90,1
329,5,0.75,2,5,7,3,2,0.90,1
330,8,1.88,2,0,-18,2,2,0.90,1
331,0,0.00,5,0,0,1,3,0.90,1
332,4,1.13,1,-4,1,1,4,0.90,1
333,1,0.13,3,1,2,1,2,0.90,1
334,4,0.63,5,-4,-7,2,4,0.89,1
335,1,0.13,1,-1,0,1,1,0.85,1
336,0,0.00,5,0,0,1,3,0.85,1
337,0,0.00,5,0,0,1,2,0.85,1
338,3,0.44,5,1,6,1,4,0.85,1
339,11,4.00,6,-3,32,3,5,0.85,1
340,8,2.81,5,-2,24,3,5,0.85,1
341,5,1.63,5,-1,-6,1,3,0.85,1
342,1,0.06,5,1,2,1,2,0.85,1
343,0,0.00,5,0,0,1,2,0.84,1
344,2,0.31,1,-2,-5,1,3,0.80,1
345,0,0.00,5,0,0,1,1,0.80,1
346,0,0.00,1,0,0,1,3,0.80,1
347,0,0.00,0,0,0,1,3,0.80,1
348,5,1.00,3,-1,1,1,3,0.80,1
349,0,0.00,5,0,0,1,3,0.80,1
350,0,0.00,0,0,0,1,2,0.80,1
351,6,3.44,9,-2,14,3,6,0.80,1
352,6,2.06,2,-4,4,1,2,0.80,1
353,4,0.44,0,4,9,3,2,0.80,1
354,0,0.00,1,0,0,1,1,0.80,1
355,7,1.50,7,-7,-7,2,1,0.80,1
356,0,0.00,5,0,0,1,5,0.80,1
357,0,0.00,5,0,0,1,2,0.77,1
358,0,0.00,5,0,0,1,3,0.75,1
359,0,0.00,5,0,0,1,0,0.70,1
360,0,0.00,2,0,0,1,4,0.70,1
361,16,3.25,8,12,7,3,3,0.70,1
362,1,0.13,6,1,1,1,3,0.70,1
363,0,0.00,5,0,0,1,2,0.60,1
364,0,0.00,0,0,0,1,2,0.60,1
365,0,0.00,6,0,0,1,1,0.60,1
366,1,0.19,0,-1,-1,1,3,0.60,1
367,2,0.94,0,2,-1,1,5,0.60,1
368,0,0.00,5,0,0,1,3,0.55,1
369,6,0.63,8,6,7,3,3,0.50,1
370,0,0.00,7,0,0,1,3,0.50,1
371,8,3.19,7,2,8,3,4,0.50,1
372,4,0.94,1,4,2,1,3,0.50,1
373,10,1.75,1,-8,-21,2,1,0.50,1
374,2,0.50,0,2,2,1,0,0.50,1
375,0,0.00,0,0,0,1,0,0.50,1
376,0,0.00,5,0,0,1,2,0.50,1
377,5,0.69,5,-5,11,3,2,0.50,1
378,0,0.00,5,0,0,1,4,0.45,1
379,3,0.25,5,3,3,1,3,0.40,1
380,1,0.13,1,1,1,1,3,0.40,1
381,8,3.31,6,6,-6,1,1,0.40,1
382,5,0.31,2,4,-3,1,3,0.40,1
383,3,0.31,2,3,4,1,3,0.35,1
384,9,3.25,3,-5,-11,2,2,0.30,1
385,0,0.00,5,0,0,1,1,0.30,1
386,0,0.00,5,0,0,1,3,0.30,1
387,10,1.06,1,-2,11,3,3,0.25,1
388,7,0.88,7,7,29,3,3,0.20,1
389,1,0.06,2,1,1,1,1,0.20,1
390,0,0.00,5,0,0,1,2,0.20,1
391,0,0.00,5,0,0,1,2,0.10,1
392,2,0.75,0,-2,-5,1,0,0.10,1
393,0,0.00,5,0,0,1,2,0.10,1
394,0,0.00,5,0,0,1,1,0.10,1
395,0,0.00,5,0,0,1,2,0.10,1
396,0,0.00,0,0,0,1,3,0.10,1
397,8,1.56,5,-4,-4,1,1,0.10,1
398,0,0.00,5,0,0,1,3,0.10,1
399,2,0.38,5,-2,-4,1,3,0.00,1
400,0,0.00,5,0,0,1,0,0.00,1
401,2,0.13,4,0,2,1,0,0.00,1
402,1,0.13,0,-1,-1,1,0,0.00,1
403,7,0.81,8,-5,4,1,0,0.00,1
404,1,0.19,5,-1,1,1,1,0.00,1
405,3,0.50,0,-1,-3,1,3, , 
406,6,0.75,1,-4,1,1,5, , 
407,9,2.00,5,5,19,3,5, , 
408,11,2.88,8,-5,-2,1,4, , 
409,4,1.31,7,4,8,3,2, , 
410,0,0.00,0,0,0,1,1, , 
411,8,3.19,8,0,-7,2,5, , 
412,8,1.00,2,4,11,3,3, , 
413,2,0.63,3,-2,2,1,2, , 
414,4,0.75,3,4,5,1,3, , 
415,0,0.00,5,0,0,1,6, , 
416,9,3.63,7,7,7,3,8, , 
417,0,0.00,7,0,0,1,2, , 
418,10,2.88,4,4,3,1,2, , 
419,6,1.44,4,0,1,1,2, , 
420,10,4.75,0,2,24,3,6, , 
421,5,2.56,0,-3,6,1,3, , 
422,5,2.25,0,5,12,3,3, , 
423,1,0.31,0,1,-3,1,5, , 
424,0,0.00,0,0,0,1,1, , 
425,11,2.13,8,11,25,3,5, , 
426,0,0.00,0,0,0,1,3, , 
427,0,0.00,0,0,0,1,1, , 
428,8,1.38,6,-8,-37,2,4, , 
429,5,1.19,7,-1,8,1,6, , 
430,0,0.00,0,0,0,1,3, , 
431,7,3.31,7,-7,-11,2,6, , 
432,7,1.13,0,-5,-1,1,3, , 
433,9,1.19,1,9,13,3,5, , 
434,1,0.13,3,-1,-3,1,4, , 
435,4,1.56,6,0,1,1,7, , 
436,9,3.06,8,3,13,3,4, , 
437,0,0.00,0,0,0,1,5, , 
438,0,0.00,5,0,0,1,5, , 
439,0,0.00,0,0,0,1,3, , 
440,0,0.00,0,0,0,1,2, , 
441,0,0.00,0,0,0,1,2, , 
442,10,4.75,8,-4,-9,2,5, , 
443,3,0.50,0,3,3,1,3, , 
444,5,1.38,5,-3,1,1,4, , 
445,10,2.63,8,-8,6,1,4, , 
446,0,0.00,0,0,0,1,5, , 
447,8,1.69,4,-2,-3,1,5, , 
448,0,0.00,0,0,0,1,1, , 
449,9,0.88,2,-1,8,1,1, , 
450,9,3.25,0,-1,2,1,5, , 
451,6,1.19,6,0,2,1,3, , 
452,0,0.00,0,0,0,1,2, , 
453,0,0.00,0,0,0,1,6, , 
454,0,0.00,0,0,0,1,4, , 
455,0,0.00,0,0,0,1,7, , 
456,12,5.50,7,0,14,3,4, , 
457,7,0.88,1,-7,-7,2,3, , 
458,4,0.50,0,4,11,3,4, , 
459,6,3.56,0,-2,1,1,5, , 
460,1,0.25,2,1,1,1,5, , 
461,2,0.69,2,-2,-12,2,3, , 
462,0,0.00,4,0,0,1,8, , 
463,14,5.38,8,6,23,3,5, , 
464,3,0.25,0,3,5,1,2, , 
465,5,2.13,1,-3,10,3,7, , 
466,5,1.75,0,-1,0,1,3, , 
467,16,7.00,8,16,16,3,6, , 
468,8,3.94,6,6,10,3,4, , 
469,15,4.25,7,-13,18,3,4, , 
470,7,2.25,0,3,16,3,5, , 
471,4,0.63,2,-2,-4,1,4, , 
472,3,0.44,0,-3,-7,2,4, , 
473,2,0.88,5,-2,-2,1,5, , 
474,1,0.13,0,-1,1,1,3, , 
475,6,2.56,8,6,3,1,5, , 
476,0,0.00,6,0,0,1,5, , 
477,11,3.38,3,-7,-10,2,5, , 
478,2,1.19,0,2,-2,1,6, , 
479,10,3.25,9,-2,1,1,3, , 
480,8,1.50,9,6,5,1,5, , 
481,6,2.63,8,-2,1,1,5, , 
482,8,2.38,3,-2,-15,2,0, , 
483,3,0.69,3,-1,4,1,6, , 
484,5,1.00,0,-3,-8,2,4, , 
485,0,0.00,0,0,0,1,2, , 
486,9,2.44,7,1,-4,1,5, , 
487,5,0.38,5,-5,-5,1,4, , 
488,12,3.63,8,-2,-11,2,4, , 
489,0,0.00,0,0,0,1,3, , 
490,1,0.25,0,1,0,1,6, , 
491,10,4.94,7,-10,15,3,5, , 
492,0,0.00,1,0,0,1,2, , 
493,6,1.56,3,-2,2,1,3, , 
494,1,0.13,3,1,2,1,4, , 
495,6,0.38,0,4,-1,1,3, , 
496,0,0.00,0,0,0,1,3, , 
497,10,1.88,3,-10,-21,2,4, , 
498,7,3.19,0,1,9,3,3, , 
499,3,0.69,1,3,4,1,5, , 
500,0,0.00,0,0,0,1,4, , 
501,8,3.44,6,6,11,3,5, , 
