,Status,Progress,Duration (in seconds),Gender,Q20_Page Submit,Q1_1,Q2_1,Q3_1,Q4_1,Q5_1,Q6_1,Q7_1,Q8_1,Q9_1,Q10_1,Q11_1,Belief questions_1,Belief questions_2,Belief questions_3,Belief questions_4,Belief questions_5,Belief questions_6,Belief questions_7,Belief questions_8,past_life_experience,out_of_body_experience,spirit_world_experience,past_life_belief,out_of_body_belief,spirit_world_belief,comb exp,CODE,age,gender,PCSscore,1handlowersubj,2handtogethersubj,3mosquitosubj,4TasteAverage,5rigidsubj,6immobilizationsubj,7musicsubj,8ballssubj,9amnesiasubj,10spaceGeoMean,10spacebarsubj1,10spacebarsubj2,4Tastesweetsubj,4Tastesoursubj
218,0,100,157,Woman,70.646,4,3,2,5,4,4,5,3,3,3,5,2,2,2,1,2,2,1,1,3,4.333333333,3.8,2,1.5,1.5,3.711111111,124,19,Woman,3.716227766,5,4,4,4,5,5,3,0,4,3.16227766,5,2,4,4
567,0,100,226,Woman,131.815,0,0,0,0,0,0,2,0,0,0,3,0,0,0,-1,1,1,-1,1,0,0,1,0,-0.5,0.5,0.333333333,442,19,Woman,3.4,3,3,3,3,4,3,4,4,4,3,3,3,3,3
303,0,100,124,Woman,76.495,4,3,2,3,2,1,1,0,0,0,0,-1,1,-2,-2,-2,0,-1,-1,3,2,0.2,0,-2,-1,1.733333333,385,18,Woman,3.273606798,5,4,2,3.5,4,5,2,1,4,2.236067977,5,1,4,3
66,0,100,222,Another,101.117,0,0,0,3,2,1,2,0,0,0,4,-1,-1,0,-2,1,1,2,1,0,2,1.2,-1,-1,1.25,1.066666667,807,19,Non-binary,3.1,4,4,5,2,4,5,0,3,4,0,0,5,3,1
295,0,100,171,Woman,30.656,2,1,2,2,1,2,2,3,2,3,2,0,-1,1,-1,1,-1,1,-1,1.666666667,1.666666667,2.4,-0.5,0,0,1.911111111,711,18,Woman,3.1,4,3,3,4,5,3,3,1,5,0,0,2,3,5
645,0,100,146,Woman,79.327,3,2,3,3,2,0,3,1,1,0,4,0,1,-1,0,1,1,2,1,2.666666667,1.666666667,1.8,0.5,-0.5,1.25,2.044444445,62,18,Woman,3.1,5,4,2,3,4,5,0,5,3,0,0,4,2,4
42,0,100,103,Woman,51.574,2,2,2,1,0,0,1,0,0,1,0,1,2,1,0,0,0,2,2,2,0.333333333,0.4,1.5,0.5,1,0.911111111,590,20,Woman,3,5,4,1,1,5,5,5,0,3,1,1,1,1,1
111,0,100,138,Woman,50.047,1,0,1,3,1,3,1,0,0,0,0,0,0,1,2,0,-1,1,0,0.666666667,2.333333333,0.2,0,1.5,0,1.066666667,527,18,Woman,2.95,5,5,4,4.5,4,5,2,0,0,0,5,0,5,4
167,0,100,122,Woman,58.908,2,2,0,3,3,3,2,1,0,0,1,1,0,1,0,1,1,0,0,1.333333333,3,0.8,0.5,0.5,0.5,1.711111111,458,18,Woman,3.024,5,2,5,4,4,4,0,0,4,2.24,5,1,3,5
388,0,100,391,Woman,208.151,1,0,2,3,0,2,1,1,0,0,3,-1,0,-1,0,0,0,0,0,1,1.666666667,1,-0.5,-0.5,0,1.222222222,237,18,Woman,2.95,5,4,3,2.5,3,4,1,1,3,3,3,3,2,3
495,0,100,144,Woman,67.249,2,4,5,5,4,3,2,4,3,3,5,1,1,1,-1,1,2,1,1,3.666666667,4,3.4,1,0,1.25,3.688888889,799,18,Woman,3.016,5,4,5,4,3,4,1,0,1,3.16,5,2,3,5
541,0,100,164,Woman,86.469,5,5,5,4,3,2,2,2,2,1,3,1,-1,-1,-2,-1,-2,1,1,5,3,2,0,-1.5,-0.25,3.333333333,13,19,Woman,2.966227766,5,4,3,1.5,5,5,0,0,3,3.16227766,5,2,2,1
591,0,100,225,Woman,146.233,1,0,1,4,2,4,0,0,0,0,0,-2,-2,-2,-2,-1,-2,-2,-2,0.666666667,3.333333333,0,-2,-2,-1.75,1.333333333,641,19,Woman,2.95,5,5,3,4.5,5,4,3,0,0,0,0,0,5,4
613,0,100,483,Woman,193.099,0,0,0,0,0,0,0,0,0,0,0,0,-1,0,-2,-2,0,-2,-2,0,0,0,-0.5,-1,-1.5,0,36,19,Woman,2.997213596,3,4,1,3.5,5,3,2,2,2,4.472135955,4,5,2,5
212,0,100,224,Woman,96.682,0,0,0,1,0,0,2,0,1,0,0,1,1,1,0,1,0,2,2,0,0.333333333,0.6,1,0.5,1.25,0.311111111,872,19,Woman,2.873,5,5,3,3,3,4,0,0,4,1.73,3,1,4,2
225,0,100,128,Woman,66.779,0,0,1,2,1,2,0,0,2,3,1,1,2,1,-2,-1,1,1,2,0.333333333,1.666666667,1.2,1.5,-0.5,0.75,1.066666667,61,18,Woman,2.873606798,4,5,1,3.5,5,4,1,0,3,2.236067977,5,1,4,3
311,0,100,122,Woman,68.179,0,0,5,2,0,0,1,0,0,0,5,1,2,2,2,2,2,2,2,1.666666667,0.666666667,1.2,1.5,2,2,1.177777778,151,22,Woman,2.9,3,5,3,4,5,5,0,0,4,0,5,0,5,3
570,0,100,135,Man,60.1,2,2,3,4,1,3,3,3,3,2,1,1,2,1,1,2,1,1,1,2.333333333,2.666666667,2.4,1.5,1,1.25,2.466666667,760,19,Man,2.85,4,3,5,3.5,4,3,2,0,4,0,1,0,3,4
47,0,100,75,Woman,41.04,4,2,4,3,1,1,1,1,1,1,1,-1,0,-1,0,0,-1,-1,-1,3.333333333,1.666666667,1,-0.5,-0.5,-0.75,2,625,18,Woman,2.824,5,5,4,1,4,5,0,0,2,2.24,1,5,1,1
340,0,100,224,Woman,137.068,3,2,4,5,5,5,5,4,2,1,3,0,-1,0,0,1,0,1,0,3,5,3,-0.5,0,0.5,3.666666667,156,44,Woman,2.75,5,4,5,1.5,5,5,2,0,0,0,0,5,1,2
376,0,100,157,Woman,81.283,3,2,4,3,3,4,1,2,2,0,2,2,2,0,-1,1,1,1,-1,3,3.333333333,1.4,2,-0.5,0.5,2.577777778,325,19,Woman,2.794948974,5,5,1,1.5,5,3,0,3,2,2.449489743,2,3,1,2
418,0,100,280,Woman,137.026,3,5,0,1,0,0,3,0,0,1,1,-1,0,-1,-1,1,0,0,1,2.666666667,0.333333333,1,-0.5,-1,0.5,1.333333333,222,18,Woman,2.766227766,5,5,2,2.5,2,1,4,0,3,3.16227766,5,2,0,5
434,0,100,144,Woman,62.39,5,0,2,4,4,4,4,4,4,4,4,2,2,2,0,2,2,2,2,2.333333333,4,4,2,1,2,3.444444444,39,19,Woman,2.8,4,5,0,4,5,4,1,0,4,1,1,1,5,3
459,0,100,161,Woman,100.541,3,1,2,4,1,3,4,1,3,2,2,1,1,0,2,1,2,2,-1,2,2.666666667,2.4,1,1,1,2.355555556,248,18,Woman,2.773205081,3,3,4,5,5,2,0,0,4,1.732050808,3,1,5,5
478,0,100,244,Man,106.121,1,1,0,0,0,0,0,0,0,2,0,-1,-1,-1,0,0,0,1,1,0.666666667,0,0.4,-1,-0.5,0.5,0.355555556,797,21,Man,2.75,4,4,3,4.5,5,4,1,0,2,0,2,0,5,4
625,0,100,299,Woman,93.494,0,0,0,3,0,1,0,0,0,0,0,1,0,1,-1,1,0,1,0,0,1.333333333,0,0.5,0,0.5,0.444444444,634,18,Woman,2.8,4,5,3,5,5,3,0,0,3,0,0,0,5,5
37,0,100,152,Man,73.32,1,1,3,5,3,4,1,0,1,1,3,0,-1,2,1,2,2,2,2,1.666666667,4,1.2,-0.5,1.5,2,2.288888889,528,21,Other/prefer not to say,2.697,5,4,1,2.5,5,3,0,0,2,4.47,5,4,1,4
214,0,100,122,Woman,67.571,2,0,3,4,3,4,4,3,3,3,2,1,0,0,1,1,1,1,1,1.666666667,3.666666667,3,0.5,0.5,1,2.777777778,633,19,Woman,2.65,5,5,3,0.5,5,4,1,0,3,0,4,0,1,0
232,0,100,177,Woman,65.845,4,4,3,4,0,0,5,0,0,4,3,1,0,2,-2,1,1,1,2,3.666666667,1.333333333,2.4,0.5,0,1.25,2.466666667,296,18,Woman,2.694948974,5,5,4,0.5,3,5,2,0,0,2.449489743,3,2,0,1
238,0,100,128,Man,70.482,1,1,0,3,1,0,0,0,0,0,0,1,1,-1,-2,1,1,-1,-1,0.666666667,1.333333333,0,1,-1.5,0,0.666666667,383,18,Man,2.723205081,5,4,1,3.5,5,3,2,0,2,1.732050808,3,1,3,4
252,0,100,185,Man,69.91,0,0,0,4,1,0,3,0,0,0,0,1,1,1,0,1,2,1,1,0,1.666666667,0.6,1,0.5,1.25,0.755555556,255,19,Man,2.65,5,4,3,1.5,5,5,0,0,3,0,5,0,1,2
290,0,100,129,Woman,55.108,0,0,0,3,2,1,0,0,0,0,0,-2,-1,-2,-1,-2,0,-1,-2,0,2,0,-1.5,-1.5,-1.25,0.666666667,636,18,Woman,2.723,2,4,2,3.5,3,4,2,3,2,1.73,3,1,4,3
305,0,100,229,Woman,121.885,1,1,0,2,1,1,4,2,5,3,2,0,0,-1,0,-1,1,2,2,0.666666667,1.333333333,3.2,0,-0.5,1,1.733333333,793,18,Woman,2.65,5,4,2,2.5,4,3,2,0,1,3,3,3,2,3
406,0,100,196,Woman,55.271,0,0,0,3,3,0,2,0,0,0,2,0,-2,2,1,2,-1,2,2,0,2,0.8,-1,1.5,1.25,0.933333333,317,18,Woman,2.7,5,3,1,3,5,3,0,5,2,0,0,5,2,4
423,0,100,201,Woman,113.289,3,3,1,1,1,1,3,1,1,0,3,1,1,2,1,0,1,2,2,2.333333333,1,1.6,1,1.5,1.25,1.644444444,157,19,Woman,2.732842713,3,5,3,3.5,4,4,0,0,2,2.828427125,2,4,3,4
503,0,100,117,Woman,62.638,0,0,0,0,0,0,1,1,1,0,1,1,1,0,1,1,1,1,1,0,0,0.8,1,0.5,1,0.266666667,143,19,Woman,2.696410162,4,4,2,3.5,2,4,0,0,4,3.464101615,3,4,4,3
518,0,100,136,Woman,71.221,3,3,2,4,4,5,3,2,1,1,1,1,-1,1,1,-1,-1,-1,-1,2.666666667,4.333333333,1.6,0,1,-1,2.866666667,285,19,Woman,2.65,4,4,3,2.5,3,3,3,2,2,0,0,5,3,2
537,0,100,82,Woman,40.79,3,3,3,3,3,3,3,3,3,3,3,1,1,1,1,1,1,1,1,3,3,3,1,1,1,3,219,18,Woman,2.7,4,3,2,3,3,4,0,5,3,0,0,4,3,3
577,0,100,135,Man,78.168,2,1,0,0,0,0,0,0,0,0,0,1,-1,0,0,1,-1,1,0,1,0,0,0,0,0.25,0.333333333,529,20,Man,2.65,4,5,3,0.5,5,4,1,0,4,0,3,0,1,0
69,0,100,132,Woman,68.854,0,0,3,2,1,1,3,0,0,1,3,0,1,1,1,1,1,1,1,1,1.333333333,1.4,0.5,1,1,1.244444444,552,18,Woman,2.55,4,5,3,0.5,4,4,0,0,3,2,1,4,1,0
157,0,100,328,Woman,177.434,0,0,2,0,0,0,2,0,1,0,0,-1,-1,-1,-1,0,1,0,0,0.666666667,0,0.6,-1,-1,0.25,0.422222222,565,43,Woman,2.55,5,4,3,1.5,5,5,1,0,1,0,3,0,2,1
207,0,100,198,Woman,90.095,1,1,0,3,3,3,2,1,1,1,2,-1,-1,1,1,2,2,2,1,0.666666667,3,1.4,-1,1,1.75,1.688888889,270,18,Woman,2.641421356,4,5,2,2,4,3,2,0,3,1.414213562,2,1,2,2
300,0,100,136,Woman,58.07,1,2,4,1,0,0,0,0,0,0,2,1,0,1,-1,0,1,1,1,2.333333333,0.333333333,0.4,0.5,0,0.75,1.022222222,486,18,Woman,2.597,5,3,3,1.5,3,4,0,0,2,4.47,5,4,1,2
366,0,100,309,Woman,133.066,0,0,1,4,4,3,2,0,0,0,0,1,2,0,-1,1,1,1,0,0.333333333,3.666666667,0.4,1.5,-0.5,0.75,1.466666667,28,18,Woman,2.566227766,5,4,2,2.5,4,3,0,0,2,3.16227766,5,2,2,3
463,0,100,212,Woman,130.72,0,0,0,3,0,0,0,0,0,0,0,-1,0,-1,-2,0,0,1,-1,0,1,0,-0.5,-1.5,0,0.333333333,189,19,Woman,2.623606798,3,5,2,2,5,4,0,0,3,2.236067977,5,1,2,2
474,0,100,247,Woman,96.801,2,1,2,4,4,2,4,4,3,3,3,1,1,2,1,2,2,1,1,1.666666667,3.333333333,3.4,1,1.5,1.5,2.8,126,18,Woman,2.6,4,2,3,3,3,4,0,1,2,4,4,4,3,3
544,0,100,120,Woman,72.855,0,2,0,4,3,3,4,0,0,0,0,1,1,1,1,2,1,1,2,0.666666667,3.333333333,0.8,1,1,1.5,1.6,18,19,Woman,2.55,4,3,2,1.5,4,4,0,0,2,5,5,5,1,2
623,0,100,173,Woman,102.02,3,0,0,3,0,5,0,0,0,0,0,1,0,0,0,1,1,1,1,1,2.666666667,0,0.5,0,1,1.222222222,547,20,Woman,2.6,5,3,3,5,2,4,1,0,3,0,5,0,5,5
675,0,100,183,Woman,88.279,1,0,3,2,5,3,0,0,0,3,2,-1,1,1,0,2,0,1,1,1.333333333,3.333333333,1,0,0.5,1,1.888888889,866,18,Woman,2.55,5,4,3,1.5,3,4,0,0,5,0,0,1,1,2
118,0,100,210,Woman,114.718,3,1,0,4,0,1,0,1,3,0,0,2,2,0,0,2,1,2,2,1.333333333,1.666666667,0.8,2,0,1.75,1.266666667,678,18,Woman,2.45,5,0,4,0.5,5,5,0,0,5,0,0,1,1,0
119,0,100,132,Woman,61.801,5,4,3,5,5,5,4,3,3,4,5,-2,-2,-2,-2,-2,-2,-2,-2,4,5,3.8,-2,-2,-2,4.266666667,526,18,Woman,2.5,4,3,4,3,4,3,0,0,4,0,5,0,1,5
190,0,100,577,Woman,127.783,2,2,3,4,0,0,3,0,0,0,0,1,1,0,-1,2,-1,0,1,2.333333333,1.333333333,0.6,1,-0.5,0.5,1.422222222,307,18,Woman,2.45,4,5,3,1.5,4,3,0,0,4,0,5,0,2,1
280,0,100,151,Woman,82.229,0,0,0,2,1,0,0,0,0,0,0,-1,-2,-1,-2,-1,-2,-1,-1,0,1,0,-1.5,-1.5,-1.25,0.333333333,746,18,Woman,2.5,5,4,2,2,3,4,3,0,2,0,0,5,1,3
281,0,100,435,Woman,260.394,0,1,0,4,2,0,3,1,2,0,4,-1,0,1,0,1,0,1,0,0.333333333,2,2,-0.5,0.5,0.5,1.444444444,867,20,Woman,2.45,3,2,4,3.5,5,3,0,0,4,0,0,5,3,4
299,0,100,130,Woman,59.337,0,1,0,0,0,0,0,0,1,0,0,-1,-1,0,-1,0,-1,0,0,0.333333333,0,0.2,-1,-0.5,-0.25,0.177777778,204,18,Woman,2.45,4,5,2,1.5,4,4,2,0,2,0,0,1,1,2
330,0,100,84,Woman,32.895,1,2,2,3,3,3,1,0,0,0,0,0,1,-1,-1,-2,1,1,1,1.666666667,3,0.2,0.5,-1,0.25,1.622222222,767,18,Woman,2.491,4,3,2,2.5,5,4,0,2,1,1.41,2,1,2,3
334,0,100,135,Woman,79.392,0,1,1,3,2,3,4,3,0,3,5,0,0,1,1,1,-1,2,2,0.666666667,2.666666667,3,0,1,1,2.111111111,91,18,Woman,2.5,5,4,1,2,5,4,0,0,2,2,1,4,2,2
398,0,100,112,Woman,62.689,1,0,0,2,0,2,0,0,0,0,0,-1,-2,-2,-1,0,-2,-2,-2,0.333333333,1.333333333,0,-1.5,-1.5,-1.5,0.555555555,497,20,Woman,2.5,3,5,2,2,4,4,0,0,3,2,1,4,3,1
452,0,100,190,Woman,108.428,1,2,4,5,4,3,4,2,0,3,1,0,1,1,-1,0,2,0,0,2.333333333,4,2,0.5,0,0.5,2.777777778,131,18,Woman,2.5,4,5,3,3,4,1,0,0,5,0,5,0,2,4
456,0,100,155,Woman,71.507,0,0,0,2,0,0,0,0,0,0,0,1,0,0,1,0,1,0,0,0,0.666666667,0,0.5,0.5,0.25,0.222222222,311,18,Woman,2.45,4,2,4,3.5,4,5,0,0,2,0,0,0,4,3
458,0,100,201,Prefer not to say,94.782,0,0,1,2,1,0,4,2,2,0,1,-2,0,-1,-2,1,0,-1,-2,0.333333333,1,1.8,-1,-1.5,-0.5,1.044444444,74,20,Other/prefer not to say,2.45,4,2,3,3.5,5,3,1,0,3,0,0,5,3,4
603,0,100,187,Woman,96.477,5,4,2,5,0,5,4,0,0,0,3,1,2,-1,-1,0,-2,0,-1,3.666666667,3.333333333,1.4,1.5,-1,-0.75,2.8,896,18,Woman,2.45,5,4,4,0.5,3,5,0,0,3,0,2,0,1,0
606,0,100,154,Woman,77.9,0,0,1,3,2,0,0,0,0,0,1,0,-1,1,0,0,-1,1,1,0.333333333,1.666666667,0.2,-0.5,0.5,0.25,0.733333333,2,18,Woman,2.45,5,4,2,1.5,4,5,0,0,3,0,0,3,2,1
641,0,100,166,Man,77.437,3,4,5,2,0,2,2,1,0,0,0,-1,0,0,-1,0,1,0,-1,4,1.333333333,0.6,-0.5,-0.5,0,1.977777778,890,21,Man,2.516,4,5,1,1,5,4,0,0,2,3.16,2,5,1,1
161,0,100,140,Woman,80.836,1,0,1,2,0,0,1,0,0,1,0,0,1,1,-1,1,0,1,1,0.666666667,0.666666667,0.4,0.5,0,0.75,0.577777778,741,20,Woman,2.35,4,5,2,2.5,3,4,0,0,1,2,4,1,1,4
177,0,100,131,Woman,63.721,0,0,1,1,1,1,2,1,0,0,1,0,0,1,1,2,2,1,1,0.333333333,1,0.8,0,1,1.5,0.711111111,592,19,Woman,2.387,4,3,2,0,4,4,0,0,3,3.87,5,3,0,0
199,0,100,89,Man,46.097,5,5,0,5,0,0,0,0,0,1,0,0,0,1,1,-1,-2,1,0,3.333333333,1.666666667,0.2,0,1,-0.5,1.733333333,680,18,Man,2.4,5,4,3,1,3,2,0,3,2,1,1,1,0,2
231,0,100,421,Woman,214.534,1,1,2,3,0,0,1,0,1,0,1,-1,0,-1,-2,1,-1,-1,1,1.333333333,1,0.6,-0.5,-1.5,0,0.977777778,235,19,Woman,2.394948974,5,5,0,2.5,4,3,0,0,2,2.449489743,3,2,1,4
269,0,100,170,Woman,72.948,0,0,0,3,0,0,1,0,0,0,2,1,1,0,2,1,1,1,1,0,1,0.6,1,1,1,0.533333333,586,18,Woman,2.374,3,4,2,3.5,5,3,0,0,1,2.24,5,1,4,3
285,0,100,202,Man,139.025,0,0,1,3,3,0,2,0,0,0,3,-2,-2,0,-2,2,0,0,-1,0.333333333,2,1,-2,-1,0.25,1.111111111,559,19,Man,2.35,4,4,0,4.5,5,4,0,0,2,0,0,5,5,4
288,0,100,183,Woman,119.435,1,1,0,4,0,1,2,0,0,0,0,1,1,1,1,0,0,1,1,0.666666667,1.666666667,0.4,1,1,0.5,0.911111111,9,18,Woman,2.373606798,3,4,4,2.5,2,3,1,0,2,2.236067977,5,1,3,2
368,0,100,299,Woman,176.803,1,1,1,2,1,1,0,0,0,0,0,-1,-2,-1,-2,-2,1,-1,-1,1,1.333333333,0,-1.5,-1.5,-0.75,0.777777778,722,18,Woman,2.397,4,3,1,1.5,4,4,0,0,2,4.47,4,5,1,2
382,0,100,111,Woman,50.492,2,2,3,2,2,2,1,4,4,4,3,1,1,1,0,-1,1,2,0,2.333333333,2,3.2,1,0.5,0.5,2.511111111,86,18,Woman,2.4,3,4,2,2,4,4,0,0,3,2,2,2,2,2
391,0,100,127,Prefer not to say,68.62,0,0,0,4,0,4,0,0,0,0,0,-2,-2,-2,-2,-2,-2,-2,-2,0,2.666666667,0,-2,-2,-2,0.888888889,358,19,Other/prefer not to say,2.4,4,4,4,0,5,2,0,0,0,5,5,5,0,0
411,0,100,214,Woman,99.039,0,0,0,2,0,0,1,1,1,0,0,-1,-2,-2,-2,-1,-1,-1,-1,0,0.666666667,0.6,-1.5,-2,-1,0.422222222,411,19,Woman,2.423205081,5,4,1,1.5,3,4,0,0,4,1.732050808,3,1,1,2
422,0,100,151,Woman,75.121,0,0,1,2,0,0,1,0,0,0,0,1,1,0,0,1,0,1,2,0.333333333,0.666666667,0.2,1,0,1,0.4,813,18,Woman,2.4,3,4,4,2,4,3,0,0,1,3,3,3,2,2
469,0,100,179,Woman,114.3,3,2,0,4,2,3,0,0,0,0,0,1,1,-1,1,-1,1,-1,-2,1.666666667,3,0,1,0,-0.75,1.555555556,113,18,Woman,2.441421356,5,3,3,3,4,2,1,0,2,1.414213562,2,1,4,2
496,0,100,123,Woman,51.601,1,1,1,1,1,1,1,1,1,1,1,0,0,-1,-2,0,0,1,1,1,1,1,0,-1.5,0.5,1,639,20,Woman,2.35,4,5,4,0.5,5,3,0,0,2,0,0,5,0,1
514,0,100,261,Woman,140.597,0,0,0,0,0,0,5,2,0,0,3,2,2,0,-2,2,0,1,1,0,0,2,2,-1,1,0.666666667,598,23,Woman,2.445,3,4,2,4,3,4,0,0,2,2.45,2,3,3,5
517,0,100,209,Woman,93.062,0,0,0,3,1,2,2,0,0,1,0,-1,1,0,0,-1,-1,-2,-2,0,2,0.6,0,0,-1.5,0.866666667,190,19,Woman,2.35,5,4,3,1.5,3,3,1,0,3,0,4,0,2,1
529,0,100,56,Woman,27.767,0,4,1,3,3,2,4,3,3,3,3,-1,1,-1,2,2,-1,1,-1,1.666666667,2.666666667,3.2,0,0.5,0.25,2.511111111,148,18,Woman,2.423606798,3,4,5,2,2,3,0,0,3,2.236067977,1,5,1,3
575,0,100,139,Woman,82.063,0,0,2,3,2,0,4,1,0,1,3,1,2,1,0,2,2,2,2,0.666666667,1.666666667,1.8,1.5,0.5,2,1.377777778,895,18,Woman,2.35,4,3,2,2.5,5,4,0,0,3,0,0,0,2,3
580,0,100,332,Woman,144.478,0,2,0,5,1,2,4,0,2,0,4,0,1,1,0,2,1,1,1,0.666666667,2.666666667,2,0.5,0.5,1.25,1.777777778,400,18,Woman,2.4,4,5,1,0,5,4,2,0,3,0,5,0,0,0
583,0,100,299,Woman,190.657,0,0,0,0,0,0,3,3,4,0,1,0,0,1,1,2,1,1,2,0,0,2.2,0,1,1.5,0.733333333,466,20,Woman,2.35,4,3,5,2.5,3,1,0,1,4,0,0,4,2,3
586,0,100,192,Woman,116.641,0,2,3,1,0,0,4,1,0,0,4,1,0,1,-2,-2,1,2,-1,1.666666667,0.333333333,1.8,0.5,-0.5,0,1.266666667,801,19,Woman,2.423,5,5,2,0.5,5,3,0,0,2,1.73,1,3,1,0
647,0,100,186,Woman,113.54,0,0,0,3,4,4,3,2,2,0,0,0,0,0,0,0,0,1,1,0,3.666666667,1.4,0,0,0.5,1.688888889,645,19,Woman,2.35,4,2,3,2.5,3,4,0,0,5,0,0,5,2,3
23,0,100,144,Woman,81.349,0,0,0,1,0,0,1,0,1,0,0,0,0,-1,-1,-1,1,-1,0,0,0.333333333,0.4,0,-1,-0.25,0.244444444,454,18,Woman,2.25,5,4,2,2.5,5,3,0,0,1,0,0,5,2,3
26,0,100,291,Woman,186.966,2,2,0,3,0,2,5,5,0,0,5,2,2,1,2,2,2,2,2,1.333333333,1.666666667,3,2,1.5,2,2,651,18,Woman,2.3,4,4,1,4,4,4,1,0,1,0,0,5,3,5
68,0,100,142,Man,68.135,3,1,0,0,0,0,3,0,0,4,0,1,1,-2,-2,-2,1,-2,-2,1.333333333,0,1.4,1,-2,-1.25,0.911111111,516,18,Man,2.3,5,5,0,2,3,5,0,0,3,0,0,0,1,3
120,0,100,85,Woman,36.543,2,2,2,0,0,0,1,0,0,0,1,-1,-1,-2,-2,-2,-2,2,2,2,0,0.4,-1,-2,0,0.8,503,18,Woman,2.347,4,1,0,3,4,3,0,0,4,4.47,5,4,3,3
181,0,100,184,Woman,91.497,3,1,0,4,2,1,3,2,1,2,0,-1,-1,-2,-1,-1,-2,-1,-1,1.333333333,2.333333333,1.6,-1,-1.5,-1.25,1.755555555,489,18,Woman,2.283,3,2,1,3,4,3,1,0,3,2.83,4,2,3,3
204,0,100,242,Woman,160.477,0,1,0,0,0,0,3,4,4,4,4,0,0,1,1,1,2,2,2,0.333333333,0,3.8,0,1,1.75,1.377777778,318,20,Woman,2.337298335,0,4,3,4.5,4,3,0,0,1,3.872983346,3,5,5,4
298,0,100,157,Woman,76.505,1,0,1,4,3,4,5,2,2,1,3,-1,-1,1,0,1,2,2,1,0.666666667,3.666666667,2.6,-1,0.5,1.5,2.311111111,525,18,Woman,2.25,4,4,2,3.5,2,3,0,0,4,0,5,0,3,4
367,0,100,114,Woman,50.441,2,0,2,4,0,0,0,0,0,0,2,1,2,-1,-1,-1,1,0,0,1.333333333,1.333333333,0.4,1.5,-1,0,1.022222222,326,18,Woman,2.25,5,3,4,2.5,3,0,0,0,3,2,4,1,2,3
381,0,100,394,Woman,187.174,0,0,0,2,1,1,3,1,1,1,2,0,0,0,0,1,0,1,1,0,1.333333333,1.6,0,0,0.75,0.977777778,742,20,Woman,2.274,4,4,1,2.5,2,4,0,0,3,2.24,5,1,2,3
387,0,100,557,Woman,465.154,0,0,0,3,3,0,3,0,0,5,5,-2,-2,1,0,2,1,2,2,0,2,2.6,-2,0.5,1.75,1.533333333,766,19,Woman,2.3,5,5,0,1,5,3,0,0,4,0,0,5,2,0
433,0,100,259,Woman,138.284,1,2,1,3,3,3,4,2,1,3,0,1,1,0,1,0,1,2,1,1.333333333,3,2,1,0.5,1,2.111111111,286,19,Woman,2.294948974,5,5,1,0.5,4,2,1,0,2,2.449489743,2,3,1,0
476,0,100,223,Woman,147.362,3,1,1,4,4,3,5,3,2,3,1,2,2,0,1,2,0,1,1,1.666666667,3.666666667,2.8,2,0.5,1,2.711111111,692,18,Woman,2.274,5,4,0,2.5,4,4,0,0,1,2.24,1,5,2,3
486,0,100,204,Woman,104.276,3,1,1,3,2,1,4,1,0,4,1,1,0,-1,-1,2,1,2,1,1.666666667,2,2,0.5,-1,1.5,1.888888889,265,19,Woman,2.266227766,4,5,1,1.5,3,3,0,0,2,3.16227766,5,2,2,1
488,0,100,149,Woman,80.57,5,5,2,5,4,4,5,4,3,3,4,2,1,0,1,2,1,1,1,4,4.333333333,3.8,1.5,0.5,1.25,4.044444444,726,19,Woman,2.25,4,4,3,1.5,4,4,0,0,2,0,1,0,2,1
513,0,100,217,Another,117.046,1,3,0,0,0,0,0,0,0,0,3,2,1,1,1,-1,-1,0,-2,1.333333333,0,0.6,1.5,1,-1,0.644444444,426,18,Other/prefer not to say,2.3,5,0,5,4,5,4,0,0,0,0,5,0,4,4
523,0,100,162,Man,70.958,0,0,0,0,0,0,0,0,0,0,0,0,-2,-2,-2,0,-2,0,0,0,0,0,-1,-2,-0.5,0,784,19,Man,2.25,5,3,2,3.5,1,3,2,0,0,3,3,3,4,3
535,0,100,119,Woman,46.111,0,0,0,1,1,0,0,0,0,0,0,-1,-1,0,-1,-1,0,-2,-2,0,0.666666667,0,-1,-0.5,-1.25,0.222222222,628,20,Woman,2.3,4,5,0,2,4,5,0,0,1,2,1,4,1,3
564,0,100,174,Woman,82.608,1,1,0,0,0,0,0,0,0,0,0,1,1,-1,-1,-1,-1,0,0,0.666666667,0,0,1,-1,-0.5,0.222222222,310,18,Woman,2.3,4,4,3,2,4,3,0,0,3,0,0,3,1,3
596,0,100,171,Woman,79.378,0,0,0,2,1,0,0,0,0,0,0,-1,-2,1,-2,-1,0,-2,-1,0,1,0,-1.5,-0.5,-1,0.333333333,710,18,Woman,2.25,4,4,2,3.5,4,3,0,0,2,0,5,0,3,4
609,0,100,164,Woman,92.064,0,0,0,0,0,0,0,0,0,0,0,-2,-2,-2,-2,-2,-2,-2,-2,0,0,0,-2,-2,-2,0,591,18,Woman,2.287,4,4,1,2,4,2,0,0,2,3.87,3,5,1,3
610,0,100,261,Woman,134.173,0,0,0,2,2,2,2,0,0,0,0,1,1,0,0,1,2,1,1,0,2,0.4,1,0,1.25,0.8,292,18,Woman,2.3,5,4,3,1,5,4,0,0,1,0,5,0,1,1
629,0,100,91,Woman,39.746,2,1,1,3,0,2,0,0,0,1,1,1,0,-1,-1,1,-1,1,0,1.333333333,1.666666667,0.4,0.5,-1,0.25,1.133333333,199,20,Woman,2.25,5,4,0,3.5,5,3,0,0,2,0,0,0,4,3
650,0,100,87,Woman,36.268,0,0,0,0,0,0,0,0,0,0,0,1,1,1,1,1,1,1,-1,0,0,0,1,1,0.5,0,781,26,Woman,2.25,3,4,2,4.5,3,3,0,0,3,0,0,5,4,5
657,0,100,180,Woman,92.37,2,1,3,4,3,3,1,0,0,0,2,1,2,0,1,1,2,1,1,2,3.333333333,0.6,1.5,0.5,1.25,1.977777778,258,19,Woman,2.25,4,4,0,1.5,4,4,0,0,3,2,4,1,2,1
668,0,100,183,Woman,96.184,0,0,0,2,3,0,4,2,2,0,0,0,0,0,0,-1,0,0,0,0,1.666666667,1.6,0,0,-0.25,1.088888889,593,26,Woman,2.3,5,4,4,0,4,5,0,0,1,0,0,1,0,0
3,0,100,115,Woman,43.116,2,1,3,0,0,0,0,0,0,0,0,0,0,-1,0,-2,-1,-1,-2,2,0,0,0,-0.5,-1.5,0.666666667,791,18,Woman,2.2,4,3,1,2,4,3,1,0,4,0,0,1,2,2
4,0,100,94,Man,56.744,0,0,0,0,0,0,0,0,0,0,0,-2,-2,-2,-2,-2,-2,-2,-2,0,0,0,-2,-2,-2,0,882,20,Man,2.15,4,2,2,4.5,5,4,0,0,0,0,0,5,4,5
17,0,100,138,Woman,58.508,2,2,3,4,3,3,2,2,2,2,3,1,1,1,0,0,1,0,0,2.333333333,3.333333333,2.2,1,0.5,0.25,2.622222222,555,18,Woman,2.2,4,4,1,2,4,4,0,0,3,0,0,4,2,2
34,0,100,146,Woman,72.547,3,0,0,4,0,0,5,1,0,0,5,0,0,1,1,0,0,2,2,1,1.333333333,2.2,0,1,1,1.511111111,668,26,Woman,2.15,5,5,0,1.5,4,3,0,0,3,0,0,0,3,0
51,0,100,59,Woman,19.383,2,3,2,3,2,3,3,2,2,3,2,1,-1,0,1,0,0,-1,1,2.333333333,2.666666667,2.4,0,0.5,0,2.466666667,654,18,Woman,2.2,4,3,2,2,4,3,2,0,2,0,0,4,2,2
77,0,100,224,Woman,58.499,2,1,2,2,1,3,2,1,2,1,2,-1,1,0,-1,0,1,1,0,1.666666667,2,1.6,0,-0.5,0.5,1.755555556,608,19,Woman,2.15,4,3,2,2.5,5,2,0,1,2,0,0,3,3,2
98,0,100,204,Woman,83.365,0,0,1,1,0,0,1,1,0,0,0,1,2,0,1,0,0,1,1,0.333333333,0.333333333,0.4,1.5,0.5,0.5,0.355555555,859,18,Woman,2.15,4,2,3,2.5,4,2,0,0,2,2,1,4,3,2
113,0,100,317,Man,166.287,0,0,0,3,2,2,0,0,0,0,2,-1,1,-1,1,0,0,-2,-2,0,2.333333333,0.4,0,0,-1,0.911111111,885,18,Man,2.241,4,4,1,2,4,3,0,0,3,1.41,2,1,3,1
116,0,100,127,Woman,64.671,0,3,0,4,0,2,2,0,0,0,1,1,1,0,-1,-1,0,2,2,1,2,0.6,1,-0.5,0.75,1.2,538,18,Woman,2.224,4,3,2,1,5,5,0,0,0,2.24,5,1,1,1
149,0,100,78,Another,41.12,0,0,0,2,0,0,0,0,0,0,0,-2,-2,-2,-2,-2,-2,-2,-2,0,0.666666667,0,-2,-2,-2,0.222222222,706,28,Non-binary,2.2,3,3,2,3,4,2,0,2,3,0,5,0,3,3
158,0,100,159,Woman,81.155,0,3,1,3,4,1,3,3,0,0,3,1,1,2,2,2,2,2,2,1.333333333,2.666666667,1.8,1,2,2,1.933333333,667,18,Non-binary,2.2,4,4,3,1,4,5,0,0,1,0,0,4,0,2
206,0,100,280,Man,117.421,0,2,1,0,0,0,3,3,3,0,5,-1,1,-1,1,-1,1,2,-2,1,0,2.8,0,0,0,1.266666667,313,19,Man,2.2,5,3,1,4,5,4,0,0,0,0,0,2,3,5
209,0,100,236,Woman,152.974,2,0,0,1,0,0,2,1,2,0,0,-1,-1,1,-1,-1,-1,0,1,0.666666667,0.333333333,1,-1,0,-0.25,0.666666667,696,19,Woman,2.2,4,3,2,4,4,4,0,0,1,0,1,0,4,4
211,0,100,433,Woman,173.399,1,1,3,2,0,0,2,0,0,1,0,1,0,-1,-2,0,0,-1,-1,1.666666667,0.666666667,0.6,0.5,-1.5,-0.5,0.977777778,403,18,Woman,2.15,3,1,4,2.5,0,2,4,5,0,0,0,4,3,2
221,0,100,124,Woman,59.733,0,0,0,1,0,0,0,0,0,0,0,1,1,1,1,1,0,2,0,0,0.333333333,0,1,1,0.75,0.111111111,716,18,Woman,2.2,4,3,5,0,3,5,0,0,2,0,5,0,0,0
224,0,100,685,Woman,435.566,0,1,2,3,0,3,1,0,0,0,2,1,1,2,0,1,2,1,1,1,2,0.6,1,1,1.25,1.2,504,18,Woman,2.15,5,4,1,0.5,4,2,0,0,3,2,4,1,1,0
259,0,100,138,Woman,62.002,0,0,1,2,2,0,1,0,0,0,1,-1,-2,-1,-2,-1,-1,-1,-1,0.333333333,1.333333333,0.4,-1.5,-1.5,-1,0.688888889,109,18,Woman,2.223205081,4,4,1,2.5,5,2,0,0,2,1.732050808,3,1,3,2
273,0,100,362,Woman,198.327,2,0,1,2,3,1,4,0,0,0,0,0,1,0,-1,-2,-1,0,-1,1,2,0.8,0.5,-0.5,-1,1.266666667,234,19,Woman,2.15,5,4,3,2.5,4,2,0,0,1,0,0,5,2,3
315,0,100,252,Woman,127.94,0,1,4,2,0,0,2,0,0,0,1,2,1,1,0,2,1,2,1,1.666666667,0.666666667,0.6,1.5,0.5,1.5,0.977777778,834,18,Woman,2.15,5,4,0,2.5,4,4,0,0,2,0,0,0,1,4
325,0,100,225,Woman,85.385,1,1,5,0,0,0,3,2,1,4,2,1,0,2,0,1,1,2,2,2.333333333,0,2.4,0.5,1,1.5,1.577777778,432,18,Woman,2.15,3,4,2,4.5,3,3,0,0,2,0,5,0,5,4
358,0,100,182,Woman,104.735,0,0,0,0,0,0,0,0,0,0,0,-2,-2,-2,-2,-2,-2,-2,-2,0,0,0,-2,-2,-2,0,519,18,Woman,2.15,5,2,1,1.5,4,3,0,5,0,0,4,0,2,1
415,0,100,431,Woman,173.064,0,0,0,1,0,0,2,2,0,3,1,-1,2,1,-1,0,-1,0,0,0,0.333333333,1.6,0.5,0,-0.25,0.644444444,144,19,Woman,2.15,3,4,3,2.5,4,3,0,0,2,0,0,4,2,3
425,0,100,406,Woman,215.64,0,0,0,1,1,0,3,0,1,0,0,-1,-1,0,-2,1,0,1,1,0,0.666666667,0.8,-1,-1,0.75,0.488888889,798,18,Woman,2.2,5,4,3,2,4,2,0,0,2,0,5,0,2,2
479,0,100,151,Woman,92.145,4,4,3,4,3,3,4,5,4,4,4,2,1,0,1,2,1,2,2,3.666666667,3.333333333,4.2,1.5,0.5,1.75,3.733333333,52,18,Woman,2.2,5,4,1,1,5,4,0,0,2,0,5,0,0,2
521,0,100,161,Woman,79.192,0,1,0,2,0,0,0,0,1,1,0,-1,-1,-1,0,-1,-1,0,1,0.333333333,0.666666667,0.4,-1,-0.5,-0.25,0.466666667,142,19,Woman,2.2,4,3,0,2,2,4,0,0,4,3,3,3,1,3
563,0,100,189,Woman,105.655,0,0,0,1,0,0,0,0,0,0,0,2,1,1,1,0,1,1,1,0,0.333333333,0,1.5,1,0.75,0.111111111,396,18,Woman,2.191421356,3,5,1,3.5,3,1,0,1,3,1.414213562,2,1,3,4
584,0,100,247,Woman,120.389,0,0,2,3,0,0,3,0,0,0,4,0,1,0,0,1,0,2,0,0.666666667,1,1.4,0.5,0,0.75,1.022222222,262,20,Woman,2.15,4,2,0,2.5,3,5,5,0,0,0,5,0,3,2
587,0,100,264,Woman,167.907,1,1,0,3,2,0,1,0,2,0,1,-1,-1,-1,-1,1,0,1,-1,0.666666667,1.666666667,0.8,-1,-1,0.25,1.044444445,572,19,Woman,2.15,2,3,2,3.5,3,2,0,0,3,3,3,3,3,4
590,0,100,619,Woman,442.096,4,4,3,5,2,4,3,1,1,0,0,1,1,-1,-1,-1,0,-1,-1,3.666666667,3.666666667,1,1,-1,-0.75,2.777777778,333,18,Woman,2.2,5,5,1,2,4,5,0,0,0,0,5,0,2,2
601,0,100,106,Woman,55.484,1,1,0,2,1,1,1,0,0,0,1,-1,-1,0,1,1,1,1,1,0.666666667,1.333333333,0.4,-1,0.5,1,0.8,893,18,Woman,2.15,4,3,5,2.5,4,2,0,0,1,0,3,0,2,3
605,0,100,265,Woman,47.77,0,0,0,2,2,1,1,0,2,1,0,0,-1,0,-1,-1,-2,-1,-1,0,1.666666667,0.8,-0.5,-0.5,-1.25,0.822222222,814,18,Woman,2.15,4,3,1,1.5,5,3,1,0,1,2,2,2,2,1
632,0,100,484,Another,202.132,0,0,0,0,0,0,1,0,0,0,0,1,0,0,1,0,0,1,0,0,0,0.2,0.5,0.5,0.25,0.066666667,241,19,Non-binary,2.15,5,2,1,1.5,5,4,0,0,3,0,5,0,2,1
636,0,100,100,Woman,47.925,0,0,0,2,1,0,3,0,1,0,1,-1,-1,0,0,1,2,1,0,0,1,1,-1,0,1,0.666666667,672,21,Woman,2.187,2,3,4,2,2,3,0,0,2,3.87,3,5,1,3
669,0,100,221,Woman,99.261,1,1,5,3,3,0,5,3,3,2,5,1,0,1,2,2,1,2,2,2.333333333,2,3.6,0.5,1.5,1.75,2.644444444,274,18,Woman,2.15,4,4,1,1.5,3,3,0,0,3,2,2,2,2,1
112,0,100,177,Woman,91.501,0,1,1,4,1,0,0,0,0,0,1,-1,0,-2,-2,-1,-1,0,0,0.666666667,1.666666667,0.2,-0.5,-2,-0.5,0.844444445,831,19,Woman,2.091,5,4,1,0.5,4,3,0,0,2,1.41,1,2,0,1
132,0,100,103,Woman,51.904,2,1,4,5,3,2,4,2,2,1,2,1,1,1,1,1,1,1,1,2.333333333,3.333333333,2.2,1,1,1,2.622222222,658,19,Woman,2.05,3,2,3,3.5,4,3,0,0,2,0,0,3,4,3
148,0,100,160,Woman,76.704,0,0,0,0,0,0,2,0,1,0,0,0,1,1,-1,1,2,1,1,0,0,0.6,0.5,0,1.25,0.2,693,19,Woman,2.1,3,4,1,0,5,3,0,0,3,2,4,1,0,0
150,0,100,199,Woman,107.105,0,0,0,0,0,0,0,0,0,0,0,0,0,0,0,0,0,0,0,0,0,0,0,0,0,0,881,18,Woman,2.1,5,5,0,0,4,4,0,0,1,2,4,1,0,0
182,0,100,342,Woman,88.314,0,0,1,2,0,0,0,0,0,0,0,1,0,1,1,1,2,1,0,0.333333333,0.666666667,0,0.5,1,1,0.333333333,136,18,Woman,2.05,4,3,1,2.5,4,4,0,0,2,0,5,0,2,3
185,0,100,160,Man,46.197,0,0,0,5,2,5,0,0,0,0,0,-2,-2,-2,-2,-2,-2,1,-2,0,4,0,-2,-2,-1.25,1.333333333,208,19,Man,2.1,5,4,0,0,4,3,2,0,3,0,0,0,0,0
196,0,100,176,Woman,94.813,0,0,0,3,0,0,0,0,0,0,0,1,0,0,-1,1,1,1,1,0,1,0,0.5,-0.5,1,0.333333333,455,19,Woman,2.1,4,3,2,4,5,2,0,0,1,0,0,3,4,4
227,0,100,174,Woman,110.802,0,0,0,3,1,0,3,3,4,2,3,1,1,0,0,1,1,1,1,0,1.333333333,3,1,0,1,1.444444444,627,19,Woman,2.145,5,3,0,0,5,3,0,0,3,2.45,3,2,0,0
239,0,100,227,Woman,132.409,0,0,1,5,5,5,4,0,0,0,3,-1,-1,2,2,-1,-2,1,-1,0.333333333,5,1.4,-1,2,-0.75,2.244444444,96,18,Woman,2.073606798,5,3,3,1.5,4,2,0,0,0,2.236067977,5,1,0,3
242,0,100,191,Man,98.245,1,0,0,0,0,0,1,0,0,0,2,-1,-1,-2,-2,0,0,1,-1,0.333333333,0,0.6,-1,-2,0,0.311111111,436,18,Man,2.082842713,4,4,1,0,2,4,0,0,3,2.828427125,4,2,0,0
253,0,100,570,Woman,183.297,0,1,0,3,2,1,0,0,0,0,0,-1,-1,-1,-2,-2,-1,-2,-1,0.333333333,2,0,-1,-1.5,-1.5,0.777777778,616,18,Woman,2.05,5,4,2,0.5,3,2,1,0,3,0,3,0,1,0
257,0,100,186,Woman,51.53,0,1,0,0,0,0,0,0,0,0,0,1,1,-1,-1,-1,2,1,1,0.333333333,0,0,1,-1,0.75,0.111111111,59,18,Woman,2.1,3,4,2,2,5,4,0,0,1,0,5,0,1,3
292,0,100,168,Woman,97.301,2,1,2,3,0,1,4,0,0,2,3,2,-1,1,-1,-1,1,2,2,1.666666667,1.333333333,1.8,0.5,0,1,1.6,56,21,Woman,2.1,5,5,4,0,3,3,0,0,1,0,3,0,0,0
312,0,100,339,Woman,192.56,0,0,0,0,2,0,5,4,2,0,0,-1,-1,0,-2,2,0,1,2,0,0.666666667,2.2,-1,-1,1.25,0.955555556,536,18,Woman,2.141,5,4,2,1,3,4,0,0,1,1.41,2,1,0,2
319,0,100,111,Woman,61.723,0,0,0,2,1,0,0,0,0,0,0,-2,-2,-1,-2,1,-2,-2,-2,0,1,0,-2,-1.5,-1.25,0.333333333,79,19,Woman,2.1,5,4,4,1,1,3,0,1,2,0,0,0,0,2
395,0,100,125,Woman,59.401,0,0,0,0,0,1,0,0,0,0,0,0,0,1,1,-2,1,1,0,0,0.333333333,0,0,1,0,0.111111111,715,19,Woman,2.05,5,3,1,2.5,4,3,0,0,2,0,0,5,3,2
424,0,100,300,Man,152.866,2,3,0,0,0,0,3,3,0,3,2,-2,0,-2,-2,0,-1,1,0,1.666666667,0,2.2,-1,-2,0,1.288888889,880,18,Man,2.1,3,4,2,1,4,4,1,0,2,0,0,3,1,1
484,0,100,209,Woman,91.304,0,0,0,0,0,0,1,0,0,0,0,1,0,1,0,0,1,1,0,0,0,0.2,0.5,0.5,0.5,0.066666667,97,18,Woman,2.1,4,3,1,2,5,3,2,0,1,0,5,0,3,1
490,0,100,121,Woman,46.43,0,0,0,0,0,0,0,0,0,0,0,-2,-1,-2,-2,-1,0,0,0,0,0,0,-1.5,-2,-0.25,0,15,18,Woman,2.05,4,3,2,3.5,5,3,0,0,0,0,0,5,3,4
525,0,100,113,Woman,54.228,1,1,3,2,3,2,3,4,3,2,2,0,1,1,2,1,1,0,0,1.666666667,2.333333333,2.8,0.5,1.5,0.5,2.266666667,378,19,Non-binary,2.1,4,5,1,0,4,3,0,0,4,0,5,0,0,0
531,0,100,181,Woman,90.239,0,0,1,0,0,0,0,0,0,0,0,1,1,-1,1,1,1,0,1,0.333333333,0,0,1,0,0.75,0.111111111,283,18,Woman,2.1,4,4,3,2,4,3,1,0,0,0,5,0,1,3
533,0,100,376,Another,221.451,2,2,1,3,3,3,4,5,5,4,4,1,1,1,1,1,0,1,1,1.666666667,3,4.4,1,1,0.75,3.022222222,98,20,Non-binary,2.05,4,5,3,2.5,3,3,0,0,0,0,5,0,1,4
539,0,100,161,Woman,100.325,3,3,3,4,5,4,5,3,3,5,2,1,2,2,1,2,1,2,2,3,4.333333333,3.6,1.5,1.5,1.75,3.644444444,759,18,Woman,2.05,5,4,0,0.5,5,2,3,0,1,0,5,0,1,0
557,0,100,149,Another,96.78,0,0,0,4,5,5,5,1,0,1,0,0,0,1,2,2,2,0,1,0,4.666666667,1.4,0,1.5,1.25,2.022222222,736,19,Non-binary,2.1,3,5,0,3,4,1,0,2,3,0,0,1,4,2
574,0,100,110,Woman,56.099,4,5,4,5,4,3,2,0,2,0,2,2,2,2,0,2,1,2,2,4.333333333,4,1.2,2,1,1.75,3.177777778,125,19,Woman,2.05,5,4,1,1.5,3,2,0,0,4,0,5,0,3,0
593,0,100,210,Man,157.314,1,0,1,5,5,5,5,4,1,4,5,1,2,2,2,2,2,2,1,0.666666667,5,3.8,1.5,2,1.75,3.155555556,346,31,Man,2.091421356,2,4,1,3.5,3,3,0,3,0,1.414213562,2,1,4,3
611,0,100,188,Woman,123.553,3,2,2,4,0,0,5,3,3,0,5,0,1,1,0,2,1,2,2,2.333333333,1.333333333,3.2,0.5,0.5,1.75,2.288888889,388,18,Woman,2.096410162,3,5,2,2.5,5,0,0,0,0,3.464101615,3,4,3,2
614,0,100,328,Woman,199.871,0,0,0,3,0,2,4,3,2,0,4,1,2,2,1,2,2,2,2,0,1.666666667,2.6,1.5,1.5,2,1.422222222,30,18,Woman,2.123205081,5,5,0,2.5,4,2,0,0,1,1.732050808,3,1,3,2
616,0,100,215,Another,104.402,0,0,0,4,1,1,1,1,0,0,0,-2,-2,-2,-2,2,-2,0,1,0,2,0.4,-2,-2,0.25,0.8,194,19,Non-binary,2.05,3,4,1,3.5,5,3,0,0,1,0,0,5,3,4
649,0,100,338,Woman,148.139,1,1,0,2,2,0,2,0,0,0,1,1,0,-1,1,2,-1,1,2,0.666666667,1.333333333,0.6,0.5,0,1,0.866666667,261,18,Woman,2.1,3,2,4,4,1,0,3,3,1,0,0,0,3,5
1,0,100,90,Woman,23.788,0,0,0,0,0,0,0,0,0,0,0,-1,-2,0,0,-2,0,-1,-2,0,0,0,-1.5,0,-1.25,0,857,18,Woman,2,4,4,2,3,2,2,0,0,3,0,5,0,3,3
56,0,100,102,Woman,53.382,0,0,0,3,3,4,4,3,0,0,0,2,2,2,2,2,2,2,2,0,3.333333333,1.4,2,2,2,1.577777778,862,18,Woman,2,3,3,0,5,4,2,0,0,3,0,0,5,5,5
74,0,100,187,Woman,101.4,2,1,2,1,1,0,1,0,0,0,2,0,0,1,1,1,1,2,2,1.666666667,0.666666667,0.6,0,1,1.5,0.977777778,511,18,Woman,1.95,4,5,3,2.5,4,1,0,0,0,0,5,0,2,3
105,0,100,151,Woman,79.424,0,0,0,2,2,0,0,1,2,0,4,-1,0,0,-1,0,1,1,-1,0,1.333333333,1.4,-0.5,-0.5,0.25,0.911111111,647,19,Woman,2,1,3,1,4,3,4,2,0,0,2,2,2,4,4
208,0,100,137,Woman,71.001,0,0,0,2,0,0,0,0,0,0,0,1,0,-1,1,-2,-1,-1,0,0,0.666666667,0,0.5,0,-1,0.222222222,4,18,Woman,2,3,3,0,1,3,5,0,5,0,0,0,5,0,2
272,0,100,131,Woman,69.246,3,1,3,5,3,0,5,0,0,0,1,1,2,1,2,2,2,2,2,2.333333333,2.666666667,1.2,1.5,1.5,2,2.066666667,478,19,Woman,1.95,2,5,0,2.5,5,3,0,0,2,0,0,2,1,4
352,0,100,111,Woman,61.987,1,4,0,0,0,0,0,0,0,1,0,0,0,-1,-1,1,-1,-1,-1,1.666666667,0,0.2,0,-1,-0.5,0.622222222,509,19,Woman,1.95,4,3,0,2.5,3,4,0,0,3,0,0,5,2,3
353,0,100,205,Woman,96.233,0,0,2,2,1,0,0,0,0,0,0,-1,0,-2,-2,0,1,0,0,0.666666667,1,0,-0.5,-2,0.25,0.555555556,102,19,Woman,2,5,4,0,2,4,2,0,0,3,0,0,5,2,2
362,0,100,189,Woman,116.009,0,0,3,5,3,0,4,0,0,1,0,1,2,-1,-2,1,0,1,1,1,2.666666667,1,1.5,-1.5,0.75,1.555555556,239,18,Woman,1.95,5,3,0,1.5,4,0,0,0,4,2,4,1,1,2
397,0,100,171,Woman,90.027,1,2,0,1,0,0,0,0,0,0,1,-1,-1,-2,-1,-2,-2,0,-2,1,0.333333333,0.2,-1,-1.5,-1.5,0.511111111,374,18,Woman,1.95,5,3,0,1.5,4,3,0,0,3,0,0,3,0,3
400,0,100,145,Man,58.219,0,0,0,0,0,0,0,0,0,0,0,0,0,0,0,0,0,0,0,0,0,0,0,0,0,0,815,20,Man,2,5,5,0,1,5,0,0,0,2,2,2,2,0,2
404,0,100,310,Man,141.5,0,0,0,3,0,0,0,0,0,0,3,-1,-1,-1,-1,0,0,1,0,0,1,0.6,-1,-1,0.25,0.533333333,560,20,Man,2,4,4,1,3,4,2,0,0,2,0,2,0,1,5
408,0,100,649,Man,81.201,1,1,1,5,5,2,5,5,0,5,5,1,2,2,1,2,2,2,2,1,4,4,1.5,1.5,2,3,402,18,Man,1.95,3,3,3,1.5,2,3,1,0,1,2,1,4,2,1
421,0,100,55,Woman,27.291,4,3,3,4,1,2,2,1,0,0,2,0,1,-1,2,0,-1,1,1,3.333333333,2.333333333,1,0.5,0.5,0.25,2.222222222,281,18,Woman,2.032842713,5,4,0,0.5,5,1,0,0,2,2.828427125,2,4,0,1
445,0,100,95,Woman,42.301,0,0,0,0,0,0,0,0,0,0,0,-2,-2,-1,-2,-1,-1,-1,-1,0,0,0,-2,-1.5,-1,0,790,18,Woman,2,5,5,0,1,4,4,0,0,1,0,0,3,1,1
446,0,100,138,Woman,75.074,0,0,1,0,0,0,0,0,1,0,0,0,-2,-2,-1,-2,1,0,-1,0.333333333,0,0.2,-1,-1.5,-0.5,0.177777778,691,20,Woman,1.95,4,4,0,2.5,4,2,0,0,3,0,0,5,3,2
467,0,100,244,Another,142.542,0,1,0,4,4,2,4,2,2,2,2,0,-1,1,-1,1,2,1,0,0.333333333,3.333333333,2.4,-0.5,0,1,2.022222222,823,18,Non-binary,2,4,3,2,3,4,2,1,0,1,0,0,4,2,4
481,0,100,195,Woman,69.591,0,0,0,0,0,0,0,0,0,0,0,0,0,0,-2,-1,1,1,0,0,0,0,0,-1,0.25,0,873,18,Woman,2.045,4,1,3,2,2,2,1,0,3,2.45,3,2,1,3
506,0,100,181,Woman,93.04,0,0,0,1,2,0,4,4,4,3,5,1,2,1,1,1,1,2,1,0,1,4,1.5,1,1.25,1.666666667,906,22,Woman,2,4,3,1,4,1,3,0,0,4,0,5,0,4,4
519,0,100,42,Woman,16.024,1,2,1,0,1,0,1,0,1,0,1,-1,-1,-1,-2,-2,-1,-2,-2,1.333333333,0.333333333,0.6,-1,-1.5,-1.75,0.755555555,849,19,Woman,1.95,4,4,2,2.5,2,3,1,0,1,0,5,0,2,3
545,0,100,84,Woman,35.49,0,0,0,0,0,0,0,0,0,0,0,-2,0,-2,-2,1,1,0,-2,0,0,0,-1,-2,0,0,544,19,Woman,1.974,4,5,0,0.5,4,3,0,0,1,2.24,5,1,1,0
551,0,100,173,Woman,65.509,1,0,3,5,2,5,5,5,3,2,5,0,0,1,1,2,1,2,1,1.333333333,4,4,0,1,1.5,3.111111111,329,19,Woman,2,5,5,0,0,5,5,0,0,0,0,5,0,0,0
566,0,100,159,Another,76.003,1,3,3,5,5,5,3,0,0,3,3,0,0,2,0,1,1,-2,0,2.333333333,5,1.8,0,1,0,3.044444444,475,18,Non-binary,2,5,4,2,3,3,2,0,0,1,0,5,0,2,4
569,0,100,791,Woman,655.894,3,3,5,3,4,5,3,0,0,2,4,0,0,2,2,2,2,2,2,3.666666667,4,1.8,0,2,2,3.155555556,321,48,Woman,2,4,3,3,2,2,2,0,0,1,3,3,3,1,3
624,0,100,246,Woman,15.395,2,1,3,2,3,1,3,1,3,2,2,0,-1,0,-1,2,-1,0,-1,2,2,2.2,-0.5,-0.5,0,2.066666667,713,18,Woman,1.991,2,4,1,1.5,3,2,4,0,1,1.41,2,1,0,3
631,0,100,123,Woman,47.949,0,0,1,0,1,0,0,0,0,0,1,-1,0,-1,-1,0,1,1,-1,0.333333333,0.333333333,0.2,-0.5,-1,0.25,0.288888889,445,19,Woman,2.045,3,4,0,1,4,3,0,0,3,2.45,2,3,1,1
646,0,100,177,Woman,76.312,0,0,4,4,0,0,1,0,0,0,0,1,-2,2,-2,1,2,2,1,1.333333333,1.333333333,0.2,-0.5,0,1.5,0.955555555,101,18,Woman,1.95,4,3,0,2.5,4,2,2,0,2,0,0,1,0,5
652,0,100,236,Woman,168.449,0,0,0,0,0,0,0,0,0,0,0,-1,-1,-1,-1,0,1,0,0,0,0,0,-1,-1,0.25,0,669,19,Woman,1.95,4,5,2,0.5,1,4,0,0,3,0,5,0,0,1
43,0,100,92,Woman,46.84,2,1,1,0,0,0,2,0,0,0,1,1,1,1,-1,1,1,1,1,1.333333333,0,0.6,1,0,1,0.644444444,574,19,Woman,1.9,4,3,4,0,5,1,0,0,2,0,0,1,0,0
65,0,100,199,Woman,95.901,0,0,0,3,3,2,0,0,0,0,0,0,-1,0,0,0,-1,0,0,0,2.666666667,0,-0.5,0,-0.25,0.888888889,500,20,Woman,1.9,3,4,0,0,4,5,0,0,3,0,0,4,0,0
96,0,100,167,Woman,80.82,0,0,0,2,0,1,1,0,0,0,0,0,0,1,0,-1,0,1,0,0,1,0.2,0,0.5,0,0.4,532,20,Woman,1.85,3,4,1,1.5,5,2,0,0,2,0,0,1,1,2
97,0,100,212,Woman,106.205,0,0,0,0,1,0,0,0,0,0,0,0,0,1,0,2,1,2,2,0,0.333333333,0,0,0.5,1.75,0.111111111,788,21,Woman,1.9,4,2,1,0,4,4,0,0,4,0,5,0,0,0
99,0,100,178,Woman,107.157,2,1,0,2,2,0,3,0,0,0,0,0,1,0,0,1,1,0,1,1,1.333333333,0.6,0.5,0,0.75,0.977777778,506,18,Woman,1.85,3,3,1,0.5,4,4,0,0,3,0,0,5,0,1
155,0,100,161,Woman,96.137,2,0,1,2,0,0,4,0,0,0,4,0,1,-1,-1,-1,-1,1,1,1,0.666666667,1.6,0.5,-1,0,1.088888889,884,18,Woman,1.85,2,2,4,4.5,1,4,0,0,1,0,5,0,5,4
164,0,100,136,Woman,61.101,0,0,0,2,0,1,0,0,0,0,0,1,0,2,2,2,2,2,1,0,1,0,0.5,2,1.75,0.333333333,723,18,Woman,1.9,4,4,0,3,3,1,0,0,4,0,0,0,3,3
200,0,100,192,Man,127.795,0,0,0,2,2,1,0,0,0,0,0,-2,-2,-2,-2,0,-1,-2,-2,0,1.666666667,0,-2,-2,-1.25,0.555555556,868,18,Man,1.9,4,4,2,3,4,1,0,0,1,0,0,0,4,2
205,0,100,116,Woman,54.186,0,2,1,3,0,0,0,0,0,0,0,1,1,-1,0,2,2,1,1,1,1,0,1,-0.5,1.5,0.666666667,225,18,Woman,1.9,5,2,2,0,4,2,1,0,1,2,1,4,0,0
220,0,100,366,Woman,172.519,0,2,0,1,0,3,3,0,0,0,0,1,0,-1,0,-2,-1,-1,-1,0.666666667,1.333333333,0.6,0.5,-0.5,-1.25,0.866666667,901,18,Woman,1.85,5,3,4,0.5,5,0,0,0,1,0,5,0,1,0
243,0,100,200,Another,118.83,0,0,3,5,3,3,4,0,0,3,0,-1,-2,-2,2,1,0,-2,-1,1,3.666666667,1.4,-1.5,0,-0.5,2.022222222,446,19,Other/prefer not to say,1.9,5,3,4,1,2,4,0,0,0,0,0,0,1,1
293,0,100,221,Woman,93.701,0,0,0,2,0,0,0,0,0,0,0,0,-1,0,0,-1,-1,-1,-1,0,0.666666667,0,-0.5,0,-1,0.222222222,197,18,Woman,1.85,4,2,3,2.5,1,3,0,0,2,1,1,1,2,3
297,0,100,211,Woman,143.951,1,2,2,3,4,4,1,3,2,3,2,1,1,0,0,1,1,2,2,1.666666667,3.666666667,2.2,1,0,1.5,2.511111111,381,18,Woman,1.85,3,4,1,1.5,5,2,0,0,2,0,5,0,2,1
327,0,100,122,Woman,55.132,4,0,1,2,3,0,0,0,0,0,2,0,-1,-2,1,-2,2,1,-2,1.666666667,1.666666667,0.4,-0.5,-0.5,-0.25,1.244444445,291,18,Woman,1.891421356,3,2,0,2.5,5,4,0,0,1,1.414213562,1,2,4,1
332,0,100,301,Woman,163.227,2,0,0,4,3,2,0,0,1,0,3,0,-1,-1,-1,-2,-2,0,-1,0.666666667,3,0.8,-0.5,-1,-1.25,1.488888889,708,19,Woman,1.85,4,3,0,1.5,2,3,0,0,1,4,4,4,0,3
355,0,100,197,Woman,104.678,0,0,0,0,0,0,3,0,0,0,0,0,1,-1,-1,1,0,0,1,0,0,0.6,0.5,-1,0.5,0.2,430,20,Woman,1.9,4,3,1,3,4,3,0,0,1,0,0,5,2,4
392,0,100,515,Woman,351,0,1,0,1,0,1,2,0,0,0,0,-1,-1,-2,0,1,-1,1,1,0.333333333,0.666666667,0.4,-1,-1,0.5,0.466666667,23,18,Woman,1.873606798,3,3,1,1.5,3,2,0,0,3,2.236067977,1,5,1,2
402,0,100,135,Woman,51.815,0,1,1,4,0,0,0,0,0,0,1,-1,-1,1,-2,-2,-2,-1,-1,0.666666667,1.333333333,0.2,-1,-0.5,-1.5,0.733333333,167,18,Woman,1.85,4,2,0,4.5,4,0,0,0,4,0,0,0,5,4
410,0,100,166,Woman,83.756,3,4,2,1,3,2,1,1,1,2,4,1,1,1,-1,1,0,1,1,3,2,1.8,1,0,0.75,2.266666667,860,19,Woman,1.85,5,3,1,1.5,4,1,0,0,3,0,0,0,0,3
414,0,100,914,Woman,623.225,4,3,1,4,0,2,0,0,0,0,2,1,-1,1,1,1,0,1,1,2.666666667,2,0.4,0,1,0.75,1.688888889,653,21,Woman,1.85,5,4,0,2.5,0,0,5,0,2,0,5,0,2,3
508,0,100,251,Woman,139.928,0,0,1,1,0,0,2,3,0,1,4,0,-1,0,1,1,0,2,1,0.333333333,0.333333333,2,-0.5,0.5,1,0.888888889,35,19,Woman,1.85,4,4,1,0.5,4,5,0,0,0,0,0,0,0,1
560,0,100,159,Woman,77.427,0,0,2,3,1,0,0,0,0,2,4,-1,-2,-2,-1,2,-2,0,-2,0.666666667,1.333333333,1.2,-1.5,-1.5,-0.5,1.066666667,192,19,Woman,1.9,5,4,0,1,3,2,0,0,4,0,5,0,1,1
599,0,100,176,Woman,109.538,4,3,4,5,0,3,1,0,0,0,0,2,1,2,0,2,1,2,2,3.666666667,2.666666667,0.2,1.5,1,1.75,2.177777778,7,19,Woman,1.9,5,4,0,0,4,5,0,0,1,0,5,0,0,0
615,0,100,260,Woman,145.067,0,0,0,0,0,0,1,0,0,0,0,1,0,0,0,1,1,1,0,0,0,0.2,0.5,0,0.75,0.066666667,260,18,Woman,1.944948974,4,4,1,0,4,2,0,0,2,2.449489743,3,2,0,0
627,0,100,182,Woman,114.771,0,0,0,1,0,1,0,0,0,0,0,1,0,1,1,-1,0,0,0,0,0.666666667,0,0.5,1,-0.25,0.222222222,347,18,Woman,1.944948974,4,4,2,0,5,0,0,0,2,2.449489743,3,2,0,0
639,0,100,125,Woman,60.466,4,2,4,4,1,2,0,0,0,0,0,1,2,-1,-2,1,0,-2,-1,3.333333333,2.333333333,0,1.5,-1.5,-0.5,1.888888889,111,18,Woman,1.85,5,5,0,1.5,5,2,0,0,0,0,0,5,2,1
661,0,100,191032,Woman,107.449,0,0,0,4,3,1,0,0,0,0,1,1,0,1,1,1,0,1,1,0,2.666666667,0.2,0.5,1,0.75,0.955555556,344,18,Woman,1.9,4,4,1,3,3,2,0,0,2,0,0,5,1,5
27,0,100,200,Woman,118.057,1,1,0,4,0,0,1,0,0,1,1,1,0,1,-1,0,1,1,2,0.666666667,1.333333333,0.6,0.5,0,1,0.866666667,581,20,Woman,1.8,3,1,3,2,4,4,0,0,1,0,4,0,3,1
61,0,100,141,Woman,73.633,5,5,2,2,1,1,0,0,0,0,0,1,-1,-1,1,0,1,-1,-1,4,1.333333333,0,0,0,-0.25,1.777777778,830,18,Woman,1.75,3,1,1,1.5,4,3,0,0,4,0,0,5,2,1
67,0,100,117,Woman,55.552,0,0,1,2,0,0,1,0,0,0,0,0,-2,-1,-1,-2,-2,-2,-2,0.333333333,0.666666667,0.2,-1,-1,-2,0.4,600,18,Woman,1.8,4,3,0,3,4,2,0,0,2,0,0,3,4,2
100,0,100,140,Woman,83.327,2,2,0,4,2,5,3,3,1,0,3,2,2,0,1,2,1,-2,-1,1.333333333,3.666666667,2,2,0.5,0,2.333333333,487,18,Woman,1.816,5,3,0,2,2,0,0,0,3,3.16,5,2,1,3
108,0,100,137,Woman,54.216,0,0,0,1,0,0,0,0,0,0,0,0,0,0,0,0,0,0,0,0,0.333333333,0,0,0,0,0.111111111,900,19,Woman,1.75,4,1,2,0.5,4,2,0,0,4,0,5,0,0,1
125,0,100,360,Woman,145.423,0,0,0,2,0,0,0,0,1,0,2,-1,0,-1,-2,-2,-2,1,1,0,0.666666667,0.6,-0.5,-1.5,-0.5,0.422222222,785,19,Woman,1.823,2,3,4,0.5,2,1,0,0,4,1.73,3,1,1,0
127,0,100,126,Woman,65.056,0,2,3,0,0,0,1,0,0,0,0,0,0,0,0,0,0,0,0,1.666666667,0,0.2,0,0,0,0.622222222,889,19,Woman,1.8,4,4,1,0,3,4,0,0,2,0,5,0,0,0
130,0,100,2486,Woman,823.415,4,4,4,4,5,4,5,4,4,3,4,1,0,1,1,2,1,1,1,4,4.333333333,4,0.5,1,1.25,4.111111111,675,21,Woman,1.8,3,2,2,3,4,3,0,0,1,0,4,0,3,3
136,0,100,174,Woman,109.162,0,2,0,2,2,0,2,0,0,0,0,-2,-2,-2,-2,-2,-2,-2,-2,0.666666667,1.333333333,0.4,-2,-2,-2,0.8,855,20,Woman,1.8,5,5,0,0,5,1,0,0,2,0,0,0,0,0
174,0,100,96306,Woman,102.417,0,0,0,0,0,0,2,0,0,0,0,-1,0,-2,-2,0,0,-2,-2,0,0,0.4,-0.5,-2,-1,0.133333333,277,18,Woman,1.75,4,4,0,1.5,2,2,0,0,4,0,0,1,1,2
175,0,100,183,Woman,46.401,0,0,0,0,0,0,0,0,0,0,0,-2,-2,-1,-2,-1,-1,1,-2,0,0,0,-2,-1.5,-0.75,0,133,18,Woman,1.8,5,5,0,1,5,2,0,0,0,0,4,0,1,1
183,0,100,225,Woman,113.921,3,1,3,5,2,0,3,0,0,0,0,1,1,1,-1,1,2,1,2,2.333333333,2.333333333,0.6,1,0,1.5,1.755555555,338,18,Woman,1.8,5,4,0,2,3,4,0,0,0,0,0,2,3,1
191,0,100,299,Woman,189.933,0,2,1,3,3,3,5,1,5,2,4,1,2,2,0,0,2,2,2,1,3,3.4,1.5,1,1.5,2.466666667,276,18,Woman,1.791421356,3,2,2,3.5,2,2,1,0,1,1.414213562,2,1,4,3
255,0,100,294,Woman,163.155,0,0,0,2,0,0,5,2,0,0,3,1,1,0,0,2,1,2,0,0,0.666666667,2,1,0,1.25,0.888888889,697,25,Woman,1.75,5,2,0,2.5,3,2,0,0,3,0,5,0,4,1
261,0,100,90,Woman,44.75,0,1,0,0,0,0,0,0,1,1,0,0,0,0,0,0,0,0,0,0.333333333,0,0.4,0,0,0,0.244444444,725,18,Woman,1.8,3,2,0,1,2,3,0,5,2,0,0,0,1,1
263,0,100,194,Woman,110.48,4,5,3,0,0,0,3,3,0,3,2,1,1,-2,-2,0,-1,1,0,4,0,2.2,1,-2,0,2.066666667,186,19,Woman,1.75,4,4,1,2.5,3,3,0,0,0,0,4,0,1,4
268,0,100,347,Woman,201.892,0,0,0,2,1,0,4,0,4,1,4,-1,-2,1,0,-1,-1,1,1,0,1,2.6,-1.5,0.5,0,1.2,659,57,Woman,1.75,4,4,0,2.5,3,4,0,0,0,0,0,3,2,3
282,0,100,175,Woman,86.949,0,0,1,0,0,0,0,0,0,0,0,-2,-1,-1,-2,-1,-1,-1,-2,0.333333333,0,0,-1.5,-1.5,-1.25,0.111111111,874,18,Woman,1.8,3,4,0,2,4,3,1,0,1,0,0,0,3,1
287,0,100,278,Woman,120.357,2,4,0,1,0,0,0,0,0,0,0,-1,-1,-1,-1,-1,-2,0,-1,2,0.333333333,0,-1,-1,-1,0.777777778,515,19,Woman,1.8,2,3,0,5,3,0,0,0,0,5,5,5,5,5
309,0,100,393,Woman,269.346,1,0,0,2,1,0,0,1,1,0,1,1,0,-1,-1,0,0,-1,-1,0.333333333,1,0.6,0.5,-1,-0.5,0.644444444,568,18,Woman,1.8,3,4,0,1,3,3,0,0,4,0,0,4,1,1
326,0,100,178,Woman,75.526,0,0,2,5,5,5,0,0,0,0,3,0,0,1,-1,-2,-2,1,-1,0.666666667,5,0.6,0,0,-1,2.088888889,392,18,Woman,1.8,5,4,0,0,4,4,0,0,1,0,0,0,0,0
380,0,100,407,Woman,224.449,1,0,5,5,5,5,5,4,0,5,0,1,0,1,-1,2,0,1,2,2,5,2.8,0.5,0,1.25,3.266666667,842,18,Woman,1.75,5,4,0,2.5,3,3,0,0,0,0,3,0,1,4
426,0,100,187,Woman,63.778,1,1,0,4,3,3,3,3,2,2,2,0,0,0,1,1,-2,0,-1,0.666666667,3.333333333,2.4,0,0.5,-0.5,2.133333333,441,20,Woman,1.8,3,3,4,0,3,3,0,0,2,0,0,1,0,0
435,0,100,210,Man,57.627,0,0,0,0,0,0,0,0,0,0,0,-1,1,0,0,0,1,-1,-1,0,0,0,0,0,-0.25,0,83,18,Man,1.8,5,5,0,0,4,3,1,0,0,0,5,0,0,0
451,0,100,199,Woman,105.983,1,0,1,2,1,0,2,1,1,0,1,1,2,-1,-1,0,0,2,1,0.666666667,1,1,1.5,-1,0.75,0.888888889,256,18,Woman,1.8,5,4,0,0,1,3,0,0,3,2,2,2,0,0
455,0,100,173,Woman,91.614,0,0,0,2,1,3,1,1,0,1,0,0,1,1,-1,1,2,1,0,0,2,0.6,0.5,0,1,0.866666667,354,18,Woman,1.75,4,3,1,0.5,4,2,0,0,3,0,0,3,1,0
460,0,100,169,Another,98.078,0,0,2,1,0,1,4,0,0,1,0,-2,-2,-2,-2,1,1,1,1,0.666666667,0.666666667,1,-2,-2,1,0.777777778,254,18,Non-binary,1.8,3,2,4,1,2,2,2,0,2,0,0,5,1,1
483,0,100,135,Woman,60.969,0,0,0,0,0,0,0,0,0,0,0,-1,0,-2,0,0,0,0,-2,0,0,0,-0.5,-1,-0.5,0,183,18,Woman,1.8,4,2,0,0,1,4,0,5,2,0,5,0,0,0
497,0,100,272,Woman,201.546,0,0,1,0,0,0,1,0,0,0,0,-1,0,-2,-2,1,1,1,0,0.333333333,0,0.2,-0.5,-2,0.75,0.177777778,84,19,Woman,1.8,4,4,1,2,2,3,0,0,2,0,3,0,2,2
528,0,100,336,Woman,215.05,2,2,3,5,5,3,3,3,2,3,3,0,0,1,0,1,1,0,0,2.333333333,4.333333333,2.8,0,0.5,0.5,3.155555555,549,18,Woman,1.8,4,5,1,0,4,3,0,0,1,0,0,4,0,0
573,0,100,173,Woman,99.443,1,0,0,3,3,3,2,1,2,0,0,-1,1,1,1,2,1,1,2,0.333333333,3,1,0,1,1.5,1.444444444,43,18,Woman,1.846410162,4,3,0,3,3,1,0,0,1,3.464101615,4,3,2,4
576,0,100,238,Woman,125.546,0,0,0,0,1,0,4,5,0,5,5,-1,-1,2,2,2,2,2,2,0,0.333333333,3.8,-1,2,2,1.377777778,894,18,Woman,1.75,3,2,1,2.5,4,2,0,0,3,0,0,0,3,2
592,0,100,224,Woman,101.072,0,0,0,1,3,0,1,4,1,0,4,0,0,0,-2,1,0,2,1,0,1.333333333,2,0,-1,1,1.111111111,65,19,Woman,1.75,5,2,2,0.5,2,3,0,0,3,0,5,0,0,1
600,0,100,461,Woman,311.045,3,2,2,5,4,3,5,2,3,3,3,1,1,2,2,1,1,2,2,2.333333333,4,3.2,1,2,1.5,3.177777778,438,20,Woman,1.75,5,4,0,1.5,3,2,0,0,2,0,0,5,1,2
604,0,100,165,Man,80.301,0,0,0,2,1,0,0,0,0,0,0,-1,-1,-2,-2,-2,-2,-2,-2,0,1,0,-1,-2,-2,0.333333333,331,18,Man,1.8,4,4,1,0,4,4,0,0,1,0,4,0,0,0
612,0,100,186,Woman,120.317,5,0,0,3,3,0,0,0,3,0,0,0,-1,1,1,-1,1,1,0,1.666666667,2,0.6,-0.5,1,0.25,1.422222222,323,18,Woman,1.8,4,3,0,0,4,2,0,0,5,0,0,3,0,0
2,0,100,192,Woman,86.907,0,0,0,2,2,0,0,0,3,0,5,2,0,1,2,1,-1,2,0,0,1.333333333,1.6,1,1.5,0.5,0.977777778,583,18,Woman,1.7,3,4,0,2,3,2,0,2,1,0,4,0,4,0
10,0,100,153,Woman,53.418,0,0,0,0,0,0,0,0,0,0,0,-1,-1,-1,-1,-1,-1,-1,-1,0,0,0,-1,-1,-1,0,752,18,Woman,1.7,2,3,1,2,5,4,0,0,0,0,0,1,2,2
45,0,100,50,Woman,23.011,0,2,1,3,1,2,1,0,0,0,0,-2,-2,-2,-2,-2,-2,-2,-2,1,2,0.2,-2,-2,-2,1.066666667,480,18,Woman,1.65,4,3,0,3.5,2,2,1,0,1,0,0,5,3,4
46,0,100,163,Another,84.912,0,0,2,3,4,1,0,0,0,0,0,1,0,-1,0,-1,1,-1,-2,0.666666667,2.666666667,0,0.5,-0.5,-0.75,1.111111111,853,19,Non-binary,1.65,4,5,0,0.5,2,2,0,0,3,0,5,0,0,1
54,0,100,128,Woman,49.578,0,0,2,0,0,0,0,0,0,0,0,-1,-2,-2,1,2,1,2,2,0.666666667,0,0,-1.5,-0.5,1.75,0.222222222,702,18,Woman,1.65,3,3,2,2.5,1,1,0,0,4,0,5,0,1,4
85,0,100,100,Woman,45.546,0,0,2,1,0,0,1,0,1,0,1,0,0,-1,0,0,-1,1,1,0.666666667,0.333333333,0.6,0,-0.5,0.25,0.533333333,539,19,Woman,1.7,4,3,1,2,2,0,0,0,3,2,1,4,2,2
89,0,100,156,Woman,92.822,0,0,2,3,2,1,4,5,5,2,3,-1,1,-2,0,2,1,2,1,0.666666667,2,3.8,0,-1,1.5,2.155555556,493,18,Woman,1.7,3,5,1,1,2,0,0,0,3,2,4,1,0,2
121,0,100,220,Woman,59.662,0,0,0,0,0,0,0,0,0,0,0,0,0,0,0,0,0,0,0,0,0,0,0,0,0,0,461,18,Woman,1.65,3,2,3,1.5,3,4,0,0,0,0,0,0,1,2
153,0,100,209,Man,134.846,0,0,0,0,0,0,0,0,0,0,1,-1,-1,-1,-1,-1,0,-1,-1,0,0,0.2,-1,-1,-0.75,0.066666667,836,27,Man,1.7,4,3,2,4,2,2,0,0,0,0,0,0,4,4
189,0,100,98,Woman,41.992,0,0,0,0,0,0,0,0,0,0,0,-1,-1,-1,-1,0,0,0,0,0,0,0,-1,-1,0,0,348,19,Woman,1.65,4,3,0,1.5,5,3,0,0,0,0,0,5,2,1
192,0,100,200,Another,103.34,0,0,0,2,0,0,0,0,0,0,0,-2,-2,-2,-2,-2,-2,-2,-2,0,0.666666667,0,-2,-2,-2,0.222222222,201,19,Non-binary,1.747213596,3,1,3,3,0,0,0,0,3,4.472135955,5,4,3,3
194,0,100,224,Woman,82.627,3,2,1,1,1,1,3,0,1,1,3,1,0,-1,-1,0,-1,1,0,2,1,1.6,0.5,-1,0,1.533333333,679,18,Woman,1.7,4,3,1,2,3,3,0,0,1,0,0,4,2,2
195,0,100,353,Man,222.375,3,3,4,4,4,0,2,0,0,0,3,-1,-1,1,0,1,1,-1,-1,3.333333333,2.666666667,1,-1,0.5,0,2.333333333,224,18,Man,1.7,5,2,0,3,3,3,0,0,1,0,5,0,2,4
201,0,100,125,Woman,61.804,0,0,1,1,1,1,0,0,0,0,0,0,0,-1,-1,0,0,0,0,0.333333333,1,0,0,-1,0,0.444444444,533,18,Woman,1.7,2,2,3,2,2,3,0,0,3,0,0,1,2,2
222,0,100,245,Woman,168,3,3,4,5,3,1,5,2,0,1,3,1,1,2,-1,0,0,1,0,3.333333333,3,2.2,1,0.5,0.25,2.844444444,123,27,Woman,1.7,4,4,0,1,3,2,0,0,3,0,0,3,0,2
226,0,100,269,Woman,161.75,3,1,3,2,4,0,2,0,0,0,0,1,1,1,1,-1,-1,1,0,2.333333333,2,0.4,1,1,-0.25,1.577777778,271,18,Woman,1.65,4,4,0,3.5,3,2,0,0,0,0,0,0,2,5
235,0,100,98,Woman,47.555,0,0,0,5,4,4,0,0,0,0,0,-2,-2,-2,-2,-2,-2,-2,-2,0,4.333333333,0,-2,-2,-2,1.444444444,324,20,Woman,1.65,4,3,0,1.5,3,3,0,0,2,0,0,5,2,1
248,0,100,50,Woman,17.952,4,4,3,2,2,3,4,4,4,3,3,1,0,1,0,1,1,2,1,3.666666667,2.333333333,3.6,0.5,0.5,1.25,3.2,720,18,Woman,1.7,4,4,1,0,4,3,0,0,1,0,0,1,0,0
279,0,100,144,Woman,76.73,0,0,0,2,2,0,3,1,0,0,0,-1,-2,-2,-1,-1,0,0,1,0,1.333333333,0.8,-1.5,-1.5,0,0.711111111,472,18,Woman,1.65,2,3,1,1.5,4,3,0,0,2,0,0,3,1,2
307,0,100,113,Woman,55.905,3,3,1,2,1,1,3,0,0,1,0,1,1,-1,-1,-1,-1,-1,1,2.333333333,1.333333333,0.8,1,-1,-0.5,1.488888889,824,18,Woman,1.65,4,3,1,1.5,3,1,2,0,1,0,0,1,1,2
323,0,100,203,Woman,113.196,0,0,1,0,0,0,3,1,0,0,0,2,1,2,1,2,1,2,1,0.333333333,0,0.8,1.5,1.5,1.5,0.377777778,303,18,Woman,1.65,5,2,0,0.5,5,3,0,0,1,0,5,0,0,1
344,0,100,113,Woman,50.907,1,0,1,0,0,0,3,3,3,0,0,0,1,1,-1,-2,0,-2,0,0.666666667,0,1.8,0.5,0,-1,0.822222222,557,18,Woman,1.7,4,2,0,1,3,2,0,0,5,0,0,0,1,1
346,0,100,155,Woman,80.993,0,0,0,0,1,0,0,0,0,0,0,0,0,0,0,0,0,0,0,0,0.333333333,0,0,0,0,0.111111111,185,18,Woman,1.7,4,4,0,0,1,1,0,3,4,0,5,0,0,0
361,0,100,164,Woman,84.922,0,0,0,2,4,0,0,0,0,0,0,-2,-2,-1,-1,0,-2,-2,-2,0,2,0,-2,-1,-1.5,0.666666667,327,19,Woman,1.7,5,4,0,0,5,3,0,0,0,0,5,0,0,0
373,0,100,173,Woman,81.623,0,3,3,4,4,5,4,0,0,0,4,2,0,1,1,2,2,2,2,2,4.333333333,1.6,1,1,2,2.644444444,775,28,Woman,1.7,4,3,2,0,5,3,0,0,0,0,0,0,0,0
413,0,100,124,Man,53.814,0,0,0,0,0,0,0,0,0,0,0,0,-1,-2,-2,-2,-2,-2,-2,0,0,0,-0.5,-2,-2,0,345,19,Man,1.7,2,3,0,0,4,5,0,0,3,0,5,0,0,0
438,0,100,171,Woman,97.502,1,3,1,4,4,2,4,4,2,0,1,2,2,2,1,2,2,2,2,1.666666667,3.333333333,2.2,2,1.5,2,2.4,46,18,Woman,1.723205081,5,4,0,0.5,4,1,0,0,1,1.732050808,3,1,1,0
470,0,100,293,Woman,143.059,1,0,0,2,1,0,1,0,1,0,3,0,0,0,0,1,1,1,1,0.333333333,1,1,0,0,1,0.777777778,898,18,Woman,1.7,2,4,0,3,3,2,0,0,3,0,0,4,4,2
473,0,100,171,Woman,102.147,0,0,3,2,0,2,5,2,1,0,3,1,1,0,-1,-2,2,2,2,1,1.333333333,2.2,1,-0.5,1,1.511111111,71,19,Woman,1.7,4,5,1,1,2,3,0,0,1,0,4,0,1,1
536,0,100,139,Woman,56.726,0,0,0,3,0,0,4,0,3,0,0,0,0,1,0,-1,0,1,1,0,1,1.4,0,0.5,0.25,0.8,110,19,Woman,1.741421356,4,4,0,0,3,5,0,0,0,1.414213562,2,1,0,0
550,0,100,135,Woman,53.706,0,0,0,3,2,0,0,0,1,0,0,1,1,0,0,-1,0,0,1,0,1.666666667,0.2,1,0,0,0.622222222,193,18,Woman,1.682842713,2,1,3,3,3,0,0,0,2,2.828427125,4,2,3,3
572,0,100,217,Woman,129.191,0,1,0,2,1,0,3,0,1,1,1,1,1,-1,-2,-1,-1,1,1,0.333333333,1,1.2,1,-1.5,0,0.844444444,24,18,Woman,1.7,4,4,1,2,4,2,0,0,0,0,5,0,2,2
588,0,100,139,Woman,75.086,0,0,1,4,2,1,3,0,0,1,0,0,1,1,1,2,1,2,1,0.333333333,2.333333333,0.8,0.5,1,1.5,1.155555555,330,18,Woman,1.65,3,3,1,1.5,3,4,0,0,1,0,0,0,2,1
594,0,100,200,Woman,86.362,0,0,0,2,1,0,0,0,0,0,0,-1,1,0,-2,-1,1,-1,-1,0,1,0,0,-1,-0.5,0.333333333,263,18,Woman,1.723606798,3,4,1,2,3,1,0,0,1,2.236067977,5,1,1,3
621,0,100,561,Woman,496.602,0,0,2,3,2,4,5,2,2,1,1,2,1,1,2,1,2,1,1,0.666666667,3,2.2,1.5,1.5,1.25,1.955555556,460,18,Woman,1.65,4,3,1,0.5,4,2,0,0,2,0,5,0,0,1
638,0,100,215,Woman,89.641,1,0,0,1,0,0,0,0,0,2,0,-1,-1,-2,-2,-1,-1,-1,-1,0.333333333,0.333333333,0.4,-1,-2,-1,0.355555555,266,18,Woman,1.7,3,5,2,0,4,3,0,0,0,0,5,0,0,0
640,0,100,362,Man,97.244,0,0,0,2,1,2,4,0,1,0,3,-2,-1,-1,-2,-2,0,2,-1,0,1.666666667,1.6,-1.5,-1.5,-0.25,1.088888889,22,18,Man,1.7,4,4,2,1,3,3,0,0,0,0,1,0,1,1
651,0,100,136,Woman,68.626,2,1,4,5,5,5,4,1,0,0,0,1,1,1,0,-1,-2,-2,-2,2.333333333,5,1,1,0.5,-1.75,2.777777778,635,18,Woman,1.65,4,3,1,1.5,3,3,0,0,1,0,5,0,2,1
6,0,100,143,Man,68.66,0,1,0,2,1,0,0,0,0,0,0,0,-1,-1,-1,1,-2,-2,-2,0.333333333,1,0,-0.5,-1,-1.25,0.444444444,569,19,Man,1.6,4,4,0,0,3,2,0,0,3,0,0,0,0,0
11,0,100,192,Woman,96.909,0,0,0,1,1,0,2,0,0,1,0,0,1,-1,0,0,1,1,0,0,0.666666667,0.6,0.5,-0.5,0.5,0.422222222,508,19,Woman,1.55,4,3,1,0.5,4,2,0,0,1,0,0,5,0,1
40,0,100,241,Woman,153.986,0,0,0,2,0,0,0,0,0,0,1,0,0,1,-1,1,1,1,0,0,0.666666667,0.2,0,0,0.75,0.288888889,510,19,Woman,1.6,3,3,0,1,2,3,0,0,4,0,0,0,0,2
60,0,100,133,Woman,61.239,0,0,0,1,0,0,4,4,3,2,3,1,2,-1,0,2,-2,2,2,0,0.333333333,3.2,1.5,-0.5,1,1.177777778,763,19,Woman,1.6,5,5,0,0,4,2,0,0,0,0,0,0,0,0
134,0,100,225,Woman,122.601,1,1,0,0,0,0,0,0,0,0,0,0,1,-2,-2,-1,0,1,0,0.666666667,0,0,0.5,-2,0,0.222222222,738,18,Woman,1.6,4,4,0,0,2,1,0,0,5,0,3,0,0,0
202,0,100,99,Woman,45.02,0,0,0,0,0,0,1,0,0,0,0,-2,-2,-2,-2,2,-2,-2,1,0,0,0.2,-2,-2,-0.25,0.066666667,187,18,Woman,1.55,4,1,0,3.5,3,4,0,0,0,0,5,0,4,3
256,0,100,154,Woman,77.389,0,0,3,3,0,0,4,0,0,0,4,0,0,-2,-2,0,0,1,1,1,1,1.6,0,-2,0.5,1.2,612,21,Woman,1.595,2,2,3,0.5,2,2,1,0,1,2.45,2,3,0,1
270,0,100,175,Woman,109.3,1,0,0,0,0,0,0,0,0,0,0,0,1,0,-1,0,1,1,1,0.333333333,0,0,0.5,-0.5,0.75,0.111111111,620,18,Woman,1.624,3,1,0,2,3,2,0,0,3,2.24,1,5,2,2
324,0,100,271,Woman,157.301,1,1,0,2,1,0,0,0,1,0,1,1,-1,-1,0,-1,-1,-1,-1,0.666666667,1,0.4,0,-0.5,-1,0.688888889,416,19,Woman,1.641421356,4,5,1,0,3,2,0,0,0,1.414213562,2,1,0,0
370,0,100,85713,Woman,147.13,5,4,4,2,1,0,0,0,0,0,2,2,0,0,1,-1,0,1,1,4.333333333,1,0.4,1,0.5,0.25,1.911111111,105,18,Woman,1.6,4,2,0,1,4,1,2,0,2,0,5,0,2,0
377,0,100,137,Man,90.53,2,2,1,5,5,5,4,1,2,0,3,-1,-1,2,2,2,2,0,0,1.666666667,5,2,-1,2,1,2.888888889,517,20,Man,1.55,5,2,0,1.5,3,1,3,0,0,0,0,5,3,0
385,0,100,302,Woman,246.703,1,1,4,5,2,1,1,1,1,0,0,2,2,1,0,2,2,2,2,2,2.666666667,0.6,2,0.5,2,1.755555556,195,24,Woman,1.55,2,4,3,1.5,1,3,0,0,1,0,5,0,2,1
394,0,100,284,Woman,105.836,0,0,0,0,0,0,2,3,0,0,0,-2,0,-2,-2,0,-2,0,-1,0,0,1,-1,-2,-0.75,0.333333333,733,18,Woman,1.6,4,2,1,2,3,4,0,0,0,0,4,0,2,2
417,0,100,126,Another,63.585,0,0,0,4,2,3,0,0,0,0,0,-2,-2,-2,-2,0,-2,-2,-2,0,3,0,-2,-2,-1.5,1,630,19,Woman,1.6,5,5,0,2,1,0,0,0,3,0,0,0,1,3
427,0,100,144,Man,60.148,0,0,0,3,0,0,0,0,0,0,0,0,0,0,0,0,1,1,1,0,1,0,0,0,0.75,0.333333333,70,18,Other/prefer not to say,1.55,5,3,3,2.5,0,0,0,0,2,0,5,0,0,5
454,0,100,288,Woman,153.321,0,1,2,0,0,0,4,1,0,0,4,0,2,1,-1,1,0,2,1,1,0,1.8,1,0,1,0.933333333,309,19,Woman,1.55,3,4,0,0.5,3,2,3,0,0,0,0,5,1,0
464,0,100,133,Woman,64.548,2,1,0,1,1,1,2,1,2,1,0,-1,1,1,-2,1,-2,1,1,1,1,1.2,0,-0.5,0.25,1.066666667,128,18,Woman,1.6,4,2,1,2,4,1,0,0,2,0,3,0,3,1
482,0,100,134,Woman,75.475,0,0,1,3,3,1,2,1,0,0,4,-2,2,-2,-2,0,0,1,-1,0.333333333,2.333333333,1.4,0,-2,0,1.355555555,176,21,Woman,1.6,4,3,0,0,4,2,0,0,3,0,5,0,0,0
491,0,100,174,Woman,102.762,3,1,3,5,5,3,5,1,3,2,0,-1,0,2,-1,2,-1,2,2,2.333333333,4.333333333,2.2,-0.5,0.5,1.25,2.955555555,104,18,Woman,1.623606798,5,2,0,0,5,2,0,0,0,2.236067977,5,1,0,0
507,0,100,181,Woman,93.04,0,0,0,1,2,0,4,4,4,3,5,1,2,1,1,1,1,2,1,0,1,4,1.5,1,1.25,1.666666667,427,23,Woman,1.55,4,1,0,4.5,3,2,0,0,1,0,1,0,4,5
516,0,100,263,Woman,128.102,1,2,0,4,2,4,2,0,0,0,0,-2,-1,-1,-2,-2,-2,0,-2,1,3.333333333,0.4,-1.5,-1.5,-1.5,1.577777778,175,18,Woman,1.55,5,3,2,1.5,2,1,1,0,0,0,1,0,2,1
527,0,100,478,Woman,125.046,0,0,0,1,0,2,0,0,1,0,0,-1,1,-1,-1,-1,1,-1,-1,0,1,0.2,0,-1,-0.5,0.4,899,18,Woman,1.6,4,4,1,0,4,2,0,0,1,0,5,0,0,0
540,0,100,282,Woman,103.104,0,0,0,0,0,0,0,0,0,0,0,0,0,-1,-1,0,0,1,1,0,0,0,0,-1,0.5,0,363,19,Woman,1.582842713,2,2,0,3,3,1,0,0,2,2.828427125,4,2,4,2
546,0,100,176,Woman,74.341,1,1,0,1,0,0,0,0,0,0,1,0,0,-1,-1,0,0,0,0,0.666666667,0.333333333,0.2,0,-1,0,0.4,682,18,Woman,1.6,3,2,2,2,3,3,0,0,1,0,5,0,1,3
552,0,100,232,Woman,133.197,1,4,1,4,0,2,3,0,0,0,0,1,1,-1,1,1,1,0,1,2,2,0.6,1,0,0.75,1.533333333,196,19,Woman,1.6,5,4,1,1,5,0,0,0,0,0,5,0,1,1
559,0,100,125,Woman,70.901,0,0,1,4,1,2,0,0,0,0,0,0,-1,-1,1,0,-1,-2,0,0.333333333,2.333333333,0,-0.5,0,-0.75,0.888888889,181,18,Woman,1.6,4,3,1,0,3,2,2,0,1,0,5,0,0,0
571,0,100,435,Man,215.684,1,1,0,2,1,0,3,0,1,5,3,-1,-1,-1,-1,1,-1,1,0,0.666666667,1,2.4,-1,-1,0.25,1.355555556,203,18,Man,1.55,3,4,4,1.5,1,1,1,0,0,0,0,2,0,3
582,0,100,225,Man,123.466,4,0,0,3,3,0,4,0,0,0,0,0,0,0,0,1,0,1,0,1.333333333,2,0.8,0,0,0.5,1.377777778,765,18,Man,1.6,3,3,1,0,4,3,0,0,2,0,2,0,0,0
589,0,100,282,Woman,183.502,0,0,0,2,2,0,0,0,0,0,0,-2,-2,0,-1,-2,-2,-2,-2,0,1.333333333,0,-2,-0.5,-2,0.444444444,447,19,Woman,1.6,4,3,1,0,3,3,1,0,1,0,3,0,0,0
595,0,100,255,Woman,162.902,1,0,1,5,4,1,4,3,1,5,5,1,0,2,2,2,2,2,2,0.666666667,3.333333333,3.6,0.5,2,2,2.533333333,731,18,Woman,1.6,5,4,1,0,4,2,0,0,0,0,5,0,0,0
602,0,100,174,Woman,99.854,1,2,2,4,1,0,1,1,1,1,0,0,1,1,-1,-1,-1,1,1,1.666666667,1.666666667,0.8,0.5,0,0,1.377777778,269,18,Woman,1.6,3,4,0,2,3,3,0,0,0,1,1,1,2,2
622,0,100,394,Woman,60.305,0,1,1,2,0,0,3,0,0,0,0,0,0,1,1,-1,1,1,1,0.666666667,0.666666667,0.6,0,1,0.5,0.644444445,492,18,Woman,1.6,4,5,0,1,3,1,0,0,2,0,0,5,2,0
643,0,100,125,Woman,53.681,0,0,2,3,3,0,0,0,0,0,0,-2,-1,-1,-1,-1,0,0,-2,0.666666667,2,0,-1.5,-1,-0.75,0.888888889,810,18,Woman,1.6,4,2,0,0,3,3,0,0,4,0,0,5,0,0
664,0,100,1171,Man,1013.167,3,1,1,1,1,3,3,3,3,0,1,-1,0,0,0,0,0,0,0,1.666666667,1.666666667,2,-0.5,0,0,1.777777778,599,18,Man,1.6,4,3,1,0,3,3,0,0,2,0,0,0,0,0
672,0,100,168,Woman,99.06,0,0,0,3,3,0,0,0,0,0,3,-2,-2,-2,-2,0,-2,-2,-2,0,2,0.6,-2,-2,-1.5,0.866666667,648,19,Woman,1.583,3,5,0,3,0,1,0,0,1,2.83,4,2,3,3
73,0,100,369,Woman,325.548,0,0,0,0,0,0,0,0,0,0,0,-2,-2,-2,-2,-2,-1,0,-2,0,0,0,-2,-2,-1.25,0,795,19,Woman,1.5,3,3,1,3,3,2,0,0,0,0,0,5,5,1
80,0,100,189,Man,113.406,2,2,3,5,4,3,3,0,0,0,4,1,1,1,2,2,1,1,1,2.333333333,4,1.4,1,1.5,1.25,2.577777778,695,21,Man,1.45,2,4,1,1.5,2,1,0,0,3,0,5,0,0,3
124,0,100,222,Woman,103.883,3,2,1,0,1,2,3,0,0,0,0,1,0,0,0,0,-1,1,2,2,1,0.6,0.5,0,0.5,1.2,689,18,Woman,1.45,5,3,1,1.5,4,0,0,0,0,0,0,4,2,1
140,0,100,513,Man,47.779,0,0,0,0,0,0,0,0,0,0,3,0,1,0,0,2,-1,1,1,0,0,0.6,0.5,0,0.75,0.2,777,18,Man,1.45,2,1,0,0.5,4,3,0,0,4,0,0,0,1,0
215,0,100,232,Woman,149.889,0,1,0,2,2,1,1,1,1,0,2,-1,0,0,-1,0,1,1,0,0.333333333,1.666666667,1,-0.5,-0.5,0.5,1,149,20,Woman,1.5,3,1,2,1,4,2,0,0,0,2,2,2,1,1
240,0,100,252,Man,85.051,0,0,0,0,0,0,0,0,0,0,0,1,-1,0,-1,0,-1,0,0,0,0,0,0,-0.5,-0.25,0,502,20,Man,1.45,3,3,2,2.5,2,1,0,0,1,0,3,0,2,3
241,0,100,439,Man,327.086,0,0,0,0,0,0,1,0,1,0,0,-2,-2,-2,-2,-2,-2,-2,-2,0,0,0.4,-2,-2,-2,0.133333333,240,19,Man,1.5,1,3,1,3,2,4,0,0,1,0,4,0,2,4
244,0,100,211,Woman,104.087,0,0,0,2,0,2,0,0,0,0,0,-2,-2,-2,-2,-2,-2,-2,-2,0,1.333333333,0,-2,-2,-2,0.444444444,507,18,Woman,1.5,4,4,1,0,3,3,0,0,0,0,5,0,0,0
265,0,100,303,Woman,102.097,0,0,0,0,0,0,0,0,0,0,0,-1,-2,-2,-2,-1,-1,-1,0,0,0,0,-1.5,-2,-0.75,0,349,18,Woman,1.5,4,2,0,0,3,4,0,0,2,0,0,5,0,0
278,0,100,136,Man,61.014,0,0,0,2,1,1,0,0,0,0,1,-1,-1,-1,-1,0,0,0,-1,0,1.333333333,0.2,-1,-1,-0.25,0.511111111,638,18,Man,1.541,2,3,4,2,2,1,0,0,0,1.41,2,1,2,2
291,0,100,150,Woman,80.373,0,0,1,1,0,0,1,0,0,0,1,0,1,1,1,0,1,1,1,0.333333333,0.333333333,0.4,0.5,1,0.75,0.355555555,48,19,Woman,1.5,2,1,4,4,1,3,0,0,0,0,1,0,4,4
316,0,100,89,Woman,36.629,0,1,0,0,0,0,0,0,0,0,0,1,1,1,1,0,1,1,1,0.333333333,0,0,1,1,0.75,0.111111111,852,18,Woman,1.5,4,3,0,0,3,1,0,0,4,0,0,3,0,0
320,0,100,254,Woman,133.514,0,0,0,0,0,1,0,0,0,0,0,-2,-2,-1,-2,-2,-2,-1,-2,0,0.333333333,0,-2,-1.5,-1.75,0.111111111,434,19,Woman,1.5,3,1,2,3,1,5,0,0,0,0,4,0,2,4
333,0,100,191,Woman,97.346,0,0,0,0,0,0,0,0,0,0,5,-2,-2,-2,-2,2,-2,2,2,0,0,1,-2,-2,1,0.333333333,439,19,Woman,1.45,3,3,2,0.5,1,0,0,5,0,0,5,0,1,0
342,0,100,131,Man,57.083,0,0,1,2,1,1,1,0,0,0,1,1,0,0,-1,1,-1,1,-1,0.333333333,1.333333333,0.4,0.5,-0.5,0,0.688888889,623,19,Man,1.45,4,4,0,0.5,2,3,0,0,1,0,1,0,0,1
351,0,100,172,Woman,117.989,0,0,0,0,0,0,0,0,0,0,0,0,0,-1,-1,1,0,1,0,0,0,0,0,-1,0.5,0,215,20,Woman,1.5,4,4,0,0,3,0,0,0,4,0,5,0,0,0
359,0,100,169,Woman,64.598,0,0,0,0,0,0,0,0,0,0,0,-1,1,1,1,0,-1,-1,-1,0,0,0,0,1,-0.75,0,77,19,Woman,1.45,3,2,0,0.5,3,5,0,0,1,0,4,0,0,1
374,0,100,194,Woman,96.442,0,0,0,0,0,0,1,0,0,1,1,-1,1,1,-1,-1,-1,-1,-1,0,0,0.6,0,0,-1,0.2,687,18,Woman,1.45,3,1,0,2.5,3,3,0,0,2,0,0,4,3,2
399,0,100,174,Woman,81.607,0,0,0,0,0,0,0,0,0,0,0,-2,-2,-2,-2,0,-2,0,0,0,0,0,-2,-2,-0.5,0,649,19,Woman,1.5,2,2,3,0,3,3,0,0,1,1,1,1,0,0
440,0,100,119,Woman,58.034,0,0,0,1,0,0,2,0,0,0,2,-2,-2,0,-2,2,2,2,2,0,0.333333333,0.8,-2,-1,2,0.377777778,166,20,Woman,1.5,0,5,2,3,3,0,1,1,0,0,1,0,3,3
453,0,100,147,Woman,68.057,0,0,0,3,3,3,0,0,0,0,0,-2,-2,-2,-1,-2,-2,-2,-2,0,3,0,-2,-1.5,-2,1,850,19,Woman,1.5,2,1,3,0,3,3,0,0,3,0,0,2,0,0
465,0,100,193,Woman,78.974,0,0,0,0,0,0,3,1,1,0,0,0,0,1,-1,2,0,1,1,0,0,1,0,0,1,0.333333333,106,18,Woman,1.523205081,3,1,0,1.5,3,4,0,0,1,1.732050808,3,1,2,1
501,0,100,295,Another,132.484,0,0,0,4,3,0,4,5,5,3,3,-1,-1,1,-1,1,0,1,1,0,2.333333333,4,-1,0,0.75,2.111111111,295,19,Non-binary,1.45,4,5,0,2.5,1,2,0,0,0,0,5,0,1,4
504,0,100,217,Another,81.962,0,0,0,2,2,0,0,0,0,0,0,1,0,1,0,0,0,0,1,0,1.333333333,0,0.5,0.5,0.25,0.444444444,390,18,Non-binary,1.45,3,4,1,0.5,2,1,0,0,3,0,5,0,0,1
562,0,100,75,Another,32.379,0,0,0,4,1,0,0,0,0,0,0,0,0,1,-1,1,-1,0,0,0,1.666666667,0,0,0,0,0.555555556,804,19,Non-binary,1.5,4,3,0,0,5,2,0,0,1,0,5,0,0,0
597,0,100,151,Woman,64.786,0,1,3,4,0,1,1,0,0,1,1,1,0,0,0,-1,-1,0,0,1.333333333,1.666666667,0.6,0.5,0,-0.5,1.2,601,19,Woman,1.491,2,2,0,1.5,2,3,0,0,3,1.41,1,2,2,1
618,0,100,91,Woman,50.547,0,0,0,0,0,0,0,0,0,0,0,-2,-2,-2,-2,-2,-2,-2,-2,0,0,0,-2,-2,-2,0,33,19,Woman,1.45,3,3,1,1.5,1,0,0,0,4,1,1,1,1,2
79,0,100,218,Woman,109.821,0,0,0,5,4,0,0,0,0,0,0,-2,0,-1,-2,-2,-2,-1,-2,0,3,0,-1,-1.5,-1.75,1,615,19,Woman,1.35,5,4,0,0.5,2,0,0,0,2,0,3,0,1,0
101,0,100,132,Woman,65.259,2,3,1,3,2,1,0,2,0,2,4,0,1,1,0,1,1,2,2,2,2,1.6,0.5,0.5,1.5,1.866666667,877,19,Woman,1.4,3,3,1,0,2,3,0,0,2,0,2,0,0,0
103,0,100,166,Woman,67.005,0,0,0,0,0,0,1,0,0,0,0,1,1,0,0,1,0,0,0,0,0,0.2,1,0,0.25,0.066666667,594,19,Woman,1.391,4,2,0,1.5,3,2,0,0,0,1.41,2,1,1,2
151,0,100,98,Woman,46.212,2,0,0,3,0,0,2,0,0,0,0,0,1,1,1,1,0,0,1,0.666666667,1,0.4,0.5,1,0.5,0.688888889,772,18,Woman,1.35,4,3,0,1.5,2,1,0,0,2,0,0,5,1,2
245,0,100,149,Woman,106.254,0,0,0,0,0,0,0,0,0,0,0,-1,-1,-1,-1,-1,-1,-1,-1,0,0,0,-1,-1,-1,0,107,18,Woman,1.373205081,5,2,0,0,3,2,0,0,0,1.732050808,3,1,0,0
271,0,100,237,Woman,184.349,3,1,0,3,2,0,4,1,1,0,3,2,2,2,-1,2,0,2,1,1.333333333,1.666666667,1.8,2,0.5,1.25,1.6,288,18,Woman,1.4,4,5,1,0,2,1,1,0,0,0,0,5,0,0
274,0,100,224,Woman,95.938,1,0,0,1,0,0,0,0,0,0,2,-2,-2,-2,-2,-2,-2,1,-2,0.333333333,0.333333333,0.4,-2,-2,-1.25,0.355555555,724,19,Woman,1.35,5,1,1,0.5,3,2,0,0,1,0,5,0,1,0
294,0,100,200,Woman,106.694,0,0,0,2,5,0,1,0,2,0,0,-1,1,-2,-2,0,1,1,1,0,2.333333333,0.6,0,-2,0.75,0.977777778,154,19,Woman,1.4,3,3,2,2,2,2,0,0,0,0,5,0,2,2
296,0,100,338,Woman,185.831,0,0,0,2,0,0,0,0,0,0,0,1,-2,-2,-2,-2,0,-1,-2,0,0.666666667,0,-0.5,-2,-1.25,0.222222222,397,18,Woman,1.4,3,1,1,4,3,2,0,0,0,0,4,0,3,5
335,0,100,163,Woman,102.673,0,0,0,5,2,2,3,2,2,0,5,1,1,2,1,2,2,2,2,0,3,2.4,1,1.5,2,1.8,718,21,Woman,1.4,4,2,1,0,3,3,0,0,1,0,5,0,0,0
337,0,100,202,Woman,99.093,0,0,5,3,3,0,5,5,3,0,5,2,0,2,1,2,1,2,2,1.666666667,2,3.6,1,1.5,1.75,2.422222222,19,18,Woman,1.4,4,5,0,0,3,0,0,1,1,0,0,0,0,0
371,0,100,202,Woman,73.589,0,0,0,5,2,5,0,0,0,0,0,-1,0,-1,-1,-2,-1,-1,-1,0,4,0,-0.5,-1,-1.25,1.333333333,315,19,Woman,1.423205081,4,2,0,2.5,3,0,0,0,1,1.732050808,1,3,2,3
428,0,100,194,Man,80.568,0,0,2,0,0,0,1,1,0,0,0,-2,-2,-2,-2,-2,-2,-2,-2,0.666666667,0,0.4,-2,-2,-2,0.355555556,213,20,Man,1.4,5,4,0,0,1,4,0,0,0,0,0,0,0,0
431,0,100,134,Man,65.919,0,0,0,1,1,0,3,0,0,0,2,0,1,-1,-2,1,2,2,-1,0,0.666666667,1,0.5,-1.5,1,0.555555556,435,19,Man,1.4,4,3,0,1,3,2,0,0,1,0,2,0,1,1
443,0,100,155,Prefer not to say,82.802,1,1,2,3,0,1,5,1,0,0,3,1,2,2,2,2,2,2,2,1.333333333,1.333333333,1.8,1.5,2,2,1.488888889,41,18,Other/prefer not to say,1.35,4,5,0,2.5,1,1,0,0,0,0,4,0,1,4
448,0,100,153,Woman,78.249,1,2,0,2,2,0,5,2,4,0,0,1,0,1,1,0,2,1,1,1,1.333333333,2.2,0.5,1,1,1.511111111,100,18,Woman,1.35,3,4,0,0.5,2,3,0,0,1,0,5,0,0,1
494,0,100,150,Woman,80.406,0,0,2,5,5,5,3,0,0,1,5,0,0,-1,-2,-2,-1,-2,-1,0.666666667,5,1.8,0,-1.5,-1.5,2.488888889,602,18,Woman,1.4,3,2,3,0,5,1,0,0,0,0,0,0,0,0
498,0,100,327,Woman,59.596,0,0,0,0,0,0,0,0,0,0,0,-2,-1,-2,-2,-2,-1,-1,-1,0,0,0,-1.5,-2,-1.25,0,705,19,Woman,1.446,4,4,0,0,2,0,0,0,1,3.46,4,3,0,0
543,0,100,123,Woman,70.848,1,0,1,0,0,0,1,1,0,0,0,0,1,1,-1,0,0,0,1,0.666666667,0,0.4,0.5,0,0.25,0.355555556,127,18,Woman,1.423205081,2,2,0,0.5,2,2,0,0,4,1.732050808,3,1,1,0
555,0,100,172,Woman,84.361,0,0,0,0,0,0,0,0,0,0,0,-1,2,0,-2,-1,-2,0,-1,0,0,0,0.5,-1,-1,0,563,18,Woman,1.4,4,2,3,0,2,1,0,0,2,0,0,2,0,0
561,0,100,368,Woman,93.29,0,0,0,4,3,3,1,0,0,0,0,0,1,0,0,0,1,0,0,0,3.333333333,0.2,0.5,0,0.25,1.177777778,93,18,Woman,1.394948974,2,3,1,0.5,2,2,0,0,1,2.449489743,2,3,0,1
628,0,100,145,Woman,68.524,0,0,0,3,0,0,0,0,0,0,0,1,2,-2,1,-2,-2,-2,1,0,1,0,1.5,-0.5,-1.25,0.333333333,177,18,Woman,1.373606798,0,0,2,1.5,3,5,0,0,0,2.236067977,1,5,3,0
671,0,100,222,Woman,126.96,3,2,0,4,0,0,0,0,0,0,2,1,2,0,0,1,2,1,0,1.666666667,1.333333333,0.4,1.5,0,1,1.133333333,88,18,Woman,1.4,5,1,5,0,3,0,0,0,0,0,0,5,0,0
41,0,100,192,Woman,129.362,0,0,3,3,1,2,1,1,4,0,0,-1,0,2,1,-1,-1,1,1,1,2,1.2,-0.5,1.5,0,1.4,851,20,Woman,1.3,4,4,0,0,2,1,0,0,2,0,5,0,0,0
52,0,100,171,Woman,67.764,0,0,0,0,0,0,0,0,0,0,0,-1,-2,-1,-1,-1,-1,-1,-1,0,0,0,-1.5,-1,-1,0,470,20,Woman,1.25,1,3,2,0.5,3,2,0,0,1,0,4,0,1,0
72,0,100,275,Woman,133.4,0,0,3,3,0,0,0,0,0,0,3,0,-2,-2,-2,2,2,2,0,1,1,0.6,-1,-2,1.5,0.866666667,596,19,Woman,1.3,5,5,0,0,1,2,0,0,0,0,5,0,0,0
143,0,100,144,Man,63.423,0,0,0,1,0,0,0,0,0,0,0,-2,-2,-2,-2,-1,-2,-2,-2,0,0.333333333,0,-2,-2,-1.75,0.111111111,453,18,Man,1.25,3,2,1,0.5,2,3,0,0,0,1,1,1,0,1
154,0,100,199,Woman,104.018,1,0,1,4,4,2,2,0,0,0,0,1,1,1,-1,1,1,1,-1,0.666666667,3.333333333,0.4,1,0,0.5,1.466666667,908,23,Woman,1.25,5,2,0,0.5,5,0,0,0,0,0,5,0,1,0
173,0,100,112,Woman,60.609,0,0,1,2,0,0,0,0,0,0,0,0,0,0,0,1,0,1,1,0.333333333,0.666666667,0,0,0,0.75,0.333333333,140,19,Woman,1.25,4,3,2,3.5,0,0,0,0,0,0,3,0,3,4
283,0,100,157,Another,78.936,0,0,0,4,2,2,4,2,2,3,5,-1,-1,0,0,0,1,1,1,0,2.666666667,3.2,-1,0,0.75,1.955555556,365,22,Non-binary,1.25,4,3,0,1.5,3,1,0,0,0,0,5,0,1,2
301,0,100,224,Man,121.115,0,0,0,0,0,0,0,0,0,0,0,-2,-2,-2,-2,-2,-2,-2,-2,0,0,0,-2,-2,-2,0,404,18,Man,1.25,1,2,1,1.5,1,5,0,0,1,0,4,0,0,3
304,0,100,500,Woman,398.292,0,0,0,3,2,2,1,0,0,4,1,-1,1,-1,-1,-1,0,0,0,0,2.333333333,1.2,0,-1,-0.25,1.177777778,481,18,Woman,1.25,2,1,0,2.5,4,2,1,0,0,0,1,0,1,4
313,0,100,470,Woman,402.616,0,0,0,2,1,1,1,0,0,2,0,-2,-2,-1,-1,-1,-1,-1,-1,0,1.333333333,0.6,-2,-1,-1,0.644444444,540,18,Woman,1.273,2,3,0,0,3,2,0,0,1,1.73,1,3,0,0
336,0,100,110,Woman,44.983,0,0,0,0,0,0,0,0,0,0,0,-2,0,-2,-2,0,1,1,1,0,0,0,-1,-2,0.75,0,619,18,Woman,1.3,5,4,0,0,1,3,0,0,0,0,5,0,0,0
354,0,100,227,Woman,105.093,0,0,0,1,2,1,3,0,0,0,2,1,0,1,1,2,-2,1,1,0,1.333333333,1,0.5,1,0.5,0.777777778,218,18,Woman,1.3,4,2,0,0,3,4,0,0,0,0,5,0,0,0
389,0,100,290,Woman,129.049,1,0,1,2,0,0,1,1,0,1,1,-1,-1,0,-2,-1,-1,1,1,0.666666667,0.666666667,0.8,-1,-1,0,0.711111111,47,18,Woman,1.3,3,1,0,2,3,0,0,0,2,2,2,2,3,1
437,0,100,116,Woman,62.182,3,3,1,1,0,0,3,0,0,0,1,-1,-2,2,-2,2,2,1,2,2.333333333,0.333333333,0.8,-1.5,0,1.75,1.155555555,459,19,Woman,1.3,3,4,0,1,3,1,0,0,1,0,0,5,1,1
439,0,100,189,Woman,87.379,0,0,0,0,0,0,0,1,0,0,0,0,1,0,0,-2,0,1,-2,0,0,0.2,0.5,0,-0.75,0.066666667,342,19,Woman,1.3,3,3,0,2,3,1,0,0,1,0,0,1,1,3
502,0,100,116,Woman,55.766,0,0,0,0,0,0,2,0,0,0,0,1,0,0,0,0,1,1,1,0,0,0.4,0.5,0,0.75,0.133333333,328,19,Woman,1.3,4,2,0,2,3,2,0,0,0,0,5,0,3,1
538,0,100,117,Woman,51.15,0,2,2,3,3,0,4,4,4,2,2,-1,-1,1,-2,1,-1,2,2,1.333333333,2,3.2,-1,-0.5,1,2.177777778,82,18,Woman,1.3,2,1,0,3,5,2,0,0,0,0,2,0,3,3
553,0,100,91,Woman,48.547,3,2,2,2,2,1,1,0,0,0,0,-1,-1,-1,-1,-1,-1,-1,-1,2.333333333,1.666666667,0.2,-1,-1,-1,1.4,802,18,Woman,1.3,4,4,0,0,4,1,0,0,0,0,0,0,0,0
578,0,100,242,Woman,131.577,0,0,3,2,0,0,0,0,1,4,4,0,-1,0,-1,0,1,1,1,1,0.666666667,1.8,-0.5,-0.5,0.75,1.155555556,335,18,Woman,1.3,5,5,0,0,1,2,0,0,0,0,0,1,0,0
617,0,100,319,Woman,167.303,0,0,0,3,1,0,5,0,0,5,5,-2,-2,1,-2,2,-2,-2,1,0,1.333333333,3,-2,-0.5,-0.25,1.444444444,421,19,Woman,1.25,3,2,1,0.5,4,2,0,0,0,0,0,5,1,0
666,0,100,354,Prefer not to say,179.3,2,2,2,4,4,2,1,1,0,2,4,0,0,1,0,1,1,1,0,2,3.333333333,1.6,0,0.5,0.75,2.311111111,20,18,Other/prefer not to say,1.3,4,0,1,2,3,2,0,0,1,0,5,0,1,3
673,0,100,167,Woman,72.546,1,1,0,0,0,0,0,0,0,0,0,0,0,0,0,0,0,0,0,0.666666667,0,0,0,0,0,0.222222222,729,19,Woman,1.283,2,3,0,0,3,0,0,0,2,2.83,2,4,0,0
8,0,100,79,Woman,42.326,1,2,0,1,0,0,1,0,0,0,0,1,0,1,1,1,1,0,0,1,0.333333333,0.2,0.5,1,0.5,0.511111111,709,20,Woman,1.195,4,3,0,0.5,1,0,0,0,1,2.45,2,3,1,0
57,0,100,142,Another,74.565,0,1,1,4,1,2,3,1,0,0,4,0,1,1,-2,2,-2,2,1,0.666666667,2.333333333,1.6,0.5,-0.5,0.75,1.533333333,803,19,Non-binary,1.2,5,4,0,0,3,0,0,0,0,0,3,0,0,0
139,0,100,483,Woman,159.896,2,1,0,5,5,3,1,0,0,2,1,1,1,0,-1,0,1,0,0,1,4.333333333,0.8,1,-0.5,0.25,2.044444444,826,18,Woman,1.2,5,2,1,1,3,0,0,0,0,0,0,0,1,1
217,0,100,151,Another,58.089,0,0,0,5,5,3,0,0,0,0,0,-2,-2,-1,0,-2,2,-1,-2,0,4.333333333,0,-2,-0.5,-0.75,1.444444444,379,18,Non-binary,1.223606798,0,5,0,0,1,2,0,0,2,2.236067977,5,1,0,0
223,0,100,205,Woman,73.99,0,1,0,0,0,0,2,0,0,0,1,0,1,0,-1,0,0,2,0,0.333333333,0,0.6,0.5,-0.5,0.5,0.311111111,129,18,Woman,1.15,2,0,2,0.5,0,3,3,0,1,0,5,0,0,1
264,0,100,283,Another,62.001,0,0,0,2,2,2,0,0,0,0,0,1,0,0,0,1,0,1,1,0,2,0,0.5,0,0.75,0.666666667,707,18,Non-binary,1.15,2,3,2,2.5,1,1,0,0,0,0,4,0,2,3
266,0,100,102,Woman,44.777,0,0,0,1,0,0,1,0,0,0,0,-2,-2,-2,-2,0,-2,0,0,0,0.333333333,0.2,-2,-2,-0.5,0.177777778,429,18,Woman,1.2,4,2,1,0,2,3,0,0,0,0,5,0,0,0
317,0,100,150,Woman,87.489,0,0,0,3,3,1,0,0,0,0,0,0,-1,1,1,1,1,1,1,0,2.333333333,0,-0.5,1,1,0.777777778,871,18,Woman,1.15,4,1,1,2.5,1,2,0,0,0,0,0,5,2,3
331,0,100,228,Woman,67.148,0,0,0,0,0,0,0,0,0,0,0,0,-1,-1,-2,0,0,0,1,0,0,0,-0.5,-1.5,0.25,0,370,19,Woman,1.2,3,3,1,0,3,1,1,0,0,0,0,0,0,0
338,0,100,107,Woman,50.67,5,5,3,1,1,5,5,3,3,0,0,2,2,0,-2,2,0,2,2,4.333333333,2.333333333,2.2,2,-1,1.5,2.955555555,169,18,Woman,1.2,2,3,0,0,2,2,0,0,3,0,0,1,0,0
372,0,100,381,Woman,244.359,0,0,0,1,1,1,1,0,0,0,0,-1,-2,-1,-2,-2,1,1,1,0,1,0.2,-1.5,-1.5,0.25,0.4,188,18,Woman,1.2,2,5,1,3,0,0,0,0,1,0,0,1,2,4
449,0,100,156,Woman,82.029,2,2,0,2,3,0,1,0,0,0,0,1,1,1,0,1,1,2,1,1.333333333,1.666666667,0.2,1,0.5,1.25,1.066666667,382,18,Woman,1.2,1,3,0,1,2,1,0,0,2,2,2,2,1,1
466,0,100,201,Woman,128.607,0,0,0,3,1,0,0,0,1,0,0,-2,-2,-2,-2,-2,-2,-2,-2,0,1.333333333,0.2,-2,-2,-2,0.511111111,835,19,Woman,1.15,2,2,2,2.5,2,1,0,0,0,0,3,0,3,2
515,0,100,65,Woman,37.646,2,3,1,2,3,1,4,1,2,1,2,0,-1,0,-1,0,0,-1,-1,2,2,2,-0.5,-0.5,-0.5,2,352,20,Woman,1.2,4,1,4,1,0,2,0,0,0,0,0,4,2,0
532,0,100,176,Woman,74.69,0,0,0,3,0,0,0,0,1,0,0,1,-1,-1,-1,-1,0,-1,-1,0,1,0.2,0,-1,-0.75,0.4,571,19,Woman,1.2,3,2,0,0,3,1,0,0,3,0,0,5,0,0
547,0,100,303,Woman,218.1,0,0,0,2,0,0,0,0,0,0,1,0,0,0,-1,0,0,1,0,0,0.666666667,0.2,0,-0.5,0.25,0.288888889,243,20,Woman,1.244948974,2,2,0,0,4,1,0,0,1,2.449489743,2,3,0,0
642,0,100,592,Woman,194.863,1,0,3,1,1,3,1,0,0,0,1,0,-1,0,-2,1,-1,2,1,1.333333333,1.666666667,0.4,-0.5,-1,0.75,1.133333333,134,18,Woman,1.2,4,4,0,3,1,0,0,0,0,0,0,0,4,2
644,0,100,131,Woman,72.603,3,3,0,4,4,0,3,2,1,0,0,1,0,1,-1,1,1,-1,1,2,2.666666667,1.2,0.5,0,0.5,1.955555556,805,18,Woman,1.2,2,5,0,1,0,4,0,0,0,0,5,0,0,2
168,0,100,108,Woman,56.871,0,1,2,0,0,0,1,0,0,0,1,1,0,-1,-2,2,2,2,1,1,0,0.4,0.5,-1.5,1.75,0.466666667,838,18,Woman,1.1,2,4,0,0,3,2,0,0,0,0,0,0,0,0
216,0,100,130,Woman,72.074,0,0,0,1,0,0,0,0,0,0,0,-2,-2,-2,-2,-2,-1,-2,-2,0,0.333333333,0,-2,-2,-1.75,0.111111111,839,18,Woman,1.1,1,1,2,3,0,2,0,0,2,0,5,0,3,3
236,0,100,582,Woman,117.95,0,0,0,2,1,0,4,2,0,0,3,1,0,1,0,2,1,2,2,0,1,1.8,0.5,0.5,1.75,0.933333333,108,20,Woman,1.1,3,4,0,0,3,1,0,0,0,0,0,0,0,0
363,0,100,127,Woman,46.942,0,0,0,0,0,0,4,0,3,0,1,-1,-2,-1,-1,1,1,0,-2,0,0,1.6,-1.5,-1,0,0.533333333,665,19,Woman,1.1,2,1,0,2,3,3,0,0,0,0,3,0,2,2
416,0,100,95,Woman,33.7,1,2,0,1,0,0,0,0,0,0,0,-2,1,-1,-2,-1,-1,-2,-2,1,0.333333333,0,-0.5,-1.5,-1.5,0.444444444,479,18,Woman,1.05,4,1,0,1.5,2,2,0,0,0,0,4,0,3,0
442,0,100,83439,Woman,100.041,0,1,1,3,1,1,5,3,2,0,2,-1,1,2,-2,0,1,2,2,0.666666667,1.666666667,2.4,0,0,1.25,1.577777778,846,18,Woman,1.1,3,3,0,1,2,2,0,0,0,0,4,0,1,1
444,0,100,143,Another,60.757,0,0,0,1,0,1,0,0,0,0,0,-2,-1,-1,-1,-2,-2,-2,-1,0,0.666666667,0,-1.5,-1,-1.75,0.222222222,359,18,Other/prefer not to say,1.1,4,4,0,0,1,1,0,0,1,0,5,0,0,0
499,0,100,1608,Woman,808.413,3,1,1,3,0,1,0,0,0,0,0,1,2,-2,-2,-2,-1,1,1,1.666666667,1.333333333,0,1.5,-2,-0.25,1,68,19,Woman,1.05,4,1,1,1.5,1,1,0,0,1,0,0,5,1,2
509,0,100,218,Man,122.04,0,0,0,3,2,4,0,1,0,0,0,1,0,-2,-1,0,-2,-2,-2,0,3,0.2,0.5,-1.5,-1.5,1.066666667,298,19,Man,1.05,3,1,0,1.5,1,3,1,0,0,0,0,5,2,1
522,0,100,181,Man,94.209,1,1,3,4,0,4,0,0,0,0,3,0,-1,-2,-2,0,0,-1,0,1.666666667,2.666666667,0.6,-0.5,-2,-0.25,1.644444445,367,20,Man,1.1,3,2,0,2,1,2,0,0,0,1,1,1,3,1
554,0,100,200,Woman,91.224,0,0,0,0,0,0,0,0,0,2,0,-1,-2,-1,-2,0,-2,1,2,0,0,0.4,-1.5,-1.5,0.25,0.133333333,200,18,Woman,1.05,3,4,0,0.5,1,1,0,0,1,0,5,0,1,0
598,0,100,271,Man,161.087,1,2,1,3,2,3,1,0,0,3,3,-1,-2,0,0,-1,-2,-2,0,1.333333333,2.666666667,1.4,-1.5,0,-1.25,1.8,132,19,Man,1.1,4,4,0,0,2,1,0,0,0,0,0,2,0,0
152,0,100,144,Woman,57.548,0,0,0,1,0,0,0,0,0,0,0,-1,0,1,-1,1,-1,1,1,0,0.333333333,0,-0.5,0,0.5,0.111111111,883,20,Woman,1,3,5,1,0,0,1,0,0,0,0,4,0,0,0
180,0,100,203,Woman,120.894,3,0,4,0,0,0,1,0,0,0,0,1,2,-1,1,0,-1,1,1,2.333333333,0,0.2,1.5,0,0.25,0.844444444,232,18,Woman,1,1,2,4,0,1,2,0,0,0,0,5,0,0,0
228,0,100,149,Woman,91.659,0,0,0,2,1,0,2,0,0,3,3,1,1,1,2,1,0,2,1,0,1,1.6,1,1.5,1,0.866666667,5,19,Woman,1,2,3,0,0,3,2,0,0,0,0,0,5,0,0
230,0,100,210,Man,91.949,4,3,0,3,1,5,0,0,0,0,1,1,1,0,-1,-2,-1,-2,-2,2.333333333,3,0.2,1,-0.5,-1.75,1.844444444,117,18,Man,1,2,0,0,3,3,2,0,0,0,0,1,0,4,2
348,0,100,246,Woman,141.232,3,2,1,2,0,0,1,0,0,0,0,0,0,-1,-2,0,0,0,0,2,0.666666667,0.2,0,-1.5,0,0.955555556,879,19,Woman,1,2,2,1,1,2,1,0,0,1,0,2,0,1,1
350,0,100,127,Woman,63.937,0,0,0,0,0,0,0,0,0,0,0,-2,-2,-2,-2,-2,-2,-2,-2,0,0,0,-2,-2,-2,0,210,20,Woman,0.95,2,2,0,2.5,2,1,0,0,0,0,5,0,1,4
360,0,100,134,Woman,72.418,0,0,0,2,3,2,3,2,1,0,0,1,1,1,1,2,2,1,1,0,2.333333333,1.2,1,1,1.5,1.177777778,220,18,Woman,1,1,3,0,1,4,1,0,0,0,0,5,0,2,0
364,0,100,512,Woman,186.65,0,0,0,3,2,0,3,0,0,0,0,0,1,0,-2,0,1,2,0,0,1.666666667,0.6,0.5,-1,0.75,0.755555556,343,18,Woman,0.95,3,2,0,0.5,1,3,0,0,0,0,0,5,1,0
375,0,100,184,Woman,84.301,0,0,0,0,0,0,1,1,3,0,2,1,1,2,1,0,1,1,0,0,0,1.4,1,1.5,0.5,0.466666667,389,20,Woman,0.982842713,2,0,0,0,2,0,0,0,3,2.828427125,4,2,0,0
393,0,100,317,Woman,76.763,0,0,0,1,1,0,0,0,0,0,0,-1,-1,-1,-2,-2,0,-1,-2,0,0.666666667,0,-1,-1.5,-1.25,0.222222222,53,18,Woman,1,4,2,0,0,1,1,0,0,2,0,3,0,0,0
401,0,100,191,Woman,100.37,0,0,0,1,0,0,0,0,0,0,0,-2,-2,-2,-2,-2,-2,-2,-2,0,0.333333333,0,-2,-2,-2,0.111111111,135,20,Woman,0.95,2,2,0,0.5,1,1,0,0,1,2,1,4,0,1
436,0,100,252,Woman,115.219,0,0,0,0,0,0,0,0,0,0,0,-1,0,-1,-2,0,-1,-1,-1,0,0,0,-0.5,-1.5,-0.75,0,92,18,Woman,1,3,1,4,0,1,1,0,0,0,0,2,0,0,0
468,0,100,570,Woman,160.467,0,0,0,2,1,0,3,1,1,0,0,1,2,1,0,2,2,2,2,0,1,1,1.5,0.5,2,0.666666667,66,18,Woman,1,4,3,0,0,1,1,0,0,1,0,2,0,0,0
511,0,100,318,Woman,179.811,0,1,2,1,1,0,0,0,0,0,0,-1,0,0,-2,-1,0,-1,-1,1,0.666666667,0,-0.5,-1,-0.75,0.555555556,72,18,Woman,0.95,3,2,0,0.5,2,0,0,0,2,0,5,0,0,1
92,0,100,144,Woman,79.011,1,2,2,2,2,1,2,1,2,1,2,1,1,1,1,1,0,1,1,1.666666667,1.666666667,1.6,1,1,0.75,1.644444445,513,19,Woman,0.9,2,1,0,2,2,1,1,0,0,0,1,0,2,2
237,0,100,190,Man,72.301,0,0,0,0,0,0,0,0,0,0,0,-2,-2,-2,-2,-2,-2,-2,-2,0,0,0,-2,-2,-2,0,758,18,Man,0.9,3,4,0,0,1,0,0,0,1,0,0,1,0,0
339,0,100,339,Woman,152.404,0,0,0,1,0,0,0,0,0,1,1,-2,-2,-2,-2,-2,-2,-2,-2,0,0.333333333,0.4,-2,-2,-2,0.244444444,415,19,Woman,0.882842713,2,0,0,0,2,0,1,0,1,2.828427125,2,4,0,0
347,0,100,126,Another,69.682,0,0,1,1,1,1,2,1,1,1,2,0,0,1,2,2,1,2,2,0.333333333,1,1.4,0,1.5,1.75,0.911111111,250,19,Non-binary,0.9,5,1,0,0,0,0,0,0,3,0,5,0,0,0
485,0,100,169,Woman,59.601,2,2,3,5,3,5,4,2,1,1,3,0,0,0,0,0,1,1,1,2.333333333,4.333333333,2.2,0,0,0.75,2.955555555,173,18,Woman,0.9,3,2,0,0,3,1,0,0,0,0,0,2,0,0
520,0,100,219,Woman,123.667,0,3,2,0,4,1,5,0,0,0,1,1,-2,-1,-2,2,1,2,1,1.666666667,1.666666667,1.2,-0.5,-1.5,1.5,1.511111111,322,38,Woman,0.9,2,0,0,5,1,0,0,0,1,0,0,3,5,5
549,0,100,111,Woman,51.144,0,0,1,3,0,0,0,0,0,0,0,0,-2,-1,-1,-1,0,1,0,0.333333333,1,0,-1,-1,0,0.444444444,209,19,Woman,0.9,2,4,0,1,2,0,0,0,0,0,5,0,1,1
607,0,100,168,Man,67.043,0,0,1,0,0,0,1,0,0,0,1,-1,-1,0,-2,-1,-1,-1,-1,0.333333333,0,0.4,-1,-1,-1,0.244444444,624,18,Man,0.895,2,3,0,0.5,1,0,0,0,0,2.45,2,3,1,0
38,0,100,184,Woman,128.348,0,0,1,2,1,0,1,0,0,0,3,1,1,1,1,1,1,1,1,0.333333333,1,0.8,1,1,1,0.711111111,861,19,Woman,0.8,3,0,0,1,2,1,0,0,1,0,2,0,2,0
71,0,100,324,Man,135.228,0,0,0,0,0,0,0,0,0,0,3,0,-2,-1,-2,2,-2,1,0,0,0,0.6,-1,-1.5,0.25,0.2,498,18,Man,0.75,1,2,0,2.5,0,1,0,0,1,0,5,0,2,3
247,0,100,84,Man,38.702,0,0,0,0,0,0,0,0,0,0,0,-2,-2,-2,-2,-2,-2,-2,-2,0,0,0,-2,-2,-2,0,524,24,Man,0.8,2,0,0,0,1,0,1,0,4,0,0,0,0,0
556,0,100,496,Woman,116.694,0,0,0,1,0,0,1,0,0,0,5,-2,-2,-2,-2,2,2,2,2,0,0.333333333,1.2,-2,-2,2,0.511111111,819,19,Woman,0.75,2,0,0,1.5,3,1,0,0,0,0,0,0,1,2
102,0,100,196,Woman,109.812,2,2,1,2,1,0,4,4,4,2,3,1,1,1,0,2,2,2,2,1.666666667,1,3.4,1,0.5,2,2.022222222,490,18,Woman,0.65,4,1,0,0.5,1,0,0,0,0,0,5,0,1,0
322,0,100,241,Woman,126.933,0,0,0,2,1,0,3,2,2,1,0,-1,-1,-2,-2,0,1,0,0,0,1,1.6,-1,-2,0.25,0.866666667,268,18,Woman,0.7,1,2,0,0,2,1,0,0,0,1,1,1,0,0
356,0,100,141,Woman,52.852,0,0,0,1,1,1,0,0,0,3,0,-2,-2,-2,-2,-2,-2,-2,-2,0,1,0.6,-2,-2,-2,0.533333333,751,19,Woman,0.65,4,0,0,0.5,2,0,0,0,0,0,5,0,0,1
420,0,100,239,Prefer not to say,168.981,0,0,0,4,1,3,1,0,0,0,0,0,0,0,1,0,0,0,0,0,2.666666667,0.2,0,0.5,0,0.955555556,806,18,Non-binary,0.7,0,4,0,0,1,0,0,0,2,0,2,0,0,0
432,0,100,438,Man,195.303,0,0,0,0,0,0,0,0,0,0,2,-1,-1,0,-1,-2,-1,0,-1,0,0,0.4,-1,-0.5,-1,0.133333333,162,49,Man,0.7,2,0,2,0,1,2,0,0,0,0,0,0,0,0
534,0,100,212,Woman,105.584,1,1,0,2,2,1,1,0,0,0,0,-2,0,-2,-2,-1,-1,-2,-2,0.666666667,1.666666667,0.2,-1,-2,-1.5,0.844444445,537,20,Woman,0.65,2,1,0,0.5,0,0,0,0,3,0,0,0,0,1
246,0,100,157,Woman,73.196,0,0,0,2,2,0,3,1,1,0,5,-1,-2,-2,-2,1,-1,1,1,0,1.333333333,2,-1.5,-2,0.5,1.111111111,661,18,Woman,0.55,2,1,1,1.5,0,0,0,0,0,0,2,0,1,2
328,0,100,186,Woman,98.598,0,0,0,4,4,1,0,0,0,0,0,1,1,1,-1,0,1,-1,-1,0,3,0,1,0,-0.25,1,530,18,Woman,0.6,4,0,0,0,1,1,0,0,0,0,4,0,0,0
386,0,100,229,Woman,140.377,5,4,5,4,2,2,1,3,4,4,5,0,0,-1,-1,-1,1,2,1,4.666666667,2.666666667,3.4,0,-1,0.75,3.577777778,856,20,Woman,0.55,0,2,0,0.5,0,0,0,0,3,0,0,2,0,1
492,0,100,215,Woman,102.649,0,0,0,2,1,2,0,0,0,0,0,0,0,-1,0,-1,-1,-1,-2,0,1.666666667,0,0,-0.5,-1.25,0.555555556,564,19,Woman,0.6,1,0,0,0,0,0,3,0,2,0,5,0,0,0
493,0,100,182,Woman,86.23,0,0,0,2,0,0,2,0,0,0,0,0,1,0,-1,-1,1,0,-1,0,0.666666667,0.4,0.5,-0.5,-0.25,0.355555556,184,18,Woman,0.6,4,0,0,0,1,0,0,0,0,1,1,1,0,0
608,0,100,500,Man,250.31,0,0,0,2,0,1,0,0,0,0,0,2,-2,-1,-2,-2,-2,-2,-2,0,1,0,0,-1.5,-2,0.333333333,279,18,Man,0.6,0,0,0,1,1,1,0,0,3,0,5,0,0,2
665,0,100,252,Man,153.671,0,0,0,0,0,0,0,0,0,0,0,-2,-2,-2,-2,-2,-2,-2,-2,0,0,0,-2,-2,-2,0,27,19,Man,0.6,2,1,0,0,3,0,0,0,0,0,0,5,0,0
254,0,100,173,Woman,80.248,1,0,0,3,1,3,2,1,0,0,0,1,0,0,-1,2,-2,1,0,0.333333333,2.333333333,0.6,0.5,-0.5,0.25,1.088888889,714,21,Woman,0.5,0,0,0,0,1,0,0,0,2,2,2,2,0,0
276,0,100,15898,Woman,72.842,0,0,0,4,0,0,0,5,0,4,0,0,1,1,1,-1,1,-1,1,0,1.333333333,1.8,0.5,1,0,1.044444444,727,19,Woman,0.45,1,1,0,1.5,0,1,0,0,0,0,0,5,1,2
219,0,100,203,Woman,112.514,0,0,0,0,2,0,0,0,0,0,4,2,1,2,1,1,2,2,2,0,0.666666667,0.8,1.5,1.5,1.75,0.488888889,566,56,Woman,0.4,3,1,0,0,0,0,0,0,0,0,0,0,0,0
457,0,100,174,Man,78.782,0,0,0,0,0,0,0,0,0,0,0,1,-2,-1,-2,1,-2,-2,-2,0,0,0,-0.5,-1.5,-1.25,0,617,18,Man,0.4,1,1,0,2,0,0,0,0,0,0,2,0,2,2
565,0,100,173,Woman,94.63,0,0,0,2,0,0,1,0,0,0,0,0,0,0,-1,0,1,0,0,0,0.666666667,0.2,0,-0.5,0.25,0.288888889,756,19,Woman,0.4,1,1,0,0,1,1,0,0,0,0,0,0,0,0
635,0,100,300,Woman,128.888,0,0,0,0,0,0,0,0,0,0,0,-2,-2,-2,-2,-2,-2,-2,-2,0,0,0,-2,-2,-2,0,287,19,Woman,0.4,1,1,0,0,1,0,0,0,1,0,5,0,0,0
33,0,100,203,Man,82.129,0,0,0,2,2,1,0,0,0,0,1,-1,-1,-2,-2,-2,-1,-1,-2,0,1.666666667,0.2,-1,-2,-1.5,0.622222222,825,18,Man,0.3,2,1,0,0,0,0,0,0,0,0,5,0,0,0
83,0,100,203,Man,118.044,0,0,0,0,0,0,0,0,0,0,0,-2,-2,-2,-2,-2,-2,-2,-2,0,0,0,-2,-2,-2,0,646,20,Man,0.3,0,3,0,0,0,0,0,0,0,0,0,0,0,0
260,0,100,144,Woman,78,0,0,0,0,0,0,0,0,0,0,0,-2,-2,-2,-2,-2,-2,-2,-2,0,0,0,-2,-2,-2,0,174,18,Woman,0.25,2,0,0,0.5,0,0,0,0,0,0,0,0,1,0
289,0,100,187,Woman,83.388,0,0,0,4,3,3,0,3,0,0,0,1,0,1,0,-1,-1,0,-1,0,3.333333333,0.6,0.5,0.5,-0.75,1.311111111,85,18,Woman,0.2,0,1,0,0,0,0,1,0,0,0,5,0,0,0
357,0,100,320,Woman,136.468,0,0,0,0,0,0,5,0,0,5,5,-2,-2,2,2,2,2,2,2,0,0,3,-2,2,2,1,605,19,Woman,0.2,0,0,0,0,0,0,0,0,2,0,5,0,0,0
487,0,100,228,Another,103.929,0,0,0,0,0,0,0,0,0,0,0,-1,2,1,-1,0,2,0,-2,0,0,0,0.5,0,0,0,393,21,Non-binary,0.15,0,0,0,0.5,0,0,0,0,1,0,0,0,0,1
568,0,100,173,Woman,85.919,5,5,5,5,5,5,5,5,5,4,5,2,1,2,1,2,2,2,2,5,5,4.8,1.5,1.5,2,4.933333333,391,19,Woman,0.2,2,0,0,0,0,0,0,0,0,0,0,0,0,0
210,0,100,156,Woman,95.479,0,2,2,1,5,4,5,5,5,2,3,1,0,2,1,2,2,2,2,1.333333333,3.333333333,4,0.5,1.5,2,2.888888889,267,20,Woman,0.1,0,0,1,0,0,0,0,0,0,0,5,0,0,0
318,0,100,188,Woman,79.99,0,0,0,0,0,0,0,0,0,0,0,-2,-2,-2,-2,-2,-2,-2,-2,0,0,0,-2,-2,-2,0,448,18,Woman,0,0,0,0,0,0,0,0,0,0,0,0,0,0,0
403,0,100,263,Man,154.466,3,3,4,4,4,4,4,2,0,0,2,1,-1,1,1,1,0,1,0,3.333333333,4,1.6,0,1,0.5,2.977777778,579,20,Man,0,0,0,0,0,0,0,0,0,0,0,0,0,0,0
656,0,100,188,Woman,99.104,0,0,0,5,5,4,4,0,0,0,0,-2,-2,1,-1,2,-2,-2,-1,0,4.666666667,0.8,-2,0,-0.75,1.822222222,903,19,Woman,0,0,0,0,0,0,0,0,0,0,0,0,0,0,0
