Age ,Q6,Q4,Q25_1,Q25_2,Q25_3,Q25_4,Q25_5,Q25_6,Q25_7,Q25_8,Q25_9,Q25_10,Q25_11,Q25_12,Q25_13,Q25_14,Q25_15,Q25_16,Q25_17,Q25_18,Q25_19,Q25_20,Q25_21,Q25_22,Q25_23,Q25_24,Q25_25,Q25_26,Q25_27,Q25_28,DES time_Page Submit,DES_score,CODE,age,gender,PCSscore,1handlowersubj,2handtogethersubj,3mosquitosubj,4TasteAverage,5rigidsubj,6immobilizationsubj,7musicsubj,8ballssubj,9amnesiasubj,10spaceGeoMean,10spacebarsubj1,10spacebarsubj2,4Tastesweetsubj,4Tastesoursubj
20,Woman,1,1,4,0,0,0,0,0,0,0,0,0,1,0,7,1,0,0,0,1,1,9,1,0,1,0,0,0,0,244.898,0.964285714,903,19,Woman,0,0,0,0,0,0,0,0,0,0,0,0,0,0,0
19,Woman,1,0,7,0,0,0,0,0,0,0,7,8,7,1,2,6,0,6,9,8,8,10,10,3,0,0,0,0,1,517.675,3.321428571,448,18,Woman,0,0,0,0,0,0,0,0,0,0,0,0,0,0,0
22,Woman,1,3,7,0,0,1,0,0,0,1,2,1,2,0,3,2,1,5,2,1,7,3,5,7,1,0,0,2,1,903.737,2.035714286,657,21,Woman,0,0,0,0,0,0,0,0,0,0,0,5,0,0,0
19,Woman,1,5,9,1,0,1,0,2,0,0,8,6,5,3,4,7,1,1,1,1,1,6,10,7,5,1,0,2,4,166.275,3.25,808,18,Woman,0.1,1,0,0,0,0,0,0,0,0,0,3,0,0,0
20,Woman,1,5,6,0,0,1,1,0,0,2,1,0,3,1,3,4,2,6,6,4,5,3,5,3,4,4,1,4,0,276.724,2.642857143,267,20,Woman,0.1,0,0,1,0,0,0,0,0,0,0,5,0,0,0
18,Woman,1,5,8,4,1,0,2,4,1,1,6,5,8,3,0,9,6,8,8,6,7,9,3,6,8,3,2,2,4,197.694,4.607142857,85,18,Woman,0.2,0,1,0,0,0,0,1,0,0,0,5,0,0,0
19,Woman,1,3,9,2,0,1,5,5,1,2,4,1,2,4,0,5,2,0,1,9,3,9,2,10,1,6,1,0,1,333.447,3.178571429,391,19,Woman,0.2,2,0,0,0,0,0,0,0,0,0,0,0,0,0
18,Man,1,4,3,1,1,1,0,2,0,2,3,1,1,1,1,6,5,3,5,4,3,1,4,3,3,2,0,5,4,207.38,2.464285714,825,18,Man,0.3,2,1,0,0,0,0,0,0,0,0,5,0,0,0
20,Woman,1,1,3,0,0,0,4,0,1,1,1,0,0,0,7,1,1,2,1,4,1,10,1,10,1,2,0,0,0,308.316,1.857142857,686,19,Woman,0.316,0,0,0,0,0,0,0,0,0,3.16,5,2,0,0
18,Woman,1,7,9,0,0,0,0,0,0,5,7,8,8,6,6,10,0,8,10,0,0,8,10,5,5,0,0,3,0,715.737,4.107142857,174,18,Woman,0.25,2,0,0,0.5,0,0,0,0,0,0,0,0,1,0
20,Prefer not to say,1,8,3,1,1,2,3,0,0,6,6,2,2,0,0,7,3,3,0,8,6,2,0,4,7,2,1,0,3,570.107,2.857142857,554,19,Man,0.3,0,1,0,0,1,1,0,0,0,0,0,0,0,0
18,Woman,1,3,7,0,0,4,0,1,2,6,1,3,4,4,0,1,1,6,1,6,6,1,0,2,3,1,0,0,4,175.117,2.392857143,12,18,Woman,0.4,1,0,0,0,1,0,0,0,2,0,5,0,0,0
20,Man,1,6,4,1,0,3,0,0,0,3,7,0,4,0,3,1,0,5,3,8,1,0,3,6,2,0,0,0,2,224.3,2.214285714,360,19,Man,0.4,2,0,0,1,1,0,0,0,0,0,0,0,1,1
20,Woman,1,4,8,0,0,1,0,0,0,7,2,0,3,1,2,4,2,8,5,8,7,10,9,8,1,0,0,0,1,250.738,3.25,864,18,Woman,0.4,2,1,0,0,0,0,0,0,1,0,3,0,0,0
57,Woman,1,3,8,0,0,0,0,2,0,0,0,0,0,1,1,1,0,8,0,5,2,0,7,1,3,0,0,0,0,317.982,1.5,566,56,Woman,0.4,3,1,0,0,0,0,0,0,0,0,0,0,0,0
20,Woman,1,0,3,0,0,0,0,3,0,0,0,5,6,6,0,0,1,2,2,3,1,0,2,5,1,0,0,1,1,310.905,1.5,756,19,Woman,0.4,1,1,0,0,1,1,0,0,0,0,0,0,0,0
19,Man,1,7,6,0,0,0,0,0,2,2,1,1,0,0,4,4,3,5,2,1,6,0,3,4,6,1,0,0,0,337.375,2.071428571,617,18,Man,0.4,1,1,0,2,0,0,0,0,0,0,2,0,2,2
19,Woman,1,0,3,0,0,3,1,1,0,0,1,0,0,1,4,3,0,1,1,6,4,2,1,2,3,4,2,8,0,320.228,1.821428571,287,19,Woman,0.4,1,1,0,0,1,0,0,0,1,0,5,0,0,0
20,Woman,1,8,8,6,7,8,6,7,4,6,7,6,7,7,8,6,6,5,6,6,7,7,6,7,7,6,7,6,7,54.634,6.571428571,727,19,Woman,0.45,1,1,0,1.5,0,1,0,0,0,0,0,5,1,2
20,Man,1,5,6,3,8,5,6,2,6,3,8,5,7,4,6,4,8,6,8,7,5,7,4,7,8,6,4,8,2,96.342,5.642857143,520,19,Man,0.5,1,0,1,2,1,0,0,0,0,0,0,0,1,3
19,Woman,1,4,7,3,0,0,0,0,0,0,2,4,2,0,1,1,1,1,1,1,1,1,5,6,3,1,1,1,4,160.476,1.821428571,444,19,Woman,0.5,1,1,1,1,1,0,0,0,0,0,0,5,1,1
20,Woman,1,4,6,0,0,0,0,1,0,1,2,1,0,2,1,2,0,1,1,1,3,3,3,4,3,1,0,0,0,322.174,1.428571429,753,19,Woman,0.5,1,1,2,0,1,0,0,0,0,0,1,0,0,0
19,Man,1,0,2,0,0,0,0,0,0,0,0,1,0,0,0,0,0,3,0,1,0,1,1,1,0,0,0,0,0,474.132,0.357142857,892,18,Man,0.45,1,3,0,0.5,0,0,0,0,0,0,5,0,1,0
21,Woman,1,4,9,1,0,2,0,1,0,1,1,4,1,1,5,7,1,1,0,1,7,1,8,5,10,5,1,0,1,834.353,2.785714286,714,21,Woman,0.5,0,0,0,0,1,0,0,0,2,2,2,2,0,0
19,Man,1,2,6,6,4,2,7,3,7,6,5,5,6,2,2,2,5,4,5,4,2,6,3,6,6,2,6,3,5,49.399,4.357142857,386,19,Man,0.6,0,0,0,0,3,1,0,0,2,0,0,0,0,0
21,Woman,1,0,1,0,0,0,0,0,0,0,0,0,0,0,0,0,0,0,0,0,0,0,0,1,0,0,0,0,0,112.773,0.071428571,856,20,Woman,0.55,0,2,0,0.5,0,0,0,0,3,0,0,2,0,1
19,Man,1,4,3,7,6,2,4,3,3,3,6,7,7,3,1,3,2,3,2,6,7,6,3,3,6,2,2,1,2,221.956,3.821428571,94,19,Man,0.6,2,3,0,0,1,0,0,0,0,0,3,0,0,0
20,Woman,1,2,7,0,0,1,0,3,1,7,2,7,5,7,0,3,3,6,9,5,9,3,3,4,4,3,3,1,6,419.675,3.714285714,564,19,Woman,0.6,1,0,0,0,0,0,3,0,2,0,5,0,0,0
18,Woman,1,7,8,8,2,0,0,2,0,3,8,8,8,8,1,9,4,7,7,8,8,8,4,5,7,6,1,7,4,327.764,5.285714286,184,18,Woman,0.6,4,0,0,0,1,0,0,0,0,1,1,1,0,0
18,Man,1,2,5,3,0,0,1,0,0,1,1,1,1,0,5,3,2,3,7,4,5,1,1,8,10,6,2,2,0,573.198,2.642857143,279,18,Man,0.6,0,0,0,1,1,1,0,0,3,0,5,0,0,2
20,Woman,1,1,3,3,0,0,0,0,0,0,1,0,0,0,1,2,0,1,0,2,1,4,0,3,1,1,0,0,0,630.478,0.857142857,701,19,Woman,0.6,0,2,0,1,1,2,0,0,0,0,0,5,1,1
19,Man,1,3,3,0,0,0,1,0,0,0,0,1,0,0,1,0,0,3,0,1,1,1,2,1,0,0,0,0,0,1200.824,0.642857143,27,19,Man,0.6,2,1,0,0,3,0,0,0,0,0,0,5,0,0
19,Man,1,2,4,0,0,0,2,6,0,0,3,2,2,3,3,7,1,2,2,1,5,6,2,3,4,1,1,0,0,233.547,2.214285714,80,18,Man,0.55,0,0,0,0.5,0,0,0,0,5,0,0,0,1,0
18,Woman,1,4,5,1,1,1,0,0,0,0,2,0,0,0,4,3,1,1,3,2,5,4,2,2,2,1,0,0,0,215.581,1.571428571,490,18,Woman,0.65,4,1,0,0.5,1,0,0,0,0,0,5,0,1,0
21,Woman,1,2,5,0,0,0,1,0,1,1,1,0,3,0,2,8,2,3,6,4,2,3,7,4,6,3,1,2,4,240.455,2.535714286,537,20,Woman,0.65,2,1,0,0.5,0,0,0,0,3,0,0,0,0,1
18,Man,1,2,5,1,0,0,0,0,1,1,1,0,0,0,3,1,1,3,2,7,3,1,1,2,0,1,0,2,0,281.784,1.357142857,302,18,Man,0.673205081,1,1,2,0,0,0,0,0,1,1.732050808,3,1,0,0
20,Man,1,0,8,5,0,3,9,0,1,2,4,0,2,0,9,6,0,4,5,3,8,9,3,9,6,2,2,9,0,334.536,3.892857143,233,20,Man,0.65,2,1,0,1.5,1,1,0,0,0,0,1,0,0,3
50,Man,1,1,3,0,0,0,0,0,0,2,0,0,1,0,1,0,0,0,0,1,1,1,0,2,0,0,0,0,0,399.827,0.464285714,162,49,Man,0.7,2,0,2,0,1,2,0,0,0,0,0,0,0,0
19,Prefer not to say,1,1,1,1,1,1,2,6,0,3,5,1,9,7,2,3,8,7,1,1,1,1,0,1,8,4,1,4,1,562.327,2.892857143,806,18,Non-binary,0.7,0,4,0,0,1,0,0,0,2,0,2,0,0,0
18,Woman,1,2,3,0,0,1,0,0,0,2,1,0,1,0,0,3,1,1,2,1,5,0,2,0,1,1,0,0,0,522.696,0.964285714,268,18,Woman,0.7,1,2,0,0,2,1,0,0,0,1,1,1,0,0
25,Man,1,3,5,0,0,1,0,0,0,0,5,5,0,0,4,6,9,3,4,3,5,5,5,5,5,5,5,0,5,216.665,3.142857143,524,24,Man,0.8,2,0,0,0,1,0,1,0,4,0,0,0,0,0
19,Woman,1,0,5,2,0,1,0,0,0,0,0,0,1,1,0,4,2,3,2,4,6,5,1,4,6,1,0,3,0,255.692,1.821428571,861,19,Woman,0.8,3,0,0,1,2,1,0,0,1,0,2,0,2,0
19,Man,1,1,3,1,0,1,0,0,0,0,0,0,1,0,1,2,0,6,2,10,0,8,3,2,1,1,0,0,0,302.326,1.535714286,498,18,Man,0.75,1,2,0,2.5,0,1,0,0,1,0,5,0,2,3
18,Man,1,4,2,0,0,0,1,0,0,0,0,0,0,0,1,0,1,4,10,5,4,0,1,3,1,1,0,0,0,466.416,1.357142857,34,18,Man,0.75,4,1,0,1.5,1,0,0,0,0,0,1,0,1,2
18,Other,1,7,10,6,1,0,2,6,3,9,6,9,7,8,0,7,6,3,4,8,9,10,8,4,9,6,1,0,9,747.569,5.642857143,42,18,Non-binary,0.8,1,0,0,0,1,1,0,0,5,0,5,0,0,0
19,Woman,1,7,7,8,7,3,7,7,6,7,7,7,6,5,7,6,7,7,6,8,9,9,7,8,7,9,7,8,7,203.645,7,513,19,Woman,0.9,2,1,0,2,2,1,1,0,0,0,1,0,2,2
19,Man,1,2,4,0,0,0,0,0,0,0,1,0,1,0,2,3,2,1,1,0,4,7,2,4,4,0,0,0,0,236.594,1.357142857,624,18,Man,0.895,2,3,0,0.5,1,0,0,0,0,2.45,2,3,1,0
19,Other,1,1,3,0,0,0,0,0,0,3,1,0,1,1,0,3,3,2,0,3,4,6,1,3,5,2,0,0,4,246.511,1.642857143,250,19,Non-binary,0.9,5,1,0,0,0,0,0,0,3,0,5,0,0,0
19,Man,1,1,5,0,1,1,2,3,0,0,1,0,3,1,1,2,1,0,1,2,4,2,1,1,2,2,3,0,0,296.735,1.428571429,758,18,Man,0.9,3,4,0,0,1,0,0,0,1,0,0,1,0,0
19,Woman,1,0,3,0,0,0,0,0,0,1,2,3,5,2,1,8,1,3,0,0,3,5,5,0,5,2,0,7,2,260.51,2.071428571,209,19,Woman,0.9,2,4,0,1,2,0,0,0,0,0,5,0,1,1
18,Woman,1,1,4,3,0,0,0,9,0,1,0,5,3,6,4,4,1,3,4,9,6,1,4,3,1,1,1,0,1,313.589,2.678571429,173,18,Woman,0.9,3,2,0,0,3,1,0,0,0,0,0,2,0,0
19,Other,1,2,3,0,0,0,0,1,0,1,0,4,1,2,0,0,0,1,0,1,3,0,1,0,1,0,0,0,1,332.195,0.785714286,595,19,Non-binary,0.941,2,3,0,0,1,1,0,0,1,1.41,2,1,0,0
19,Man,1,3,0,4,0,0,0,7,2,1,1,0,0,0,8,6,3,1,2,2,0,4,7,5,1,0,0,0,1,447.24,2.071428571,610,18,Man,0.9,2,2,0,1,1,1,0,0,2,0,4,0,1,1
20,Woman,1,1,3,0,0,1,0,0,0,0,1,1,0,0,2,4,1,3,1,2,1,4,2,3,2,0,1,4,1,590.25,1.357142857,119,20,Woman,0.85,4,0,1,0.5,2,0,0,0,1,0,0,5,1,0
19,Man,1,3,4,0,0,0,3,0,0,0,0,0,2,8,4,1,0,0,1,3,1,10,4,2,3,0,0,1,0,632.3,1.785714286,464,18,Man,0.9,3,3,0,0,2,1,0,0,0,0,0,1,0,0
18,Woman,1,4,7,2,2,5,0,0,0,0,1,0,1,0,4,4,1,8,7,6,5,9,6,3,6,4,2,2,0,182.54,3.178571429,220,18,Woman,1,1,3,0,1,4,1,0,0,0,0,5,0,2,0
20,Woman,1,2,3,0,0,0,0,0,0,2,1,1,0,0,0,1,0,0,0,2,1,5,5,8,5,0,0,0,0,187.6,1.285714286,389,20,Woman,0.982842713,2,0,0,0,2,0,0,0,3,2.828427125,4,2,0,0
19,Woman,1,3,7,1,0,0,1,3,0,0,2,1,2,1,1,7,0,0,0,0,1,8,1,3,0,0,0,0,0,189.147,1.5,5,19,Woman,1,2,3,0,0,3,2,0,0,0,0,0,5,0,0
21,Woman,1,1,7,0,0,0,7,0,2,1,1,7,2,2,1,3,8,8,8,4,8,1,9,8,3,1,0,0,2,212.626,3.357142857,883,20,Woman,1,3,5,1,0,0,1,0,0,0,0,4,0,0,0
18,Woman,1,2,3,0,0,0,0,0,0,2,1,0,1,0,0,1,0,1,0,2,1,0,0,2,1,1,1,0,0,229.481,0.678571429,72,18,Woman,0.95,3,2,0,0.5,2,0,0,0,2,0,5,0,0,1
20,Woman,1,2,4,0,0,0,0,0,0,0,1,0,0,0,3,1,2,2,0,3,0,1,0,0,2,0,1,0,0,240.886,0.785714286,210,20,Woman,0.95,2,2,0,2.5,2,1,0,0,0,0,5,0,1,4
20,Woman,1,1,6,1,0,0,0,0,0,1,1,4,0,0,1,2,1,0,1,6,4,8,4,1,1,2,1,4,0,281.49,1.785714286,135,20,Woman,0.95,2,2,0,0.5,1,1,0,0,1,2,1,4,0,1
20,Woman,1,6,6,2,1,1,0,3,0,2,2,0,3,5,5,6,1,0,0,0,3,5,7,0,1,2,0,0,0,294.89,2.178571429,792,20,Woman,1,2,2,0,1,2,0,0,0,3,0,0,0,0,2
18,Man,1,4,7,6,1,3,6,9,6,7,2,8,10,1,3,5,4,4,7,8,7,0,5,10,7,4,4,8,9,298.504,5.535714286,117,18,Man,1,2,0,0,3,3,2,0,0,0,0,1,0,4,2
18,Woman,1,4,6,0,0,0,1,1,0,4,2,1,5,2,1,2,1,1,1,1,7,3,3,0,1,1,1,0,2,347.805,1.821428571,343,18,Woman,0.95,3,2,0,0.5,1,3,0,0,0,0,0,5,1,0
18,Woman,1,1,2,0,0,0,0,0,0,0,0,0,0,0,1,0,1,0,0,1,0,7,3,0,0,0,1,0,0,322.286,0.607142857,92,18,Woman,1,3,1,4,0,1,1,0,0,0,0,2,0,0,0
18,Woman,1,1,3,0,0,0,0,0,0,0,0,0,1,1,0,2,0,2,0,1,2,8,5,1,2,1,1,0,0,183.5,1.107142857,53,18,Woman,1,4,2,0,0,1,1,0,0,2,0,3,0,0,0
18,Woman,1,0,8,0,0,2,2,0,1,0,3,0,0,0,3,2,3,3,4,0,2,0,2,2,5,2,0,1,0,365.846,1.607142857,232,18,Woman,1,1,2,4,0,1,2,0,0,0,0,5,0,0,0
19,Man,1,2,3,1,0,0,1,0,0,0,3,0,0,0,1,2,1,2,3,2,2,5,1,1,2,1,0,0,0,553.625,1.178571429,160,19,Man,0.95,2,3,1,1.5,1,1,0,0,0,0,4,0,1,2
19,Woman,1,2,4,1,0,0,0,0,0,1,2,2,1,0,0,3,0,2,0,3,2,4,5,2,3,1,0,6,1,761.304,1.607142857,73,18,Woman,0.95,3,1,0,0.5,2,1,0,0,0,2,2,2,0,1
20,Woman,1,2,6,1,0,0,0,1,0,0,1,0,0,1,0,1,0,3,1,1,0,7,1,1,2,0,0,1,0,1345.269,1.071428571,879,19,Woman,1,2,2,1,1,2,1,0,0,1,0,2,0,1,1
19,Woman,1,4,7,1,0,0,1,0,1,1,0,0,0,2,4,5,0,3,4,2,0,1,0,1,0,0,0,0,0,173.749,1.321428571,838,18,Woman,1.1,2,4,0,0,3,2,0,0,0,0,0,0,0,0
18,Woman,1,1,3,2,0,3,4,0,0,2,1,0,2,3,2,4,0,6,7,0,6,9,9,1,6,2,1,6,2,176.712,2.928571429,200,18,Woman,1.05,3,4,0,0.5,1,1,0,0,1,0,5,0,1,0
18,Man,1,6,6,3,1,1,2,1,1,2,2,2,2,4,4,5,4,3,4,5,3,4,4,3,4,3,3,4,4,171.923,3.214285714,704,18,Man,1.1,1,4,0,1,2,1,0,0,2,0,0,1,1,1
20,Woman,1,6,3,1,0,0,0,0,1,0,1,3,2,1,1,2,2,0,1,1,3,1,0,3,2,0,0,0,2,214.778,1.285714286,665,19,Woman,1.1,2,1,0,2,3,3,0,0,0,0,3,0,2,2
21,Man,1,7,4,1,0,2,0,2,0,0,2,1,1,1,2,2,0,2,3,4,3,8,1,1,1,1,0,0,2,208.104,1.821428571,681,19,Man,1.1,3,1,0,1,4,1,1,0,0,0,0,0,2,0
19,Woman,1,4,7,1,0,0,0,0,0,0,1,2,2,0,1,6,2,2,0,1,6,8,5,3,2,1,1,0,0,209.98,1.964285714,479,18,Woman,1.05,4,1,0,1.5,2,2,0,0,0,0,4,0,3,0
18,Other,1,3,3,0,0,0,0,1,0,5,0,1,0,1,0,7,0,0,2,0,3,1,0,1,4,2,0,4,0,207.3,1.357142857,359,18,Other/prefer not to say,1.1,4,4,0,0,1,1,0,0,1,0,5,0,0,0
18,Woman,1,3,5,1,1,1,2,2,0,3,3,4,4,4,5,6,4,3,3,1,3,6,4,1,2,2,0,2,2,228.404,2.75,297,18,Woman,1.1,4,3,0,0,3,0,0,0,1,0,0,0,0,0
19,Woman,1,4,7,1,1,1,0,0,1,2,2,1,0,0,0,1,1,0,0,1,6,6,6,1,8,5,0,0,0,256.372,1.964285714,839,18,Woman,1.1,1,1,2,3,0,2,0,0,2,0,5,0,3,3
19,Woman,1,3,4,1,2,6,1,0,0,0,2,1,1,1,3,3,2,4,5,3,2,9,3,2,2,2,2,4,0,257.801,2.428571429,68,19,Woman,1.05,4,1,1,1.5,1,1,0,0,1,0,0,5,1,2
20,Woman,1,6,8,1,0,1,0,0,0,2,1,1,0,0,3,9,6,3,7,4,3,8,2,1,7,1,2,0,0,279.282,2.714285714,108,20,Woman,1.1,3,4,0,0,3,1,0,0,0,0,0,0,0,0
21,Man,1,8,10,1,0,0,0,0,0,3,8,0,6,2,8,10,8,8,10,9,10,0,9,8,10,5,1,10,10,294.99,5.5,55,21,Man,1.1,1,2,0,4,1,1,0,0,2,0,0,0,4,4
19,Man,1,7,8,7,5,1,7,1,0,8,9,9,7,9,6,10,2,9,1,2,5,1,3,1,7,7,1,5,1,308.13,4.964285714,298,19,Man,1.05,3,1,0,1.5,1,3,1,0,0,0,0,5,2,1
19,Man,1,0,3,1,0,0,1,0,0,0,3,1,1,0,0,2,0,0,2,1,1,10,3,2,10,0,0,0,0,399.604,1.464285714,132,19,Man,1.1,4,4,0,0,2,1,0,0,0,0,0,2,0,0
20,Woman,1,4,8,3,7,4,5,5,4,6,3,8,3,6,4,4,5,6,2,7,5,4,8,4,7,6,4,7,8,56.075,5.25,352,20,Woman,1.2,4,1,4,1,0,2,0,0,0,0,0,4,2,0
21,Woman,1,2,3,2,0,1,1,0,0,1,1,2,1,2,3,2,1,2,3,1,1,3,4,2,1,1,0,1,1,108.971,1.5,709,20,Woman,1.195,4,3,0,0.5,1,0,0,0,1,2.45,2,3,1,0
18,Woman,1,4,7,2,1,1,0,0,0,4,3,5,2,1,0,2,4,5,2,3,5,1,7,1,0,1,0,0,0,159.229,2.178571429,382,18,Woman,1.2,1,3,0,1,2,1,0,0,2,2,2,2,1,1
18,Woman,1,6,10,3,0,3,2,0,0,3,6,0,0,0,0,6,2,8,0,0,8,3,5,2,0,7,0,0,0,181.797,2.642857143,429,18,Woman,1.2,4,2,1,0,2,3,0,0,0,0,5,0,0,0
20,Other,1,4,8,2,0,0,1,3,2,4,4,1,3,3,0,4,2,3,1,3,4,1,2,0,8,5,0,1,2,171.992,2.535714286,803,19,Non-binary,1.2,5,4,0,0,3,0,0,0,0,0,3,0,0,0
18,Woman,1,7,7,3,0,0,0,2,0,0,8,3,3,4,8,8,0,2,4,3,6,2,7,4,1,1,1,1,2,180.01,3.107142857,226,18,Woman,1.2,3,2,0,3,2,2,0,0,0,0,0,5,2,4
18,Woman,1,1,3,0,0,1,3,0,0,0,0,0,3,1,0,4,0,3,0,1,5,4,0,0,0,1,0,0,0,215.65,1.071428571,129,18,Woman,1.15,2,0,2,0.5,0,3,3,0,1,0,5,0,0,1
19,Woman,1,1,2,0,0,0,1,0,0,0,1,1,3,3,1,1,1,1,0,1,1,0,2,2,1,0,0,0,0,228.186,0.821428571,871,18,Woman,1.15,4,1,1,2.5,1,2,0,0,0,0,0,5,2,3
20,Woman,1,2,7,1,1,0,0,2,1,0,4,5,5,6,3,6,2,1,3,2,2,1,3,2,3,3,1,1,2,222.308,2.464285714,835,19,Woman,1.15,2,2,2,2.5,2,1,0,0,0,0,3,0,3,2
20,Woman,1,2,3,1,0,1,1,0,0,0,0,0,0,0,1,0,0,2,1,3,1,1,1,0,1,0,1,0,0,262.969,0.714285714,571,19,Woman,1.2,3,2,0,0,3,1,0,0,3,0,0,5,0,0
19,Woman,1,6,6,8,1,2,3,8,0,2,8,5,8,9,9,4,8,10,8,9,9,4,8,8,6,5,6,8,8,260.405,6.285714286,826,18,Woman,1.2,5,2,1,1,3,0,0,0,0,0,0,0,1,1
19,Other,1,7,7,7,4,1,0,3,1,1,1,4,7,5,0,8,7,7,5,3,6,0,5,0,6,4,0,0,1,159.265,3.571428571,707,18,Non-binary,1.15,2,3,2,2.5,1,1,0,0,0,0,4,0,2,3
18,Other,1,9,9,6,1,0,4,8,7,9,1,10,10,9,0,6,5,9,9,8,10,3,7,0,2,0,0,7,9,282.67,5.642857143,379,18,Non-binary,1.223606798,0,5,0,0,1,2,0,0,2,2.236067977,5,1,0,0
19,Woman,1,2,3,1,0,3,0,0,0,0,4,1,8,5,2,8,4,6,3,1,5,9,4,7,7,3,0,3,4,219.75,3.321428571,805,18,Woman,1.2,2,5,0,1,0,4,0,0,0,0,5,0,0,2
19,Woman,1,0,2,1,0,0,0,0,0,0,1,0,0,0,0,1,1,1,1,1,0,4,1,1,1,0,0,0,0,314.411,0.571428571,370,19,Woman,1.2,3,3,1,0,3,1,1,0,0,0,0,0,0,0
20,Woman,1,0,3,0,0,1,0,3,0,0,1,0,0,0,5,1,0,1,2,2,0,4,1,1,2,1,0,0,0,341.702,1,423,20,Woman,1.15,2,1,3,3.5,0,1,0,0,1,0,1,0,4,3
19,Man,1,1,4,0,0,2,2,0,0,3,2,1,1,0,0,7,2,2,0,3,4,2,3,4,6,4,2,6,0,453.082,2.178571429,674,18,Man,1.2,4,1,0,2,5,0,0,0,0,0,0,3,3,1
20,Woman,1,2,3,2,0,1,0,0,0,0,0,0,0,0,1,4,0,1,0,1,1,1,1,4,5,2,1,0,0,413.696,1.071428571,243,20,Woman,1.244948974,2,2,0,0,4,1,0,0,1,2.449489743,2,3,0,0
18,Woman,1,3,7,3,0,0,1,0,0,0,0,0,0,0,5,4,6,2,7,3,6,9,1,1,6,0,0,0,1,823.768,2.321428571,134,18,Woman,1.2,4,4,0,3,1,0,0,0,0,0,0,0,4,2
18,Woman,1,6,4,1,0,0,0,1,0,1,1,2,1,1,3,1,1,2,4,2,2,2,6,3,2,2,2,1,0,1378.595,1.821428571,188,18,Woman,1.2,2,5,1,3,0,0,0,0,1,0,0,1,2,4
19,Woman,1,6,7,1,1,4,3,4,0,5,7,1,0,2,3,2,4,2,2,3,1,1,2,1,2,2,5,4,3,120.598,2.785714286,328,19,Woman,1.3,4,2,0,2,3,2,0,0,0,0,5,0,3,1
19,Woman,1,2,3,0,1,0,0,0,0,1,1,1,2,1,2,3,2,2,6,2,4,3,1,4,6,1,0,2,3,158.252,1.892857143,140,19,Woman,1.25,4,3,2,3.5,0,0,0,0,0,0,3,0,3,4
18,Woman,1,4,3,1,0,0,0,1,0,0,0,1,0,2,1,1,3,2,4,3,3,5,2,1,1,0,0,0,2,175.145,1.428571429,218,18,Woman,1.3,4,2,0,0,3,4,0,0,0,0,5,0,0,0
18,Woman,1,8,7,8,1,1,0,7,1,1,1,3,7,7,10,7,6,7,10,7,9,5,4,3,2,2,1,1,2,174.462,4.571428571,82,18,Woman,1.3,2,1,0,3,5,2,0,0,0,0,2,0,3,3
22,Other,1,1,3,0,0,0,0,1,0,5,2,2,4,9,0,2,1,0,0,2,3,0,1,4,4,0,0,1,2,190.588,1.678571429,365,22,Non-binary,1.25,4,3,0,1.5,3,1,0,0,0,0,5,0,1,2
18,Man,1,4,6,0,0,1,0,0,3,4,5,0,0,0,4,5,4,5,1,3,4,7,2,2,5,3,1,0,0,216.796,2.464285714,44,18,Man,1.25,4,3,3,0.5,2,0,0,0,0,0,5,0,0,1
19,Woman,1,3,8,4,0,3,2,3,4,1,4,0,0,6,2,4,3,6,6,4,6,8,5,6,6,6,3,6,3,201.855,4,342,19,Woman,1.3,3,3,0,2,3,1,0,0,1,0,0,1,1,3
18,Woman,1,2,3,2,0,1,0,3,0,0,4,1,0,1,4,5,4,2,6,1,6,8,1,4,3,2,0,0,0,224.374,2.25,481,18,Woman,1.25,2,1,0,2.5,4,2,1,0,0,0,1,0,1,4
19,Man,1,3,4,1,0,1,0,2,1,2,3,4,5,4,8,9,4,9,6,5,4,8,9,7,4,3,1,1,1,234.913,3.892857143,546,18,Man,1.3,2,4,0,1,3,1,0,0,2,0,3,0,1,1
19,Woman,1,3,7,0,0,0,0,0,0,0,3,0,2,0,2,2,1,0,1,1,3,2,2,3,3,2,3,0,0,234.455,1.428571429,619,18,Woman,1.3,5,4,0,0,1,3,0,0,0,0,5,0,0,0
18,Woman,1,6,9,2,1,2,3,0,0,1,7,1,5,5,5,8,5,3,7,8,8,9,9,6,9,9,1,9,8,230.666,5.214285714,211,18,Woman,1.3,4,2,0,0,3,4,0,0,0,0,5,0,0,0
18,Man,1,2,7,0,0,1,0,3,0,1,2,0,2,1,3,2,0,5,2,3,9,7,5,1,6,1,0,2,0,241.487,2.321428571,264,18,Man,1.25,3,4,1,3.5,1,0,0,0,0,0,5,0,3,4
21,Woman,1,1,3,0,0,0,0,0,0,1,2,0,0,0,2,2,2,3,3,5,3,0,0,2,4,1,0,0,0,254.791,1.214285714,470,20,Woman,1.25,1,3,2,0.5,3,2,0,0,1,0,4,0,1,0
20,Woman,1,0,4,0,0,0,1,0,0,0,0,1,1,1,1,1,1,8,1,0,7,0,0,0,6,1,1,0,0,199.284,1.25,802,18,Woman,1.3,4,4,0,0,4,1,0,0,0,0,0,0,0,0
20,Woman,1,1,4,1,0,0,0,3,0,2,4,6,8,6,0,2,4,1,0,2,5,1,3,6,1,1,0,1,6,295.285,2.428571429,597,18,Woman,1.25,2,1,1,3.5,3,2,0,0,0,0,3,0,4,3
24,Woman,1,1,8,0,0,0,1,1,0,4,3,0,2,1,3,1,1,3,1,2,4,0,2,7,4,1,0,1,2,306.997,1.892857143,908,23,Woman,1.25,5,2,0,0.5,5,0,0,0,0,0,5,0,1,0
21,Woman,1,5,8,1,1,4,1,2,0,1,2,6,6,6,2,2,5,5,6,7,4,8,4,5,7,5,4,2,2,307.312,3.964285714,851,20,Woman,1.3,4,4,0,0,2,1,0,0,2,0,5,0,0,0
18,Woman,1,0,1,1,0,0,0,0,0,1,1,1,1,1,3,5,1,1,0,6,3,0,2,2,6,0,0,0,0,312.4,1.285714286,637,18,Woman,1.3,3,3,0,0,2,1,0,0,3,1,1,1,0,0
19,Woman,1,4,4,2,1,3,4,1,1,1,2,1,2,1,2,4,4,2,3,2,2,6,3,3,4,2,5,4,1,346.708,2.642857143,540,18,Woman,1.273,2,3,0,0,3,2,0,0,1,1.73,1,3,0,0
20,Woman,1,3,7,4,1,3,1,1,1,3,2,6,6,3,5,8,4,4,5,0,6,8,5,5,7,2,0,4,2,348.481,3.785714286,339,20,Woman,1.3,3,4,0,0,3,2,0,0,1,0,2,0,0,0
18,Man,1,0,1,0,0,0,0,0,0,0,0,0,0,0,0,0,0,0,1,0,0,5,0,1,0,0,0,0,0,366.25,0.285714286,404,18,Man,1.25,1,2,1,1.5,1,5,0,0,1,0,4,0,0,3
18,Woman,1,5,4,0,0,0,0,1,0,0,0,0,0,1,1,4,1,5,8,0,8,6,7,0,4,0,0,0,1,337.173,2,407,18,Woman,1.25,1,2,0,2.5,3,2,0,0,2,0,0,0,3,2
19,Woman,1,6,3,1,1,1,1,2,0,0,1,1,1,1,1,1,0,0,1,0,2,2,0,1,1,0,0,1,2,487.577,1.107142857,290,19,Woman,1.273205081,4,4,0,0,2,0,0,0,1,1.732050808,3,1,0,0
19,Woman,1,0,2,1,0,1,0,0,0,0,4,0,0,0,3,4,3,1,1,6,2,2,8,8,3,2,4,1,0,733.922,2,421,19,Woman,1.25,3,2,1,0.5,4,2,0,0,0,0,0,5,1,0
18,Prefer not to say,1,5,8,1,1,0,0,4,1,4,3,7,6,5,4,6,6,9,8,9,10,9,9,4,5,3,5,1,1,1075,4.785714286,20,18,Other/prefer not to say,1.3,4,0,1,2,3,2,0,0,1,0,5,0,1,3
19,Woman,1,5,5,1,1,1,1,3,4,4,4,4,4,2,5,2,6,4,4,1,5,5,3,6,3,5,6,5,5,27.164,3.714285714,772,18,Woman,1.35,4,3,0,1.5,2,1,0,0,2,0,0,5,1,2
19,Woman,1,5,2,3,1,4,3,2,2,2,4,0,0,0,0,4,2,4,0,3,2,6,6,4,3,5,4,3,3,157.128,2.75,154,19,Woman,1.4,3,3,2,2,2,2,0,0,0,0,5,0,2,2
19,Man,1,1,4,4,2,2,1,2,3,2,0,0,1,2,0,1,2,1,2,0,4,5,1,0,2,4,1,0,1,153.519,1.714285714,840,18,Man,1.35,4,4,0,0.5,4,0,0,0,1,0,0,0,1,0
18,Woman,1,8,4,5,0,1,0,3,1,2,4,6,8,6,0,1,0,4,1,3,2,5,4,2,7,1,0,0,4,157.334,2.928571429,177,18,Woman,1.373606798,0,0,2,1.5,3,5,0,0,0,2.236067977,1,5,3,0
18,Woman,1,3,5,1,1,1,0,0,2,0,3,0,1,1,0,7,1,1,1,1,3,5,1,3,1,0,0,3,1,199.587,1.642857143,127,18,Woman,1.423205081,2,2,0,0.5,2,2,0,0,4,1.732050808,3,1,1,0
19,Woman,1,7,8,3,2,3,5,2,3,4,6,4,3,2,2,4,4,3,2,8,7,9,6,6,6,6,5,1,3,220.482,4.428571429,563,18,Woman,1.4,4,2,3,0,2,1,0,0,2,0,0,2,0,0
20,Woman,1,7,7,0,0,0,0,0,0,2,4,1,5,0,9,4,4,10,10,1,10,10,1,4,8,5,3,0,0,238.272,3.75,724,19,Woman,1.35,5,1,1,0.5,3,2,0,0,1,0,5,0,1,0
18,Other,1,3,8,1,1,0,0,2,0,7,6,3,2,5,1,6,1,9,9,6,10,10,6,2,5,2,0,4,0,241.707,3.892857143,41,18,Other/prefer not to say,1.35,4,5,0,2.5,1,1,0,0,0,0,4,0,1,4
20,Woman,1,2,2,0,0,0,0,0,0,0,0,0,0,0,0,1,0,0,1,4,2,5,1,6,1,1,0,1,0,245.855,0.964285714,705,19,Woman,1.446,4,4,0,0,2,0,0,0,1,3.46,4,3,0,0
18,Woman,1,3,5,0,0,0,0,0,0,6,0,1,0,0,7,9,7,7,0,3,8,0,0,0,3,3,0,0,0,260.811,2.214285714,88,18,Woman,1.4,5,1,5,0,3,0,0,0,0,0,0,5,0,0
19,Woman,1,7,6,5,0,0,0,6,0,1,0,8,9,9,10,7,8,7,8,3,10,8,10,2,3,1,1,1,10,262.203,5,602,18,Woman,1.4,3,2,3,0,5,1,0,0,0,0,0,0,0,0
20,Woman,1,2,7,2,0,4,3,3,7,8,2,6,5,5,6,7,3,2,2,0,2,10,3,5,5,7,2,0,7,242.1,4.107142857,877,19,Woman,1.4,3,3,1,0,2,3,0,0,2,0,2,0,0,0
19,Man,1,4,8,3,0,2,3,0,0,0,0,5,3,2,0,7,2,0,0,1,5,3,9,8,7,1,0,4,6,284.602,2.964285714,435,19,Man,1.4,4,3,0,1,3,2,0,0,1,0,2,0,1,1
18,Woman,1,4,5,0,0,0,0,1,0,7,1,3,6,1,0,3,4,7,7,6,6,0,0,2,1,0,0,0,7,263.88,2.535714286,100,18,Woman,1.35,3,4,0,0.5,2,3,0,0,1,0,5,0,0,1
22,Woman,1,8,8,1,1,0,3,3,0,5,1,9,6,6,10,5,3,6,2,0,1,10,4,0,1,1,0,0,6,303.421,3.571428571,718,21,Woman,1.4,4,2,1,0,3,3,0,0,1,0,5,0,0,0
19,Woman,1,2,9,0,0,1,1,0,0,7,5,0,1,0,3,2,1,4,2,2,2,2,1,3,5,2,0,0,0,296.73,1.964285714,712,18,Woman,1.35,4,3,0,0.5,4,2,0,0,0,0,5,0,1,0
18,Woman,1,6,8,4,3,7,2,7,1,5,8,8,8,3,1,9,0,4,3,9,6,9,8,0,9,9,0,2,0,346.655,4.964285714,19,18,Woman,1.4,4,5,0,0,3,0,0,1,1,0,0,0,0,0
20,Woman,1,7,7,0,0,0,1,0,0,2,0,0,2,0,1,4,0,1,1,2,3,7,2,7,6,1,0,0,1,361.465,1.964285714,594,19,Woman,1.391,4,2,0,1.5,3,2,0,0,0,1.41,2,1,1,2
19,Man,1,2,4,1,0,0,1,1,0,1,1,1,2,0,0,3,2,4,0,0,6,9,4,5,4,2,0,6,0,400.548,2.107142857,319,18,Man,1.4,5,2,0,2,3,2,0,0,0,0,0,5,1,3
19,Woman,1,3,6,1,0,1,0,1,0,0,1,0,0,1,1,2,0,2,1,2,4,2,1,2,3,1,1,0,0,411.75,1.285714286,650,18,Woman,1.35,3,2,0,2.5,3,2,0,0,1,0,0,0,2,3
18,Woman,1,5,7,2,0,0,0,2,0,0,0,0,1,0,1,8,0,4,3,1,6,8,6,2,3,0,0,0,0,488.2,2.107142857,107,18,Woman,1.373205081,5,2,0,0,3,2,0,0,0,1.732050808,3,1,0,0
18,Woman,1,1,3,0,0,8,4,2,2,6,9,2,7,3,2,7,4,6,9,10,10,8,10,1,6,2,1,7,2,293.323,4.714285714,288,18,Woman,1.4,4,5,1,0,2,1,1,0,0,0,0,5,0,0
18,Woman,1,5,7,5,3,3,2,7,1,6,7,6,7,6,5,8,8,7,6,8,8,4,6,2,3,6,4,1,6,515.258,5.25,93,18,Woman,1.394948974,2,3,1,0.5,2,2,0,0,1,2.449489743,2,3,0,1
18,Woman,1,2,2,1,0,0,1,0,0,0,3,0,0,1,2,0,2,0,1,0,4,1,0,0,2,2,0,0,0,515.56,0.857142857,397,18,Woman,1.4,3,1,1,4,3,2,0,0,0,0,4,0,3,5
19,Woman,1,3,5,1,1,5,4,1,1,1,3,1,2,5,6,4,5,6,8,4,8,9,5,2,3,2,2,4,2,605.437,3.678571429,588,18,Woman,1.35,1,4,1,3.5,2,2,0,0,0,0,4,0,3,4
18,Woman,1,5,7,1,0,0,2,3,0,0,0,0,5,0,0,6,6,7,6,3,4,5,0,4,2,0,0,0,0,633.735,2.357142857,482,18,Woman,1.4,4,3,0,0,2,0,0,0,5,0,0,5,0,0
18,Man,1,2,4,0,0,0,0,0,5,3,3,3,1,4,1,2,2,1,3,1,3,2,2,2,3,4,2,1,1,81.783,1.964285714,777,18,Man,1.45,2,1,0,0.5,4,3,0,0,4,0,0,0,1,0
20,Other,1,6,8,4,2,2,0,8,0,4,8,8,8,9,6,9,6,3,2,4,6,1,8,1,7,5,3,2,4,134.148,4.785714286,804,19,Non-binary,1.5,4,3,0,0,5,2,0,0,1,0,5,0,0,0
19,Woman,1,0,4,0,0,0,1,0,0,0,1,0,0,0,0,2,0,2,0,1,2,0,1,0,1,1,0,0,0,138.001,0.571428571,852,18,Woman,1.5,4,3,0,0,3,1,0,0,4,0,0,3,0,0
19,Woman,1,1,7,3,0,3,0,0,0,3,0,0,1,0,2,2,2,0,0,1,3,3,1,1,2,0,0,1,0,150.733,1.285714286,33,19,Woman,1.45,3,3,1,1.5,1,0,0,0,4,1,1,1,1,2
19,Man,1,4,6,1,2,0,0,1,0,1,3,1,2,3,0,3,1,2,2,1,4,1,1,2,2,0,0,0,0,168.478,1.535714286,638,18,Man,1.541,2,3,4,2,2,1,0,0,0,1.41,2,1,2,2
18,Woman,1,7,8,4,3,3,1,4,0,1,2,7,7,8,2,6,3,5,5,0,6,8,5,2,1,0,0,1,7,156.97,3.785714286,578,18,Woman,1.5,3,2,1,1,2,2,1,0,3,0,0,0,2,0
19,Woman,1,2,3,2,0,0,0,0,0,1,1,0,2,2,3,2,0,1,2,2,2,1,0,2,1,2,0,0,1,180.962,1.142857143,687,18,Woman,1.45,3,1,0,2.5,3,3,0,0,2,0,0,4,3,2
19,Woman,1,1,1,0,0,0,0,1,0,1,2,2,1,2,2,6,3,1,4,8,2,6,6,3,3,1,2,3,1,179.372,2.214285714,507,18,Woman,1.5,4,4,1,0,3,3,0,0,0,0,5,0,0,0
19,Woman,1,0,6,0,0,4,3,0,0,0,0,0,3,0,3,5,0,3,3,6,0,7,0,8,3,6,3,6,6,209.838,2.678571429,844,18,Woman,1.45,1,0,5,1.5,2,2,0,0,3,0,0,5,0,3
19,Woman,1,7,6,6,2,4,3,7,5,6,1,4,4,4,5,6,6,5,4,6,7,1,3,4,3,4,2,1,2,205.228,4.214285714,816,18,Woman,1.5,2,4,4,1,2,2,0,0,0,0,0,1,1,1
19,Other,1,2,6,2,0,0,0,3,0,1,7,9,2,9,8,3,3,7,6,5,5,1,2,3,6,1,0,1,3,215.703,3.392857143,295,19,Non-binary,1.45,4,5,0,2.5,1,2,0,0,0,0,5,0,1,4
20,Woman,1,8,8,5,0,5,1,1,3,1,4,0,0,0,2,7,7,7,7,6,9,9,1,5,8,6,6,7,0,227.901,4.392857143,166,20,Woman,1.5,0,5,2,3,3,0,1,1,0,0,1,0,3,3
19,Woman,1,2,6,0,0,1,0,0,0,0,1,0,0,0,1,3,0,4,7,0,4,3,0,2,1,0,0,0,0,219.15,1.25,77,19,Woman,1.45,3,2,0,0.5,3,5,0,0,1,0,4,0,0,1
19,Woman,1,2,5,4,0,2,3,0,0,1,1,0,0,0,3,3,3,3,5,3,4,4,5,2,1,1,1,0,0,275.296,2,843,19,Woman,1.5,5,4,0,0,3,3,0,0,0,0,0,4,0,0
18,Woman,1,1,8,0,0,3,3,6,0,0,3,0,5,3,4,8,4,1,2,0,3,4,7,0,6,5,0,0,0,293.847,2.714285714,336,18,Woman,1.45,4,5,0,3.5,0,2,0,0,0,0,0,0,4,3
19,Woman,1,4,5,0,0,1,0,0,0,0,0,0,0,0,1,2,1,1,6,1,3,4,0,0,2,1,0,0,0,300.101,1.142857143,362,18,Woman,1.496410162,2,3,0,0.5,1,3,0,0,2,3.464101615,3,4,1,0
20,Woman,1,1,6,1,1,2,1,1,0,2,1,6,6,6,1,4,1,1,2,5,2,2,6,2,5,3,2,2,1,313.583,2.607142857,149,20,Woman,1.5,3,1,2,1,4,2,0,0,0,2,2,2,1,1
19,Woman,1,1,6,0,1,0,0,0,2,1,3,1,1,1,1,8,6,7,1,3,6,0,1,5,8,6,1,0,0,300.904,2.5,48,19,Woman,1.5,2,1,4,4,1,3,0,0,0,0,1,0,4,4
19,Woman,1,1,8,2,0,0,0,0,0,1,0,0,3,0,5,3,1,2,3,1,2,4,6,3,6,2,0,0,3,303.122,2,850,19,Woman,1.5,2,1,3,0,3,3,0,0,3,0,0,2,0,0
18,Woman,1,2,4,0,0,0,0,0,0,0,0,0,0,0,0,2,0,1,1,0,2,0,0,1,1,0,0,0,0,290.54,0.5,349,18,Woman,1.5,4,2,0,0,3,4,0,0,2,0,0,5,0,0
20,Woman,1,1,8,2,3,2,1,4,1,7,2,7,2,4,1,5,3,0,0,3,5,0,1,0,5,5,0,2,4,357.766,2.785714286,601,19,Woman,1.491,2,2,0,1.5,2,3,0,0,3,1.41,1,2,2,1
21,Man,1,2,3,0,0,0,0,0,1,3,1,2,0,1,4,5,0,4,4,8,8,10,10,10,7,10,3,5,0,404.296,3.607142857,695,21,Man,1.45,2,4,1,1.5,2,1,0,0,3,0,5,0,0,3
20,Woman,1,2,6,2,1,1,0,0,0,0,1,0,0,0,0,2,1,1,1,1,2,0,0,1,1,0,0,0,1,403.854,0.857142857,649,19,Woman,1.5,2,2,3,0,3,3,0,0,1,1,1,1,0,0
18,Woman,1,6,8,0,0,5,1,0,1,3,5,0,0,0,2,4,1,4,3,2,3,5,2,4,5,4,3,2,0,356.401,2.607142857,45,18,Woman,1.5,4,4,1,1,2,3,0,0,0,0,2,0,1,1
19,Woman,1,4,3,6,0,0,0,0,0,0,1,2,1,0,0,2,1,6,1,2,4,1,3,1,3,1,0,5,0,335.544,1.678571429,439,19,Woman,1.45,3,3,2,0.5,1,0,0,5,0,0,5,0,1,0
20,Woman,1,10,8,2,1,4,7,1,0,0,0,0,0,0,0,0,0,3,3,0,0,0,0,7,0,1,0,0,0,376.628,1.678571429,795,19,Woman,1.5,3,3,1,3,3,2,0,0,0,0,0,5,5,1
19,Man,1,2,1,0,0,0,0,0,0,1,0,0,0,0,0,1,1,1,1,0,1,5,2,2,0,0,0,0,0,477.09,0.642857143,240,19,Man,1.5,1,3,1,3,2,4,0,0,1,0,4,0,2,4
18,Woman,1,6,2,0,0,0,0,0,0,0,1,0,0,0,1,3,0,1,1,1,9,4,1,1,2,1,0,0,0,424.716,1.214285714,106,18,Woman,1.523205081,3,1,0,1.5,3,4,0,0,1,1.732050808,3,1,2,1
18,Woman,1,6,7,0,0,5,1,2,0,0,1,0,1,1,3,5,1,2,6,3,7,0,2,5,1,3,1,0,0,510.6,2.25,689,18,Woman,1.45,5,3,1,1.5,4,0,0,0,0,0,0,4,2,1
18,Other,1,3,4,0,0,0,0,0,0,3,2,0,0,0,0,0,0,2,2,1,3,7,0,0,1,1,0,0,0,258.583,1.035714286,390,18,Non-binary,1.45,3,4,1,0.5,2,1,0,0,3,0,5,0,0,1
20,Woman,1,3,8,1,0,2,0,0,0,1,0,0,0,0,2,3,2,4,0,0,1,5,3,2,8,5,4,0,0,184.558,1.928571429,215,20,Woman,1.5,4,4,0,0,3,0,0,0,4,0,5,0,0,0
19,Man,1,7,7,5,7,7,5,7,7,7,8,8,8,5,8,8,7,8,8,7,9,8,6,7,7,6,5,8,7,51.325,7.035714286,599,18,Man,1.6,4,3,1,0,3,3,0,0,2,0,0,0,0,0
19,Woman,1,4,8,1,0,0,1,3,3,1,0,7,1,0,4,8,3,1,2,0,1,2,2,3,4,2,2,3,2,113.109,2.428571429,810,18,Woman,1.6,4,2,0,0,3,3,0,0,4,0,0,5,0,0
20,Other,1,6,4,1,0,0,1,1,1,0,2,0,2,2,0,3,2,2,3,2,3,7,7,9,8,4,2,3,2,149.78,2.75,630,19,Woman,1.6,5,5,0,2,1,0,0,0,3,0,0,0,1,3
18,Woman,1,3,6,1,0,3,0,0,4,7,3,1,2,4,2,6,6,1,2,3,1,0,6,2,8,1,2,6,1,175.679,2.892857143,128,18,Woman,1.6,4,2,1,2,4,1,0,0,2,0,3,0,3,1
19,Woman,1,2,6,0,0,1,2,0,1,1,3,0,0,1,4,2,1,3,2,1,4,1,2,0,6,1,1,0,0,176.73,1.607142857,682,18,Woman,1.6,3,2,2,2,3,3,0,0,1,0,5,0,1,3
18,Woman,1,7,4,3,0,0,0,0,1,0,1,0,0,0,0,1,0,8,1,0,7,10,8,6,8,8,0,1,0,176.568,2.642857143,187,18,Woman,1.55,4,1,0,3.5,3,4,0,0,0,0,5,0,4,3
18,Man,1,3,7,0,0,1,0,0,0,1,4,0,0,0,0,2,7,0,1,0,5,10,3,3,7,4,2,0,0,186.09,2.142857143,70,18,Other/prefer not to say,1.55,5,3,3,2.5,0,0,0,0,2,0,5,0,0,5
19,Man,1,7,8,3,0,0,0,0,0,0,2,1,3,6,4,5,1,3,6,8,7,10,3,2,2,0,0,0,6,209.008,3.107142857,569,19,Man,1.6,4,4,0,0,3,2,0,0,3,0,0,0,0,0
21,Woman,1,7,8,0,0,0,0,0,0,5,7,6,6,4,6,6,0,4,7,3,1,10,1,1,0,0,0,2,0,255.66,3,612,21,Woman,1.595,2,2,3,0.5,2,2,1,0,1,2.45,2,3,0,1
18,Woman,1,4,7,2,1,0,2,5,0,5,6,7,6,8,7,9,8,6,9,4,9,7,8,5,8,4,1,3,1,244.616,5.071428571,104,18,Woman,1.623606798,5,2,0,0,5,2,0,0,0,2.236067977,5,1,0,0
19,Man,1,6,0,3,1,1,3,3,0,1,3,1,3,2,5,1,2,9,4,2,8,3,2,0,3,6,3,1,3,270.852,2.821428571,765,18,Man,1.6,3,3,1,0,4,3,0,0,2,0,2,0,0,0
20,Woman,1,1,8,0,0,0,0,0,0,0,4,0,1,0,1,4,3,1,0,1,6,8,0,4,6,1,0,1,0,273.9,1.785714286,648,19,Woman,1.583,3,5,0,3,0,1,0,0,1,2.83,4,2,3,3
18,Woman,1,3,8,0,0,1,0,7,1,2,3,4,3,5,3,5,6,2,2,0,4,4,8,3,6,1,1,2,4,280.997,3.142857143,181,18,Woman,1.6,4,3,1,0,3,2,2,0,1,0,5,0,0,0
20,Man,1,0,8,0,0,0,0,0,0,0,1,0,5,0,0,3,0,0,3,0,1,0,0,5,1,0,0,0,2,273.8,1.035714286,517,20,Man,1.55,5,2,0,1.5,3,1,3,0,0,0,0,5,3,0
19,Woman,1,5,9,1,1,3,4,9,2,2,1,3,6,2,3,8,2,7,3,3,7,8,5,4,8,2,2,10,2,259.686,4.357142857,899,18,Woman,1.6,4,4,1,0,4,2,0,0,1,0,5,0,0,0
23,Woman,1,2,3,1,0,0,0,0,0,0,1,1,2,0,6,5,1,1,1,0,3,1,4,2,3,2,0,1,1,266.698,1.464285714,427,23,Woman,1.55,4,1,0,4.5,3,2,0,0,1,0,1,0,4,5
18,Woman,1,3,6,1,0,2,1,0,0,2,1,0,0,1,5,4,1,5,3,0,3,1,5,9,3,2,1,3,2,272.803,2.285714286,738,18,Woman,1.6,4,4,0,0,2,1,0,0,5,0,3,0,0,0
20,Woman,1,3,4,1,0,0,0,0,0,3,0,1,1,0,1,1,1,3,2,1,3,2,8,6,0,0,0,0,0,288.849,1.464285714,447,19,Woman,1.6,4,3,1,0,3,3,1,0,1,0,3,0,0,0
24,Woman,1,1,8,0,0,3,1,0,3,7,1,2,4,2,4,6,4,1,0,3,4,10,7,7,4,2,0,0,4,321.179,3.142857143,195,24,Woman,1.55,2,4,3,1.5,1,3,0,0,1,0,5,0,2,1
18,Woman,1,7,8,1,1,2,1,0,2,1,2,4,3,2,3,5,0,1,2,5,6,6,2,3,2,1,0,0,2,317.555,2.571428571,202,18,Woman,1.55,4,2,0,0.5,5,2,0,0,2,0,0,1,1,0
19,Woman,1,0,5,1,0,0,0,0,0,0,1,1,0,0,0,3,1,1,0,1,0,0,0,0,2,0,0,0,0,283.206,0.571428571,485,18,Woman,1.55,3,3,0,1.5,3,2,0,0,3,0,4,0,1,2
20,Woman,1,4,4,1,0,1,0,0,1,1,2,3,7,1,6,6,4,2,5,2,7,4,5,4,7,6,0,3,3,333.255,3.178571429,745,18,Woman,1.55,4,4,0,0.5,4,2,0,0,1,0,4,0,1,0
18,Woman,1,1,3,1,0,1,2,1,1,1,2,0,2,1,2,2,1,3,3,1,1,9,4,4,4,3,1,4,0,306.986,2.071428571,244,18,Woman,1.6,3,4,1,2,4,2,0,0,0,0,4,0,3,1
19,Woman,1,6,8,0,0,6,1,0,1,3,1,1,5,1,6,7,4,10,8,2,1,10,8,6,5,1,1,1,0,363.501,3.678571429,196,19,Woman,1.6,5,4,1,1,5,0,0,0,0,0,5,0,1,1
19,Woman,1,0,3,0,0,1,1,0,0,2,1,0,1,0,2,2,2,1,1,1,1,3,2,2,0,0,0,1,0,357.275,0.964285714,733,18,Woman,1.6,4,2,1,2,3,4,0,0,0,0,4,0,2,2
18,Man,1,1,1,0,0,1,0,0,0,0,1,0,0,0,1,2,0,1,1,7,2,3,2,1,1,1,0,1,0,385.951,0.964285714,203,18,Man,1.55,3,4,4,1.5,1,1,1,0,0,0,0,2,0,3
21,Woman,1,3,8,2,1,6,1,8,2,8,6,1,1,7,9,4,6,9,6,2,1,8,0,3,7,1,6,7,4,394.509,4.535714286,728,20,Woman,1.55,4,4,2,3.5,0,0,0,0,2,0,5,0,2,5
20,Woman,1,1,2,0,0,1,1,0,0,0,0,0,0,0,0,1,2,2,1,1,3,0,0,0,3,1,0,0,0,348.518,0.678571429,904,19,Woman,1.6,4,3,2,1,3,2,0,0,1,0,4,0,1,1
18,Man,1,4,3,2,0,0,1,2,0,1,2,1,0,0,2,3,4,7,7,8,7,6,3,6,4,3,2,0,1,415.124,2.821428571,413,18,Man,1.6,4,1,2,0,4,2,0,0,3,0,0,0,0,0
19,Woman,1,6,4,0,1,2,1,0,0,2,4,1,1,0,1,2,3,2,0,2,7,1,0,2,2,2,1,0,0,415.351,1.678571429,363,19,Woman,1.582842713,2,2,0,3,3,1,0,0,2,2.828427125,4,2,4,2
19,Woman,1,5,3,0,0,1,0,0,0,0,3,0,2,2,1,3,1,7,6,1,1,1,3,3,3,1,0,0,0,314.775,1.678571429,416,19,Woman,1.641421356,4,5,1,0,3,2,0,0,0,1.414213562,2,1,0,0
19,Woman,1,6,7,5,2,3,5,3,0,3,2,1,3,1,2,6,5,2,6,4,7,2,4,5,5,5,2,1,1,518.152,3.5,508,19,Woman,1.55,4,3,1,0.5,4,2,0,0,1,0,0,5,0,1
20,Woman,1,0,4,0,0,2,1,0,2,7,6,0,1,0,0,4,3,3,0,0,2,1,4,2,2,4,1,0,0,558.592,1.75,280,19,Woman,1.632842713,1,3,0,0.5,5,4,0,0,0,2.828427125,4,2,1,0
19,Woman,1,0,4,0,0,0,0,0,0,1,1,0,0,0,1,1,0,1,0,0,2,7,1,1,3,0,0,0,0,407.78,0.821428571,620,18,Woman,1.624,3,1,0,2,3,2,0,0,3,2.24,1,5,2,2
19,Man,1,6,4,9,6,4,3,8,4,6,2,4,6,6,3,4,6,7,3,5,5,7,6,4,5,4,7,3,6,32.957,5.107142857,833,18,Man,1.65,4,2,0,0.5,4,3,0,0,1,2,4,1,0,1
18,Woman,1,0,7,0,0,0,1,1,2,1,2,4,3,2,4,7,0,0,0,2,1,4,2,4,3,3,3,5,3,78.7,2.285714286,480,18,Woman,1.65,4,3,0,3.5,2,2,1,0,1,0,0,5,3,4
18,Woman,1,4,7,6,6,8,2,7,3,8,9,9,5,8,5,9,7,8,4,5,9,9,3,7,10,6,5,9,8,134.316,6.642857143,635,18,Woman,1.65,4,3,1,1.5,3,3,0,0,1,0,5,0,2,1
20,Woman,1,0,3,0,0,0,0,0,0,0,0,0,2,1,8,1,0,0,0,0,3,10,1,4,6,0,0,0,0,146.333,1.392857143,324,20,Woman,1.65,4,3,0,1.5,3,3,0,0,2,0,0,5,2,1
18,Woman,1,0,3,1,0,1,1,1,0,0,2,0,4,4,3,7,4,0,3,2,7,6,5,1,6,2,0,8,0,153.402,2.535714286,193,18,Woman,1.682842713,2,1,3,3,3,0,0,0,2,2.828427125,4,2,3,3
18,Woman,1,5,9,1,0,3,0,4,0,1,8,10,9,9,10,10,3,10,10,4,10,5,10,5,9,2,1,6,3,146.355,5.607142857,46,18,Woman,1.723205081,5,4,0,0.5,4,1,0,0,1,1.732050808,3,1,1,0
19,Woman,1,7,9,6,2,2,2,2,2,1,3,2,1,0,3,4,4,5,4,7,9,9,5,5,7,5,2,3,2,152.422,4.035714286,533,18,Woman,1.7,2,2,3,2,2,3,0,0,3,0,0,1,2,2
19,Woman,1,2,8,5,0,2,0,0,0,0,7,0,4,6,9,6,0,0,5,9,8,9,0,0,8,0,0,2,0,161.027,3.214285714,348,19,Woman,1.65,4,3,0,1.5,5,3,0,0,0,0,0,5,2,1
19,Woman,1,8,9,6,6,6,7,5,3,2,6,6,6,3,5,7,8,8,9,6,9,10,8,7,8,8,4,6,1,186.916,6.321428571,163,18,Woman,1.7,4,4,0,2,3,3,0,0,1,0,5,0,2,2
18,Woman,1,2,7,1,1,5,6,4,0,6,1,5,1,6,1,10,7,5,9,6,6,10,8,2,6,1,0,0,5,175.667,4.321428571,266,18,Woman,1.7,3,5,2,0,4,3,0,0,0,0,5,0,0,0
19,Other,1,9,8,6,2,8,4,2,2,4,4,2,3,1,0,5,3,3,2,8,5,8,6,5,8,5,4,9,1,211.236,4.535714286,853,19,Non-binary,1.65,4,5,0,0.5,2,2,0,0,3,0,5,0,0,1
19,Woman,1,7,3,0,0,1,1,2,0,1,1,1,0,0,2,5,5,6,5,2,5,10,6,3,3,2,3,0,0,208.464,2.642857143,539,19,Woman,1.7,4,3,1,2,2,0,0,0,3,2,1,4,2,2
27,Man,1,7,7,2,1,0,0,0,0,4,0,0,0,0,0,3,0,5,0,6,6,1,4,7,5,1,0,0,0,243.811,2.107142857,836,27,Man,1.7,4,3,2,4,2,2,0,0,0,0,0,0,4,4
19,Woman,1,9,6,0,0,0,0,0,0,0,8,0,0,4,0,6,0,0,0,0,0,8,5,0,7,1,0,1,0,250.37,1.964285714,583,18,Woman,1.7,3,4,0,2,3,2,0,2,1,0,4,0,4,0
19,Woman,1,4,6,1,1,5,1,0,1,0,4,0,0,0,5,6,4,1,1,3,6,1,3,3,6,4,2,2,1,255.181,2.535714286,679,18,Woman,1.7,4,3,1,2,3,3,0,0,1,0,0,4,2,2
29,Woman,1,1,5,0,0,0,0,0,0,0,0,0,1,1,1,2,0,1,2,2,3,6,3,0,2,0,0,3,1,243.392,1.214285714,775,28,Woman,1.7,4,3,2,0,5,3,0,0,0,0,0,0,0,0
19,Woman,1,2,6,0,0,1,1,1,0,0,2,1,3,1,7,7,3,5,5,8,4,5,6,4,3,1,3,5,4,270.598,3.142857143,71,19,Woman,1.7,4,5,1,1,2,3,0,0,1,0,4,0,1,1
18,Woman,1,1,3,0,0,0,0,1,0,0,0,1,0,0,0,3,0,0,0,0,2,1,0,0,0,0,0,1,0,249.911,0.464285714,461,18,Woman,1.65,3,2,3,1.5,3,4,0,0,0,0,0,0,1,2
18,Woman,1,5,6,3,1,1,2,3,1,0,4,2,2,2,2,5,3,3,1,4,4,7,7,7,4,3,0,1,2,285.488,3.035714286,330,18,Woman,1.65,3,3,1,1.5,3,4,0,0,1,0,0,0,2,1
19,Woman,1,6,7,8,1,3,0,0,2,4,4,5,8,3,10,7,9,2,9,10,5,4,6,6,9,0,0,3,0,266.4,4.678571429,493,18,Woman,1.7,3,5,1,1,2,0,0,0,3,2,4,1,0,2
27,Woman,1,2,3,1,0,1,0,1,0,0,0,1,0,2,3,1,1,0,1,3,1,7,3,4,2,0,0,0,0,283.002,1.321428571,123,27,Woman,1.7,4,4,0,1,3,2,0,0,3,0,0,3,0,2
19,Man,1,0,3,1,0,0,3,0,0,2,7,0,0,0,2,1,2,4,3,4,4,0,8,7,1,4,1,0,0,288.003,2.035714286,345,19,Man,1.7,2,3,0,0,4,5,0,0,3,0,5,0,0,0
19,Woman,1,1,2,0,0,1,0,0,0,1,0,0,1,0,1,2,0,0,1,0,2,9,3,1,1,0,2,0,1,256.332,1.035714286,327,19,Woman,1.7,5,4,0,0,5,3,0,0,0,0,5,0,0,0
19,Woman,1,1,9,6,3,2,0,0,6,6,8,3,0,1,6,9,7,6,3,8,8,7,6,2,5,3,4,4,2,255.242,4.464285714,460,18,Woman,1.65,4,3,1,0.5,4,2,0,0,2,0,5,0,0,1
19,Woman,1,4,6,2,1,4,3,0,0,0,2,3,0,4,5,4,2,2,0,3,5,6,2,1,1,0,0,0,0,306.916,2.142857143,472,18,Woman,1.65,2,3,1,1.5,4,3,0,0,2,0,0,3,1,2
20,Woman,1,3,4,2,3,1,0,0,0,0,1,1,0,0,2,3,3,2,2,2,1,1,3,2,2,1,2,0,1,286.934,1.5,865,19,Woman,1.673,3,3,1,2,3,2,0,0,1,1.73,3,1,2,2
19,Woman,1,8,6,1,2,2,1,3,0,0,2,3,2,1,1,2,1,0,1,2,3,5,3,1,3,1,1,0,0,306.19,1.964285714,405,19,Woman,1.65,4,2,1,1.5,3,2,0,0,3,0,5,0,0,3
18,Woman,1,0,3,0,0,2,2,0,0,1,1,2,5,2,2,2,2,4,3,0,0,5,8,8,0,0,2,0,0,379.91,1.928571429,271,18,Woman,1.65,4,4,0,3.5,3,2,0,0,0,0,0,0,2,5
19,Woman,1,5,6,3,2,3,4,4,2,4,1,5,5,6,4,4,6,5,5,4,5,7,6,3,4,4,5,3,3,354.857,4.214285714,720,18,Woman,1.7,4,4,1,0,4,3,0,0,1,0,0,1,0,0
19,Woman,1,7,8,3,1,1,1,1,0,1,2,1,1,1,2,2,1,3,3,2,3,3,2,2,2,3,1,1,1,559.143,2.107142857,824,18,Woman,1.65,4,3,1,1.5,3,1,2,0,1,0,0,1,1,2
19,Other,1,1,2,1,0,1,0,1,0,0,1,1,0,2,0,1,0,2,0,2,1,8,4,1,1,0,0,4,1,354.416,1.25,201,19,Non-binary,1.747213596,3,1,3,3,0,0,0,0,3,4.472135955,5,4,3,3
19,Woman,1,8,8,4,0,4,2,0,0,2,1,1,1,0,4,5,6,3,0,2,1,2,5,1,2,2,0,1,0,462.331,2.321428571,557,18,Woman,1.7,4,2,0,1,3,2,0,0,5,0,0,0,1,1
20,Woman,1,0,4,1,0,0,0,1,0,4,1,0,0,0,0,1,0,4,0,1,8,6,7,3,0,6,3,3,1,1178.778,1.928571429,642,19,Woman,1.724,4,2,1,1,3,3,0,0,1,2.24,5,1,1,1
18,Woman,1,3,8,2,0,1,1,0,0,1,3,0,3,2,5,2,3,8,6,3,6,9,4,3,4,2,1,6,0,271.856,3.071428571,120,18,Woman,1.65,4,2,0,2.5,3,3,0,0,2,0,0,0,3,2
19,Woman,1,3,6,0,0,0,0,0,0,0,0,1,0,0,0,0,0,1,0,0,0,0,2,0,0,0,0,0,0,104.355,0.464285714,725,18,Woman,1.8,3,2,0,1,2,3,0,5,2,0,0,0,1,1
19,Woman,1,0,4,1,0,2,3,0,0,0,0,0,0,0,0,2,0,3,0,4,3,5,0,1,3,0,2,0,0,141.504,1.178571429,796,18,Woman,1.75,3,2,0,0.5,4,1,0,2,3,2,1,4,1,0
19,Woman,1,2,7,6,6,2,4,8,1,3,6,2,3,2,5,6,3,4,7,4,5,6,2,2,2,1,4,2,6,143.759,3.964285714,180,19,Woman,1.8,5,3,1,2,4,3,0,0,0,0,4,0,2,2
25,Man,1,1,1,0,0,2,1,9,1,1,3,1,6,3,4,3,5,0,3,4,6,2,4,5,5,4,0,0,3,175.13,2.75,618,24,Man,1.75,4,3,4,0.5,2,3,0,0,1,0,5,0,1,0
18,Man,1,2,1,0,0,0,0,0,0,3,7,0,0,0,0,2,0,1,0,0,0,4,0,3,2,1,0,0,0,189.162,0.928571429,83,18,Man,1.8,5,5,0,0,4,3,1,0,0,0,5,0,0,0
19,Man,1,0,3,0,0,1,0,0,0,0,1,0,0,1,1,0,1,3,0,1,2,0,0,0,1,0,1,0,0,160.68,0.571428571,771,18,Man,1.8,2,3,2,3,4,2,0,0,2,0,0,0,3,3
20,Woman,1,7,7,1,2,10,10,2,3,1,3,10,8,8,8,10,2,9,1,9,10,10,10,4,1,2,2,6,0,183.116,5.571428571,737,19,Woman,1.8,5,5,0,0,2,4,0,0,2,0,0,1,0,0
20,Woman,1,0,2,0,0,0,0,1,0,0,1,0,0,1,0,2,0,0,1,0,2,2,1,0,1,0,0,0,0,192.199,0.5,332,20,Woman,1.8,4,3,2,2,3,3,1,0,0,0,0,4,1,3
19,Woman,1,8,7,3,3,6,7,8,1,9,7,9,2,6,4,10,4,2,1,4,5,3,8,6,7,3,0,3,4,201.974,5,487,18,Woman,1.816,5,3,0,2,2,0,0,0,3,3.16,5,2,1,3
18,Woman,1,4,7,1,0,3,0,0,1,0,6,3,1,0,3,5,0,3,1,2,2,7,3,6,4,3,0,0,0,210.802,2.321428571,43,18,Woman,1.846410162,4,3,0,3,3,1,0,0,1,3.464101615,4,3,2,4
18,Woman,1,2,4,1,0,1,1,2,1,1,1,1,2,0,3,2,2,2,3,3,3,1,1,1,2,1,1,2,0,214.853,1.571428571,830,18,Woman,1.75,3,1,1,1.5,4,3,0,0,4,0,0,5,2,1
20,Woman,1,8,3,0,0,1,0,0,0,1,1,0,1,1,1,1,0,0,0,1,2,2,0,1,1,1,0,0,0,218.383,0.928571429,900,19,Woman,1.75,4,1,2,0.5,4,2,0,0,4,0,5,0,0,1
19,Woman,1,2,2,1,0,0,0,1,0,0,1,0,1,0,1,3,1,2,0,1,2,1,1,1,1,1,1,0,0,217.263,0.857142857,65,19,Woman,1.75,5,2,2,0.5,2,3,0,0,3,0,5,0,0,1
18,Woman,1,6,2,0,0,0,0,0,0,0,1,1,2,2,6,8,2,7,6,2,9,8,2,3,4,0,0,3,1,216.701,2.678571429,183,18,Woman,1.8,4,2,0,0,1,4,0,5,2,0,5,0,0,0
18,Woman,1,7,6,3,0,1,0,0,0,4,0,2,2,3,0,1,2,0,3,4,0,3,7,7,4,0,0,1,0,245.258,2.142857143,354,18,Woman,1.75,4,3,1,0.5,4,2,0,0,3,0,0,3,1,0
19,Woman,1,2,3,0,1,0,1,1,0,0,1,2,1,0,1,2,2,2,1,1,1,3,4,3,1,0,0,2,1,257.849,1.285714286,874,18,Woman,1.8,3,4,0,2,4,3,1,0,1,0,0,0,3,1
19,Woman,1,3,3,1,0,0,0,0,0,1,1,0,0,0,1,2,1,0,0,0,1,4,0,1,4,1,0,0,0,261.296,0.857142857,84,19,Woman,1.8,4,4,1,2,2,3,0,0,2,0,3,0,2,2
18,Other,1,0,1,0,0,0,0,1,0,0,2,0,0,1,1,2,0,1,1,0,3,3,0,0,1,1,0,2,0,228.766,0.714285714,254,18,Non-binary,1.8,3,2,4,1,2,2,2,0,2,0,0,5,1,1
20,Woman,1,1,2,0,0,0,0,0,0,0,0,0,1,0,2,2,1,2,5,4,2,0,2,3,0,0,0,0,0,256.344,0.964285714,515,19,Woman,1.8,2,3,0,5,3,0,0,0,0,5,5,5,5,5
21,Man,1,3,7,0,0,0,0,7,0,2,1,0,0,3,0,3,3,2,8,2,1,6,10,5,1,2,4,10,1,260.512,2.892857143,273,20,Man,1.75,4,0,3,1.5,1,3,5,0,0,0,0,3,0,3
18,Woman,1,1,2,0,0,0,0,0,0,0,0,0,0,0,0,0,1,0,0,2,0,2,5,0,3,0,0,0,0,214.576,0.571428571,133,18,Woman,1.8,5,5,0,1,5,2,0,0,0,0,4,0,1,1
19,Woman,1,5,6,3,2,1,4,4,0,2,3,4,1,2,3,5,3,6,5,5,4,5,5,4,6,4,2,1,1,270.883,3.428571429,549,18,Woman,1.8,4,5,1,0,4,3,0,0,1,0,0,4,0,0
18,Woman,1,2,6,1,0,2,0,1,0,3,5,2,2,1,6,7,4,5,8,4,6,3,3,2,7,1,0,7,0,332.979,3.142857143,301,18,Woman,1.75,5,4,1,1.5,3,2,0,0,1,0,0,0,1,2
18,Woman,1,1,3,0,0,0,0,0,0,0,0,1,0,0,1,1,0,0,0,0,1,1,2,2,1,0,0,0,0,331.821,0.5,375,18,Woman,1.8,1,4,3,3,3,1,1,0,2,0,5,0,3,3
22,Woman,1,3,5,3,2,4,1,4,1,2,2,3,4,3,4,5,4,6,5,3,6,8,4,3,7,6,4,4,2,340.481,3.857142857,675,21,Woman,1.8,3,2,2,3,4,3,0,0,1,0,4,0,3,3
20,Woman,1,4,6,2,0,0,0,0,0,5,4,5,7,2,2,9,3,1,3,3,9,9,9,3,7,6,1,1,0,324.731,3.607142857,855,20,Woman,1.8,5,5,0,0,5,1,0,0,2,0,0,0,0,0
18,Woman,1,0,1,0,0,0,0,0,0,1,0,0,1,0,1,1,0,1,2,1,2,3,0,0,0,0,0,0,0,293.727,0.5,277,18,Woman,1.75,4,4,0,1.5,2,2,0,0,4,0,0,1,1,2
18,Woman,1,1,8,4,2,1,1,9,0,5,3,9,9,9,9,9,7,9,9,2,9,9,10,6,8,8,5,6,9,310.501,6.285714286,392,18,Woman,1.8,5,4,0,0,4,4,0,0,1,0,0,0,0,0
20,Woman,1,2,8,2,0,0,1,0,0,2,3,1,5,0,5,2,0,3,1,4,5,6,2,7,5,2,1,6,0,362.149,2.607142857,581,20,Woman,1.8,3,1,3,2,4,4,0,0,1,0,4,0,3,1
19,Woman,1,4,3,4,1,1,0,0,1,1,2,3,3,1,1,5,4,1,4,1,0,9,3,4,4,1,2,4,0,378.158,2.392857143,894,18,Woman,1.75,3,2,1,2.5,4,2,0,0,3,0,0,0,3,2
19,Woman,1,0,2,0,0,1,0,0,0,0,0,0,0,1,4,0,0,0,1,0,0,1,0,0,0,0,0,3,0,363.894,0.464285714,568,18,Woman,1.8,3,4,0,1,3,3,0,0,4,0,0,4,1,1
18,Woman,1,5,7,5,2,6,3,8,0,3,8,2,7,6,9,7,8,3,8,8,9,9,10,10,10,8,4,10,3,354.158,6.357142857,323,18,Woman,1.8,4,3,0,0,4,2,0,0,5,0,0,3,0,0
18,Woman,1,4,8,2,0,0,1,1,0,1,5,5,5,4,3,9,2,1,8,8,8,8,4,6,5,0,0,9,0,379.114,3.821428571,276,18,Woman,1.791421356,3,2,2,3.5,2,2,1,0,1,1.414213562,2,1,4,3
19,Woman,1,6,3,1,0,0,0,0,0,0,3,0,1,0,1,1,2,3,1,0,3,7,0,1,0,0,0,0,0,336,1.178571429,543,18,Woman,1.8,5,3,0,1,3,4,0,0,2,0,0,2,1,1
19,Man,1,2,8,6,6,4,4,5,1,1,7,0,4,3,5,7,3,7,6,4,7,3,7,7,7,4,6,7,3,410.361,4.785714286,377,19,Man,1.75,4,1,2,3.5,2,5,0,0,0,0,0,5,3,4
26,Woman,1,1,6,0,0,1,3,0,0,0,1,0,0,0,4,1,1,2,3,4,1,1,0,2,2,0,2,0,0,432.325,1.25,697,25,Woman,1.75,5,2,0,2.5,3,2,0,0,3,0,5,0,4,1
58,Woman,1,2,2,2,1,0,0,0,0,0,0,1,0,0,4,0,1,1,2,1,2,1,3,2,2,2,1,0,2,454.362,1.142857143,659,57,Woman,1.75,4,4,0,2.5,3,4,0,0,0,0,0,3,2,3
19,Woman,1,1,7,0,0,10,0,1,0,0,2,6,7,0,4,2,4,7,2,0,10,0,4,4,5,1,0,0,0,611.203,2.75,785,19,Woman,1.823,2,3,4,0.5,2,1,0,0,4,1.73,3,1,1,0
19,Woman,1,0,8,0,0,1,3,4,0,0,3,4,8,0,8,3,6,8,10,6,10,1,2,3,4,0,0,3,10,641.399,3.75,50,19,Woman,1.8,4,3,2,1,1,3,0,0,4,0,5,0,2,0
19,Woman,1,1,3,0,0,0,0,0,0,1,0,0,0,0,0,4,0,0,1,0,1,7,0,3,4,0,0,0,0,659.524,0.892857143,186,19,Woman,1.75,4,4,1,2.5,3,3,0,0,0,0,4,0,1,4
20,Woman,1,6,8,3,0,3,1,1,0,6,6,5,6,6,8,5,5,1,2,5,8,8,8,6,4,4,5,4,5,853.418,4.607142857,441,20,Woman,1.8,3,3,4,0,3,3,0,0,2,0,0,1,0,0
21,Man,1,2,9,3,0,1,1,0,1,3,7,2,1,1,1,9,4,10,10,2,8,3,8,3,8,4,1,0,8,1504.488,3.928571429,562,20,Man,1.841,3,1,0,4,5,3,0,0,1,1.41,2,1,4,4
19,Woman,1,7,7,3,1,1,3,1,0,0,2,2,3,1,3,4,4,6,6,3,7,4,2,6,2,1,1,1,3,130.589,3,574,19,Woman,1.9,4,3,4,0,5,1,0,0,2,0,0,1,0,0
18,Woman,1,7,7,3,7,4,4,6,4,8,4,7,2,8,1,8,1,8,2,7,6,5,4,4,3,7,6,3,3,47.201,4.964285714,291,18,Woman,1.891421356,3,2,0,2.5,5,4,0,0,1,1.414213562,1,2,4,1
19,Woman,1,1,8,0,0,0,0,0,0,0,3,4,1,1,3,6,1,6,5,0,10,9,5,1,1,3,0,0,2,149.858,2.5,305,18,Woman,1.85,4,3,0,1.5,3,3,0,0,2,2,1,4,3,0
20,Prefer not to say,1,6,9,3,0,0,0,1,0,2,9,1,8,2,3,2,8,8,1,1,2,1,4,1,7,1,1,0,1,169.1,2.928571429,848,19,Non-binary,1.85,2,4,0,0.5,5,3,0,0,4,0,0,2,1,0
20,Woman,1,2,9,1,0,0,2,2,0,0,0,0,0,3,10,1,9,1,2,1,7,1,3,4,3,7,5,1,3,144.315,2.75,483,19,Woman,1.9,3,3,0,4,4,3,0,0,2,0,4,0,4,4
19,Woman,1,8,4,1,2,6,0,8,0,8,3,9,9,7,7,3,5,5,8,3,8,1,7,2,8,6,0,1,7,189.097,4.857142857,708,19,Woman,1.85,4,3,0,1.5,2,3,0,0,1,4,4,4,0,3
18,Woman,1,9,9,9,3,3,6,9,2,6,9,10,10,10,10,10,10,10,10,10,9,1,10,10,10,10,10,10,1,219.916,8.071428571,167,18,Woman,1.85,4,2,0,4.5,4,0,0,0,4,0,0,0,5,4
20,Woman,1,1,3,1,0,0,0,0,0,0,1,0,1,0,1,6,1,2,3,0,2,3,3,1,2,1,0,0,0,219.395,1.142857143,430,20,Woman,1.9,4,3,1,3,4,3,0,0,1,0,0,5,2,4
18,Woman,1,0,7,0,0,0,1,1,0,2,3,0,4,1,8,8,6,1,1,3,1,3,4,0,3,0,0,2,1,215.044,2.142857143,225,18,Woman,1.9,5,2,2,0,4,2,1,0,1,2,1,4,0,0
19,Woman,1,1,4,0,0,1,0,0,0,3,1,1,3,2,1,1,1,1,0,2,4,0,1,2,1,0,0,0,1,229.988,1.107142857,506,18,Woman,1.85,3,3,1,0.5,4,4,0,0,3,0,0,5,0,1
21,Woman,1,0,6,0,0,0,0,4,0,0,2,1,6,1,2,0,0,1,0,8,3,9,2,4,0,0,0,0,0,242.981,1.75,699,20,Woman,1.85,5,5,1,1.5,2,0,0,0,4,0,0,0,0,3
18,Woman,1,7,8,1,0,1,0,4,0,9,0,1,8,5,5,10,5,4,7,5,9,7,10,9,8,4,1,0,1,241.89,4.607142857,7,19,Woman,1.9,5,4,0,0,4,5,0,0,1,0,5,0,0,0
19,Man,1,4,2,0,0,0,0,0,0,0,1,0,0,0,1,1,1,1,1,0,3,2,0,0,0,0,0,0,0,249.712,0.607142857,868,18,Man,1.9,4,4,2,3,4,1,0,0,1,0,0,0,4,2
20,Woman,1,9,7,5,0,8,0,10,0,0,7,3,3,0,4,8,6,10,8,8,9,10,8,7,8,6,1,7,3,247.249,5.535714286,414,20,Woman,1.85,5,2,0,3.5,4,3,0,0,1,0,5,0,3,4
18,Woman,1,6,8,1,0,1,0,0,0,0,0,0,0,0,7,1,0,3,9,2,2,9,5,3,2,4,1,0,0,263.488,2.285714286,275,18,Woman,1.9,2,3,0,2,4,5,0,0,3,0,0,4,1,3
18,Woman,1,2,7,1,1,1,0,1,0,0,2,0,0,0,0,3,1,2,1,2,3,6,4,3,4,4,1,0,0,279.95,1.75,344,18,Woman,1.9,4,4,1,3,3,2,0,0,2,0,0,5,1,5
21,Woman,1,5,4,1,0,1,0,1,0,4,0,2,2,1,2,2,0,2,6,1,2,4,8,4,3,2,4,1,0,287.085,2.214285714,532,20,Woman,1.85,3,4,1,1.5,5,2,0,0,2,0,0,1,1,2
19,Woman,1,0,3,2,1,0,1,0,0,1,2,2,0,0,2,6,3,4,1,2,2,1,2,2,1,0,0,0,0,296.134,1.357142857,884,18,Woman,1.85,2,2,4,4.5,1,4,0,0,1,0,5,0,5,4
19,Woman,1,7,4,1,0,1,0,0,0,1,3,1,1,0,0,4,0,8,1,9,6,0,8,1,2,4,4,7,0,286.752,2.607142857,35,19,Woman,1.85,4,4,1,0.5,4,5,0,0,0,0,0,0,0,1
18,Woman,1,8,0,0,0,3,3,0,0,2,1,3,6,2,3,2,4,5,2,7,4,9,7,6,4,1,3,4,2,273.912,3.25,723,18,Woman,1.9,4,4,0,3,3,1,0,0,4,0,0,0,3,3
22,Woman,1,3,6,0,0,0,2,2,0,1,2,0,1,1,1,3,4,2,1,3,2,10,3,1,3,2,1,1,2,285.414,2.035714286,653,21,Woman,1.85,5,4,0,2.5,0,0,5,0,2,0,5,0,2,3
19,Woman,1,5,4,1,1,2,2,0,0,0,1,0,0,0,1,2,3,4,4,1,7,5,6,6,2,2,4,6,1,305.018,2.5,164,19,Woman,1.85,3,2,0,3.5,3,2,0,2,3,0,0,5,3,4
19,Woman,1,2,4,1,0,1,2,0,0,0,0,1,1,0,0,1,2,3,0,0,3,3,4,2,1,0,0,0,1,286.549,1.142857143,901,18,Woman,1.85,5,3,4,0.5,5,0,0,0,1,0,5,0,1,0
18,Woman,1,0,7,0,0,1,0,0,0,2,1,0,1,0,0,1,1,3,4,2,5,10,2,1,3,0,0,0,1,354.571,1.607142857,197,18,Woman,1.85,4,2,3,2.5,1,3,0,0,2,1,1,1,2,3
19,Other,1,7,4,0,0,0,0,2,0,1,0,3,0,3,0,2,3,0,0,1,1,9,1,0,0,0,0,0,0,272.828,1.321428571,63,19,Non-binary,1.85,5,3,0,2.5,4,2,0,0,2,0,5,0,3,2
22,Woman,1,1,6,0,0,0,2,1,0,0,0,1,3,0,1,4,1,1,0,1,1,1,9,9,4,4,0,0,0,323.895,1.785714286,788,21,Woman,1.9,4,2,1,0,4,4,0,0,4,0,5,0,0,0
18,Woman,1,6,8,8,8,4,8,6,8,3,8,5,10,5,9,5,9,5,8,4,9,3,6,9,3,8,4,6,3,390.509,6.357142857,381,18,Woman,1.85,3,4,1,1.5,5,2,0,0,2,0,5,0,2,1
18,Woman,1,0,3,1,0,1,1,0,0,2,1,3,1,4,0,2,1,1,1,2,1,10,6,5,1,1,0,0,0,373.661,1.714285714,347,18,Woman,1.944948974,4,4,2,0,5,0,0,0,2,2.449489743,3,2,0,0
19,Woman,1,2,8,0,0,1,0,0,2,0,8,0,0,0,4,2,0,4,3,5,8,6,5,9,7,0,0,0,0,456.687,2.642857143,192,19,Woman,1.9,5,4,0,1,3,2,0,0,4,0,5,0,1,1
18,Woman,1,1,4,1,0,5,1,2,1,0,4,4,6,4,5,4,3,7,8,2,6,1,2,1,2,3,4,6,3,250.318,3.214285714,111,18,Woman,1.85,5,5,0,1.5,5,2,0,0,0,0,0,5,2,1
19,Woman,1,1,4,0,0,0,0,4,0,0,2,0,4,0,1,4,0,1,1,0,1,0,4,4,5,1,0,5,0,458.161,1.5,337,19,Woman,1.85,5,3,1,1.5,4,2,0,0,2,0,0,5,1,2
18,Woman,1,1,3,1,3,4,0,0,1,4,5,1,1,1,2,7,3,3,4,2,7,8,3,4,5,4,5,0,1,513.341,2.964285714,23,18,Woman,1.873606798,3,3,1,1.5,3,2,0,0,3,2.236067977,1,5,1,2
18,Man,1,1,1,1,1,0,0,1,0,0,0,0,0,1,1,1,1,2,3,0,0,4,4,2,1,2,1,1,1,457.34,1.071428571,740,18,Man,1.9,5,5,0,2,3,1,1,0,2,0,0,1,1,3
19,Woman,1,7,5,7,5,9,1,8,5,8,6,4,8,5,5,8,4,7,6,6,3,10,6,7,4,8,6,4,8,35.877,6.071428571,713,18,Woman,1.991,2,4,1,1.5,3,2,4,0,1,1.41,2,1,0,3
18,Woman,1,10,6,5,6,4,8,6,8,7,4,6,8,4,5,6,8,6,7,7,3,4,5,0,10,6,6,9,5,43.317,6.035714286,178,18,Woman,2,4,5,0,1,5,2,0,0,3,0,5,0,2,0
20,Woman,1,7,5,4,2,4,2,4,5,5,4,3,4,5,2,1,0,4,2,2,3,4,4,3,3,3,3,4,3,38.2,3.392857143,849,19,Woman,1.95,4,4,2,2.5,2,3,1,0,1,0,5,0,2,3
20,Woman,1,4,6,5,7,8,0,2,2,4,5,0,4,2,5,3,2,3,6,7,4,4,3,5,5,3,2,5,2,98.337,3.857142857,478,19,Woman,1.95,2,5,0,2.5,5,3,0,0,2,0,0,2,1,4
20,Woman,1,2,2,0,0,0,0,0,0,0,0,0,0,0,0,0,0,1,1,0,1,2,1,0,0,0,0,0,0,134.692,0.357142857,544,19,Woman,1.974,4,5,0,0.5,4,3,0,0,1,2.24,5,1,1,0
20,Woman,1,4,4,0,0,0,0,0,0,0,3,0,0,0,1,1,0,5,0,0,4,0,0,3,5,0,3,1,0,182.403,1.214285714,691,20,Woman,1.95,4,4,0,2.5,4,2,0,0,3,0,0,5,3,2
18,Woman,1,4,8,2,0,0,2,0,7,0,0,0,0,4,5,0,7,7,8,2,8,10,0,4,2,5,0,0,2,185.487,3.107142857,399,18,Woman,1.966227766,4,3,1,0.5,4,3,0,0,1,3.16227766,5,2,0,1
19,Woman,1,6,8,4,1,1,0,0,1,5,5,0,1,0,2,5,1,4,7,1,9,10,9,4,3,2,1,1,0,192.573,3.25,511,18,Woman,1.95,4,5,3,2.5,4,1,0,0,0,0,5,0,2,3
19,Woman,1,4,7,2,1,3,0,3,0,7,5,2,2,0,8,8,4,6,3,1,5,5,8,4,4,1,3,1,1,198.702,3.5,457,18,Woman,2.046,5,3,1,0,4,3,0,0,1,3.46,4,3,0,0
21,Woman,1,2,6,3,3,5,0,4,0,3,4,4,4,2,3,7,5,7,6,5,4,6,2,3,1,3,0,2,3,197.63,3.464285714,499,20,Woman,1.95,5,3,0,4.5,5,2,0,0,0,0,5,0,4,5
19,Other,1,4,7,7,1,3,2,3,0,6,4,7,4,4,3,7,3,9,2,6,6,9,7,2,6,4,7,6,6,206.6,4.821428571,823,18,Non-binary,2,4,3,2,3,4,2,1,0,1,0,0,4,2,4
20,Woman,1,3,8,4,1,2,2,0,2,2,2,1,3,2,1,3,1,3,1,2,1,6,6,7,4,3,2,8,1,185.512,2.892857143,445,19,Woman,2.045,3,4,0,1,4,3,0,0,3,2.45,2,3,1,1
19,Woman,1,4,7,3,0,0,0,0,0,1,0,1,1,0,0,3,2,2,0,3,6,0,3,5,7,1,0,0,0,185.942,1.75,873,18,Woman,2.045,4,1,3,2,2,2,1,0,3,2.45,3,2,1,3
19,Prefer not to say,1,5,6,3,2,1,0,0,1,2,2,2,3,3,6,3,5,8,9,5,5,9,5,4,4,3,3,5,6,206.035,3.928571429,621,18,Non-binary,2,4,4,2,4,4,1,0,0,1,0,5,0,5,3
18,Woman,1,0,6,0,0,2,0,0,0,0,1,4,3,2,1,3,1,3,4,1,2,2,5,2,1,0,0,2,0,180.358,1.607142857,857,18,Woman,2,4,4,2,3,2,2,0,0,3,0,5,0,3,3
18,Woman,1,8,9,8,6,1,2,0,1,6,9,4,2,0,3,8,4,8,9,5,10,1,4,7,7,8,6,7,2,230.48,5.178571429,284,18,Woman,1.95,1,3,5,0.5,5,1,0,0,4,0,0,5,0,1
18,Woman,1,2,2,0,0,0,0,0,2,1,1,0,0,0,2,2,0,0,0,1,2,4,0,0,2,0,0,0,0,241.126,0.75,4,18,Woman,2,3,3,0,1,3,5,0,5,0,0,0,5,0,2
19,Woman,1,3,6,0,0,1,0,0,0,1,0,0,0,0,1,1,0,1,0,0,1,3,0,2,4,1,0,0,0,199.058,0.892857143,790,18,Woman,2,5,5,0,1,4,4,0,0,1,0,0,3,1,1
18,Woman,1,3,6,2,0,1,1,0,0,1,1,1,1,0,2,4,1,0,2,3,6,1,2,2,4,3,2,0,0,266.951,1.75,374,18,Woman,1.95,5,3,0,1.5,4,3,0,0,3,0,0,3,0,3
19,Other,1,4,8,6,1,5,0,3,0,5,6,4,6,6,5,7,6,6,6,3,8,9,4,6,6,4,1,3,6,288.779,4.785714286,475,18,Non-binary,2,5,4,2,3,3,2,0,0,1,0,5,0,2,4
23,Woman,1,2,3,1,0,0,0,0,0,0,1,1,2,0,6,5,1,1,1,0,3,1,4,2,3,2,0,1,1,266.698,1.464285714,906,22,Woman,2,4,3,1,4,1,3,0,0,4,0,5,0,4,4
18,Woman,1,7,5,2,0,3,0,0,0,1,1,2,0,2,0,3,3,4,0,0,2,1,3,3,3,1,0,0,0,252.689,1.642857143,57,18,Woman,1.95,4,3,0,1.5,4,2,1,0,4,0,3,0,2,1
18,Woman,1,7,3,3,0,1,1,0,0,4,1,1,2,1,2,2,0,1,1,2,1,1,1,2,2,2,1,2,1,297.037,1.607142857,158,18,Woman,2,4,4,2,0,3,4,0,0,1,2,1,4,0,0
18,Man,1,1,4,0,0,0,0,0,0,1,0,0,5,2,3,6,1,8,1,1,1,9,1,3,3,1,0,1,0,247.485,1.857142857,402,18,Man,1.95,3,3,3,1.5,2,3,1,0,1,2,1,4,2,1
18,Woman,1,3,2,0,1,0,1,1,0,0,0,0,1,0,2,0,0,3,1,2,4,7,1,2,0,0,2,0,1,317.307,1.214285714,419,18,Woman,2,4,5,1,0,4,3,2,0,1,0,4,0,0,0
18,Woman,1,6,8,2,0,1,1,0,0,1,2,2,0,0,1,2,0,3,2,0,7,2,0,1,5,3,0,0,0,290.743,1.75,239,18,Woman,1.95,5,3,0,1.5,4,0,0,0,4,2,4,1,1,2
18,Woman,1,3,6,4,3,6,2,4,1,5,7,3,3,2,6,6,2,3,6,5,7,7,8,6,5,6,7,4,2,415.833,4.607142857,8,18,Woman,2,3,4,1,1,4,3,0,0,2,2,4,1,1,1
23,Man,1,1,2,1,0,1,0,4,0,2,1,0,0,1,4,2,1,6,0,1,3,3,6,8,4,0,0,1,0,386.404,1.857142857,371,23,Man,2,4,4,2,1,5,3,0,0,1,0,5,0,0,2
21,Man,1,0,4,0,0,0,0,0,0,0,0,0,0,0,10,1,3,8,3,10,1,10,0,5,0,1,0,0,0,330.473,2,815,20,Man,2,5,5,0,1,5,0,0,0,2,2,2,2,0,2
20,Woman,1,5,8,1,1,1,1,0,0,0,4,1,1,0,3,5,2,6,9,3,3,5,9,6,6,6,5,1,4,478.574,3.428571429,647,19,Woman,2,1,3,1,4,3,4,2,0,0,2,2,2,4,4
21,Woman,1,4,5,1,1,1,0,2,4,1,1,0,3,2,5,8,2,5,4,3,5,6,1,5,5,3,1,7,2,448.561,3.107142857,841,20,Woman,1.95,4,3,4,1.5,3,2,0,0,2,0,0,5,1,2
20,Man,1,6,8,0,0,2,0,0,0,0,1,0,0,0,1,2,1,1,1,3,3,7,1,2,3,1,0,0,0,540.643,1.535714286,428,20,Man,2,4,4,3,1,3,2,0,3,0,0,2,0,1,1
21,Man,1,0,1,0,0,0,0,0,0,0,0,0,0,0,1,0,0,2,0,0,0,7,0,0,0,0,0,1,0,702.768,0.428571429,560,20,Man,2,4,4,1,3,4,2,0,0,2,0,2,0,1,5
18,Woman,1,7,8,1,0,0,0,1,0,0,3,2,5,5,5,7,1,3,3,4,8,8,7,5,6,2,0,5,2,1019.289,3.5,768,18,Woman,2,4,4,2,2,4,3,0,0,1,0,2,0,2,2
19,Woman,1,7,8,1,0,1,0,0,1,0,2,0,7,1,0,2,1,2,3,1,1,8,0,1,3,1,0,2,1,420.084,1.928571429,150,19,Woman,2,5,4,2,0,4,3,1,0,1,0,5,0,0,0
22,Man,1,7,6,5,7,7,8,7,8,5,8,5,7,6,4,5,5,6,6,7,7,8,8,7,7,8,6,6,8,50.157,6.571428571,494,21,Man,2.1,5,2,3,3,4,3,0,0,1,0,0,5,2,4
19,Man,1,8,7,8,0,5,4,3,4,4,5,4,3,3,4,3,4,3,6,7,7,7,7,6,9,9,9,6,5,54.909,5.357142857,208,19,Man,2.1,5,4,0,0,4,3,2,0,3,0,0,0,0,0
19,Woman,1,1,3,0,0,1,0,1,0,0,0,4,2,1,7,1,2,0,3,0,1,8,0,2,1,0,0,0,1,151.381,1.392857143,573,18,Woman,2.05,4,5,0,0.5,4,3,0,0,4,0,0,5,1,0
19,Woman,1,9,8,1,0,6,7,6,0,7,0,6,9,9,8,8,6,10,9,4,10,9,9,8,7,6,1,2,10,188.002,6.25,125,19,Woman,2.05,5,4,1,1.5,3,2,0,0,4,0,5,0,3,0
19,Woman,1,2,3,0,0,2,0,0,1,0,2,0,0,0,3,3,0,0,1,0,1,0,1,0,2,0,0,2,0,197.568,0.821428571,831,19,Woman,2.091,5,4,1,0.5,4,3,0,0,2,1.41,1,2,0,1
21,Woman,1,6,7,2,0,1,0,0,0,1,4,7,1,8,8,8,7,6,3,4,5,5,7,7,5,4,0,0,1,209.821,3.821428571,56,21,Woman,2.1,5,5,4,0,3,3,0,0,1,0,3,0,0,0
19,Woman,1,4,6,1,0,2,0,1,0,2,5,2,8,5,7,8,8,8,8,5,5,6,6,5,5,5,5,5,6,207,4.571428571,658,19,Woman,2.05,3,2,3,3.5,4,3,0,0,2,0,0,3,4,3
19,Woman,1,8,8,6,1,4,8,2,0,1,4,7,2,6,4,8,8,8,8,4,9,1,10,9,8,7,9,0,0,209.807,5.357142857,79,19,Woman,2.1,5,4,4,1,1,3,0,1,2,0,0,0,0,2
19,Woman,1,0,4,0,0,1,0,0,0,0,3,0,4,0,2,2,3,1,5,0,2,1,2,1,5,2,1,0,0,214.39,1.392857143,368,19,Woman,2.05,4,5,0,1.5,3,4,0,0,3,0,5,0,1,2
18,Woman,1,8,9,2,1,6,7,1,1,2,10,9,10,10,10,10,10,10,7,9,8,6,7,6,10,8,7,8,10,204.654,7.214285714,743,18,Non-binary,2.141,5,4,0,0,5,3,0,0,3,1.41,1,2,0,0
19,Woman,1,1,4,0,0,0,0,0,0,4,3,0,1,0,2,8,4,0,2,4,5,9,4,6,4,0,0,1,0,214.758,2.214285714,398,18,Woman,2.05,4,4,1,0.5,5,3,0,0,3,0,5,0,0,1
20,Woman,1,3,4,0,0,0,0,1,0,2,2,0,0,0,3,4,0,2,4,1,7,3,0,0,0,2,0,0,1,232.17,1.392857143,627,19,Woman,2.145,5,3,0,0,5,3,0,0,3,2.45,3,2,0,0
19,Woman,1,1,1,0,0,0,0,0,0,0,0,0,0,0,0,0,0,0,0,0,0,1,0,0,0,0,0,0,0,227.264,0.107142857,881,18,Woman,2.1,5,5,0,0,4,4,0,0,1,2,4,1,0,0
20,Woman,1,2,8,2,0,2,0,0,1,0,0,0,1,0,4,3,0,3,1,1,2,4,2,2,0,0,0,0,0,238.02,1.357142857,715,19,Woman,2.05,5,3,1,2.5,4,3,0,0,2,0,0,5,3,2
19,Prefer not to say,1,1,4,0,0,3,0,0,3,3,4,2,1,3,5,3,4,2,1,7,4,2,4,3,1,0,0,0,4,239.42,2.285714286,736,19,Non-binary,2.1,3,5,0,3,4,1,0,2,3,0,0,1,4,2
18,Woman,1,0,4,0,0,4,0,0,0,1,1,1,0,0,1,2,1,1,0,1,1,1,5,1,1,0,0,1,0,246.52,0.964285714,59,18,Woman,2.1,3,4,2,2,5,4,0,0,1,0,5,0,1,3
18,Woman,1,3,7,0,0,0,0,0,0,0,0,0,0,0,0,1,0,1,1,1,2,1,0,0,4,1,0,0,0,246.338,0.785714286,97,18,Woman,2.1,4,3,1,2,5,3,2,0,1,0,5,0,3,1
19,Woman,1,7,7,4,4,7,6,4,3,6,3,4,5,3,7,7,5,4,4,5,7,6,5,4,8,6,6,3,3,166.106,5.107142857,378,19,Non-binary,2.1,4,5,1,0,4,3,0,0,4,0,5,0,0,0
18,Woman,1,2,4,1,0,2,2,0,0,0,3,0,0,1,3,3,2,2,2,0,5,6,0,0,2,1,1,0,0,269.973,1.5,283,18,Woman,2.1,4,4,3,2,4,3,1,0,0,0,5,0,1,3
19,Woman,1,0,7,3,1,6,3,4,5,3,3,2,6,3,2,3,4,6,6,2,3,7,5,4,5,5,5,7,2,298.879,4,829,18,Woman,2.05,4,5,1,1.5,2,4,0,0,3,0,0,0,0,3
20,Woman,1,7,4,1,0,0,1,0,0,2,4,1,5,0,0,1,1,6,6,0,3,1,3,3,2,0,0,0,0,320.609,1.821428571,693,19,Woman,2.1,3,4,1,0,5,3,0,0,3,2,4,1,0,0
19,Other,1,8,6,7,4,3,0,9,3,5,6,6,9,10,7,9,7,9,9,4,8,10,9,6,9,8,8,7,6,278.125,6.857142857,194,19,Non-binary,2.05,3,4,1,3.5,5,3,0,0,1,0,0,5,3,4
19,Woman,1,0,2,0,1,4,2,1,0,0,2,0,2,0,3,3,3,4,0,1,2,3,2,1,3,3,3,0,0,358.348,1.607142857,242,19,Woman,2.1,3,2,3,3,4,4,2,0,0,0,0,2,2,4
20,Woman,1,5,4,6,0,6,0,0,0,2,1,2,3,2,0,4,2,3,5,1,1,9,6,2,5,5,2,0,0,344.495,2.714285714,455,19,Woman,2.1,4,3,2,4,5,2,0,0,1,0,0,3,4,4
19,Woman,1,4,8,1,0,3,0,0,0,2,4,0,0,0,1,5,4,6,9,3,6,0,1,4,4,1,0,1,0,318.322,2.392857143,261,18,Woman,2.1,3,2,4,4,1,0,3,3,1,0,0,0,3,5
19,Man,1,2,4,0,0,1,1,6,2,0,0,1,1,2,3,2,2,0,4,0,4,9,0,8,4,4,2,3,0,402.924,2.321428571,880,18,Man,2.1,3,4,2,1,4,4,1,0,2,0,0,3,1,1
19,Woman,1,3,4,1,0,1,1,0,0,2,1,0,0,0,0,1,0,0,0,0,1,0,0,1,2,1,0,0,0,365.701,0.678571429,536,18,Woman,2.141,5,4,2,1,3,4,0,0,1,1.41,2,1,0,2
18,Woman,1,2,4,0,0,0,0,7,0,3,6,1,7,7,3,8,2,9,6,2,7,2,4,2,8,5,2,0,8,398.708,3.75,96,18,Woman,2.073606798,5,3,3,1.5,4,2,0,0,0,2.236067977,5,1,0,3
31,Man,1,1,3,0,0,0,0,0,0,0,0,0,1,0,0,0,0,5,3,1,1,2,8,3,1,0,0,2,0,430.883,1.107142857,346,31,Man,2.091421356,2,4,1,3.5,3,3,0,3,0,1.414213562,2,1,4,3
19,Woman,1,6,9,5,1,1,0,9,1,1,1,4,5,2,1,7,3,6,7,4,9,4,4,6,7,5,5,6,0,461.305,4.25,759,18,Woman,2.05,5,4,0,0.5,5,2,3,0,1,0,5,0,1,0
18,Woman,1,3,7,2,0,2,2,2,0,1,6,3,6,3,9,7,5,5,6,4,8,2,4,3,3,3,1,0,0,475.316,3.464285714,388,18,Woman,2.096410162,3,5,2,2.5,5,0,0,0,0,3.464101615,3,4,3,2
18,Man,1,4,7,0,0,1,1,1,4,0,1,0,0,0,1,4,2,5,2,0,2,1,3,4,1,1,0,1,0,510.538,1.642857143,312,18,Man,2.05,4,3,3,1.5,3,0,0,0,4,2,2,2,1,2
18,Woman,1,1,6,1,0,0,0,0,0,0,1,0,1,1,7,4,7,7,4,0,6,9,7,4,2,1,0,0,2,442.133,2.535714286,136,18,Woman,2.05,4,3,1,2.5,4,4,0,0,2,0,5,0,2,3
19,Woman,1,4,6,0,0,1,0,1,0,0,0,0,0,0,1,8,1,1,9,0,1,0,0,3,1,2,0,0,1,572.301,1.428571429,616,18,Woman,2.05,5,4,2,0.5,3,2,1,0,3,0,3,0,1,0
19,Woman,1,6,4,3,4,3,6,4,5,3,6,3,8,4,5,2,7,5,3,8,5,5,4,7,4,8,5,2,3,37.198,4.714285714,654,18,Woman,2.2,4,3,2,2,4,3,2,0,2,0,0,4,2,2
19,Woman,1,2,3,0,0,2,3,0,1,0,0,0,0,0,0,0,0,0,0,0,0,0,0,0,0,0,0,0,1,88.352,0.428571429,716,18,Woman,2.2,4,3,5,0,3,5,0,0,2,0,5,0,0,0
22,Woman,1,3,4,1,0,3,1,1,0,1,3,1,2,0,3,3,4,2,3,2,4,5,4,3,5,3,2,1,1,140.731,2.321428571,672,21,Woman,2.187,2,3,4,2,2,3,0,0,2,3.87,3,5,1,3
28,Other,1,0,3,0,0,2,0,0,0,0,1,1,4,3,2,3,0,1,0,0,0,8,2,1,2,2,3,0,1,132.235,1.392857143,706,28,Non-binary,2.2,3,3,2,3,4,2,0,2,3,0,5,0,3,3
18,Woman,1,1,4,0,0,3,0,2,0,0,1,0,3,1,1,2,0,4,3,1,1,5,4,3,1,1,1,1,1,139.749,1.571428571,814,18,Woman,2.15,4,3,1,1.5,5,3,1,0,1,2,2,2,2,1
18,Woman,1,8,7,2,0,1,3,1,0,6,6,1,4,1,0,9,3,10,8,3,6,10,3,0,2,2,1,0,6,157.843,3.678571429,667,18,Non-binary,2.2,4,4,3,1,4,5,0,0,1,0,0,4,0,2
18,Woman,1,2,6,0,0,0,3,0,0,0,0,0,0,0,3,4,1,3,1,0,2,2,0,1,0,0,0,0,0,158.11,1,791,18,Woman,2.2,4,3,1,2,4,3,1,0,4,0,0,1,2,2
27,Woman,1,3,3,0,0,1,0,1,0,0,1,1,0,0,2,2,0,1,2,3,0,2,0,0,0,0,0,0,1,174.517,0.821428571,668,26,Woman,2.15,5,5,0,1.5,4,3,0,0,3,0,0,0,3,0
18,Woman,1,1,6,1,2,3,3,0,0,0,3,0,1,0,4,4,3,4,5,5,7,4,3,4,7,5,3,1,0,195.149,2.821428571,432,18,Woman,2.15,3,4,2,4.5,3,3,0,0,2,0,5,0,5,4
19,Woman,1,5,4,2,5,1,0,0,0,2,0,4,0,0,5,6,0,4,7,0,8,5,2,2,8,0,0,5,0,214.015,2.678571429,11,19,Woman,2.15,3,4,4,3.5,4,0,0,0,3,0,5,0,2,5
19,Woman,1,0,3,0,0,2,0,0,0,0,0,0,0,0,1,10,0,0,0,0,0,2,0,0,0,0,0,0,0,223.46,0.642857143,519,18,Woman,2.15,5,2,1,1.5,4,3,0,5,0,0,4,0,2,1
18,Man,1,8,6,0,0,0,0,8,0,8,6,1,6,0,8,10,2,2,1,2,5,10,9,10,8,6,2,4,3,230.46,4.464285714,29,18,Man,2.15,5,3,2,1.5,4,3,1,0,0,2,4,1,2,1
20,Man,1,2,6,0,0,0,0,0,0,0,0,0,0,0,2,1,0,8,9,0,9,1,0,0,1,0,0,0,4,233.887,1.535714286,882,20,Man,2.15,4,2,2,4.5,5,4,0,0,0,0,0,5,4,5
19,Woman,1,6,3,2,1,1,0,1,0,1,1,2,2,1,2,8,1,4,2,2,6,7,7,7,6,4,1,6,1,237.04,3.035714286,555,18,Woman,2.2,4,4,1,2,4,4,0,0,3,0,0,4,2,2
19,Woman,1,4,7,2,1,4,1,4,1,0,2,3,4,2,8,5,6,9,9,8,6,6,4,4,3,3,5,2,0,240.036,4.035714286,820,18,Woman,2.2,5,4,3,0,5,5,0,0,0,0,2,0,0,0
19,Woman,1,1,3,1,0,0,0,2,0,3,1,4,3,5,1,4,1,0,1,2,4,3,5,0,2,0,2,0,1,232.067,1.75,504,18,Woman,2.15,5,4,1,0.5,4,2,0,0,3,2,4,1,1,0
19,Woman,1,4,7,1,1,3,4,0,5,2,5,0,1,1,7,4,5,6,7,4,6,5,6,6,3,4,6,6,1,263.882,3.928571429,142,19,Woman,2.2,4,3,0,2,2,4,0,0,4,3,3,3,1,3
18,Woman,1,4,6,1,1,3,1,1,1,2,4,3,6,3,5,7,3,7,5,5,8,7,6,2,3,2,4,8,7,213.606,4.107142857,334,18,Woman,2.191421356,4,3,1,2.5,4,3,0,0,3,1.414213562,2,1,2,3
19,Man,1,1,4,0,0,1,0,0,0,1,2,0,0,0,4,6,1,6,3,0,1,7,1,3,6,1,2,0,0,254.734,1.785714286,313,19,Man,2.2,5,3,1,4,5,4,0,0,0,0,0,2,3,5
20,Woman,1,0,1,1,0,0,0,0,0,0,0,0,1,0,0,1,1,1,1,0,2,2,1,1,1,0,0,1,0,258.477,0.535714286,696,19,Woman,2.2,4,3,2,4,4,4,0,0,1,0,1,0,4,4
20,Woman,1,6,8,2,0,1,0,0,0,0,2,0,3,3,3,2,3,6,6,7,7,6,6,7,3,2,1,0,0,280.834,3,262,20,Woman,2.15,4,2,0,2.5,3,5,5,0,0,0,5,0,3,2
19,Woman,1,1,2,0,0,1,0,1,0,3,0,1,0,0,0,0,0,3,0,2,3,4,0,1,0,0,1,0,0,293.145,0.821428571,361,19,Woman,2.2,4,3,3,2,5,4,0,0,1,0,5,0,0,4
19,Woman,1,2,5,1,0,1,0,0,0,2,0,1,0,1,3,1,1,2,5,1,1,0,5,1,3,1,0,2,0,283.193,1.392857143,112,19,Woman,2.15,3,5,2,2.5,5,4,0,0,0,0,2,0,2,3
19,Woman,1,2,2,1,0,0,0,0,0,0,2,1,2,1,0,1,0,2,1,1,3,1,2,2,3,2,3,3,2,266.122,1.321428571,75,19,Woman,2.194948974,2,3,2,2.5,3,3,0,0,4,2.449489743,2,3,2,3
18,Woman,1,5,6,3,0,8,1,0,1,3,8,3,3,3,4,9,3,10,10,4,8,7,9,1,7,4,3,8,0,297.601,4.678571429,274,18,Woman,2.15,4,4,1,1.5,3,3,0,0,3,2,2,2,2,1
18,Woman,1,8,10,4,1,5,3,3,0,7,4,1,7,1,2,9,6,8,10,1,10,2,8,8,9,9,3,9,2,296.103,5.357142857,396,18,Woman,2.191421356,3,5,1,3.5,3,1,0,1,3,1.414213562,2,1,3,4
18,Woman,1,3,3,0,0,0,0,0,0,0,1,0,0,0,1,0,0,2,0,1,0,0,0,0,0,0,0,0,0,303.201,0.392857143,109,18,Woman,2.223205081,4,4,1,2.5,5,2,0,0,2,1.732050808,3,1,3,2
19,Woman,1,7,6,1,1,4,1,0,3,2,7,5,3,3,4,6,6,6,7,6,9,9,7,7,7,7,7,9,1,319.046,5.035714286,834,18,Woman,2.15,5,4,0,2.5,4,4,0,0,2,0,0,0,1,4
19,Man,1,3,8,3,0,2,8,0,1,0,8,0,5,3,6,2,4,3,5,3,6,9,9,7,9,8,0,8,3,331.782,4.392857143,198,18,Man,2.15,4,1,3,4.5,5,4,0,0,0,0,4,0,4,5
19,Woman,1,7,4,0,0,2,0,4,1,2,5,1,5,4,4,3,2,5,1,6,3,1,7,0,4,1,0,0,3,336.931,2.678571429,538,18,Woman,2.224,4,3,2,1,5,5,0,0,0,2.24,5,1,1,1
20,Woman,1,1,3,0,0,1,0,1,0,1,2,1,1,1,1,0,0,1,2,8,6,7,6,1,5,1,1,1,0,337.461,1.857142857,408,19,Woman,2.15,5,5,0,3.5,4,2,1,0,1,0,0,4,3,4
18,Woman,1,4,6,2,1,1,0,1,0,4,5,0,4,2,4,3,1,7,6,8,6,9,3,1,1,2,0,1,1,277.475,2.964285714,403,18,Woman,2.15,3,1,4,2.5,0,2,4,5,0,0,0,4,3,2
19,Woman,1,3,4,2,0,1,0,0,1,0,2,7,2,3,1,7,3,1,1,3,4,1,4,1,3,1,0,1,3,361.004,2.107142857,234,19,Woman,2.15,5,4,3,2.5,4,2,0,0,1,0,0,5,2,3
20,Woman,1,3,8,2,3,1,0,0,3,1,4,4,8,4,3,8,4,7,6,3,6,2,7,6,7,6,2,0,1,389.192,3.892857143,608,19,Woman,2.15,4,3,2,2.5,5,2,0,1,2,0,0,3,3,2
19,Other,1,2,3,2,0,0,1,0,0,2,2,0,0,0,1,3,2,2,1,0,6,9,4,0,1,0,0,3,0,470.801,1.571428571,241,19,Non-binary,2.15,5,2,1,1.5,5,4,0,0,3,0,5,0,2,1
20,Woman,1,2,3,1,1,1,1,0,0,5,0,1,1,0,2,3,2,5,2,1,3,5,2,4,3,1,3,0,0,492.098,1.857142857,572,19,Woman,2.15,2,3,2,3.5,3,2,0,0,3,3,3,3,3,4
19,Woman,1,1,4,0,0,1,0,1,1,2,0,0,2,0,0,4,1,3,6,1,1,4,2,4,1,0,1,0,0,409.13,1.428571429,144,19,Woman,2.15,3,4,3,2.5,4,3,0,0,2,0,0,4,2,3
18,Woman,1,8,6,2,2,3,0,0,0,3,3,1,5,1,6,6,5,8,6,6,7,4,5,5,1,1,0,1,2,370.104,3.464285714,52,18,Woman,2.2,5,4,1,1,5,4,0,0,2,0,5,0,0,2
18,Woman,1,7,7,1,1,4,0,1,0,3,2,2,1,1,1,8,4,7,2,6,6,1,3,4,1,0,0,1,0,1078.088,2.642857143,333,18,Woman,2.2,5,5,1,2,4,5,0,0,0,0,5,0,2,2
20,Woman,1,2,4,3,3,2,5,1,1,3,3,3,3,6,4,2,2,2,3,3,4,4,4,2,1,1,1,1,3,78.145,2.714285714,503,18,Woman,2.347,4,1,0,3,4,3,0,0,4,4.47,5,4,3,3
21,Woman,1,7,8,4,0,0,0,1,0,0,2,3,7,6,4,8,4,0,1,2,9,2,8,6,3,1,0,0,5,153.609,3.25,628,20,Woman,2.3,4,5,0,2,4,5,0,0,1,2,1,4,1,3
19,Woman,1,5,6,4,3,4,4,5,0,2,4,4,5,3,5,5,5,4,5,4,4,1,3,0,6,4,2,0,0,174.808,3.464285714,170,19,Woman,2.25,3,3,4,2.5,4,3,0,0,3,0,0,5,3,2
19,Woman,1,2,3,0,0,0,0,0,0,2,1,0,1,0,3,4,0,2,4,1,4,1,4,2,2,3,0,0,0,174.746,1.392857143,710,18,Woman,2.25,4,4,2,3.5,4,3,0,0,2,0,5,0,3,4
26,Woman,1,2,2,0,0,1,0,0,0,1,0,0,0,0,1,1,1,1,0,0,0,3,0,0,2,0,1,0,0,183.4,0.571428571,781,26,Woman,2.25,3,4,2,4.5,3,3,0,0,3,0,0,5,4,5
18,Woman,1,1,9,0,0,1,0,0,1,0,6,4,1,2,1,7,5,9,8,3,8,4,6,6,1,3,3,0,0,186.92,3.178571429,326,18,Woman,2.25,5,3,4,2.5,3,0,0,0,3,2,4,1,2,3
19,Woman,1,2,4,0,0,2,2,3,0,2,1,1,3,0,3,4,1,1,5,3,4,6,7,5,2,0,0,4,1,171.457,2.357142857,525,18,Woman,2.25,4,4,2,3.5,2,3,0,0,4,0,5,0,3,4
19,Man,1,8,6,0,0,0,0,0,0,0,3,0,0,0,3,4,2,3,4,3,7,8,0,4,6,4,0,0,2,191.461,2.392857143,516,18,Man,2.3,5,5,0,2,3,5,0,0,3,0,0,0,1,3
19,Woman,1,3,7,2,2,2,1,5,4,1,4,3,5,3,8,9,7,8,8,3,5,4,6,3,6,6,2,0,2,208.483,4.25,227,19,Woman,2.346410162,4,5,1,2,2,3,0,0,3,3.464101615,4,3,1,3
19,Woman,1,7,6,2,0,0,0,1,0,3,0,10,10,8,1,2,1,3,5,5,6,3,6,6,1,0,0,7,4,213.066,3.464285714,489,18,Woman,2.283,3,2,1,3,4,3,1,0,3,2.83,4,2,3,3
19,Woman,1,4,8,3,3,5,0,2,0,9,7,5,6,6,7,7,6,5,2,6,5,6,6,3,5,3,4,2,4,215.811,4.607142857,454,18,Woman,2.25,5,4,2,2.5,5,3,0,0,1,0,0,5,2,3
19,Woman,1,2,4,0,0,1,0,1,1,2,0,7,0,7,8,7,4,8,2,2,7,9,6,5,2,3,2,0,0,222.768,3.214285714,651,18,Woman,2.3,4,4,1,4,4,4,1,0,1,0,0,5,3,5
18,Man,1,2,2,0,0,1,1,8,0,5,4,8,3,0,1,6,1,1,2,5,7,1,10,5,3,8,1,0,1,258.001,3.071428571,350,18,Man,2.3,4,4,1,1,2,3,0,0,3,5,5,5,0,2
20,Woman,1,9,9,8,1,8,3,8,3,0,5,6,9,8,9,9,9,9,10,2,10,10,10,8,9,7,8,9,7,278.359,7.25,726,19,Woman,2.25,4,4,3,1.5,4,4,0,0,2,0,1,0,2,1
20,Man,1,0,1,0,0,0,0,0,0,0,0,0,0,0,0,1,0,8,7,2,0,9,8,3,0,0,0,0,0,287.78,1.392857143,784,19,Man,2.25,5,3,2,3.5,1,3,2,0,0,3,3,3,4,3
19,Woman,1,2,10,5,3,1,0,0,2,5,6,1,10,0,3,8,5,1,8,1,5,10,8,6,9,1,0,3,5,324.676,4.214285714,570,18,Woman,2.3,5,5,0,3,4,1,0,0,3,2,4,1,3,3
21,Woman,1,1,3,0,0,3,3,0,0,1,2,0,0,1,6,1,1,4,1,5,3,5,1,5,2,1,1,0,0,315.763,1.785714286,577,20,Woman,2.283,4,3,3,2,4,3,0,0,1,2.83,2,4,2,2
19,Woman,1,4,5,8,5,5,6,7,6,7,6,5,8,6,7,7,7,8,7,10,8,9,9,10,10,8,10,9,10,317.203,7.392857143,258,19,Woman,2.25,4,4,0,1.5,4,4,0,0,3,2,4,1,2,1
20,Woman,1,1,1,1,0,2,0,0,0,3,0,3,1,1,1,1,0,5,4,3,0,7,7,1,1,1,0,0,0,321.3,1.571428571,591,18,Woman,2.287,4,4,1,2,4,2,0,0,2,3.87,3,5,1,3
19,Woman,1,1,4,1,0,1,0,3,0,2,0,6,7,5,3,8,2,1,6,2,4,4,5,3,2,0,1,2,8,311.996,2.892857143,692,18,Woman,2.274,5,4,0,2.5,4,4,0,0,1,2.24,1,5,2,3
27,Woman,1,7,7,6,0,1,0,2,0,5,4,2,4,5,7,8,4,9,7,2,3,10,8,7,7,5,6,7,5,365.942,4.928571429,593,26,Woman,2.3,5,4,4,0,4,5,0,0,1,0,0,1,0,0
18,Woman,1,1,1,0,0,0,0,0,1,0,1,0,0,0,1,2,1,1,1,1,1,0,1,1,1,0,1,0,0,409.41,0.571428571,310,18,Woman,2.3,4,4,3,2,4,3,0,0,3,0,0,3,1,3
18,Woman,1,4,7,2,0,5,3,0,0,1,4,0,0,0,2,6,4,7,8,4,6,10,4,5,9,5,1,0,3,418.524,3.571428571,292,18,Woman,2.3,5,4,3,1,5,4,0,0,1,0,5,0,1,1
20,Woman,1,3,4,0,0,0,0,0,0,0,1,0,0,0,0,2,1,2,0,1,7,7,1,1,1,1,1,3,0,392.476,1.285714286,318,20,Woman,2.337298335,0,4,3,4.5,4,3,0,0,1,3.872983346,3,5,5,4
19,Woman,1,6,8,1,0,0,2,0,1,3,7,2,3,0,1,9,7,6,8,8,5,3,2,6,7,3,0,2,1,461.683,3.607142857,265,19,Woman,2.266227766,4,5,1,1.5,3,3,0,0,2,3.16227766,5,2,2,1
19,Woman,1,5,9,2,1,4,4,3,6,2,6,10,10,8,3,7,4,3,4,5,8,6,6,2,7,2,6,3,4,449.727,5,286,19,Woman,2.294948974,5,5,1,0.5,4,2,1,0,2,2.449489743,2,3,1,0
19,Woman,1,2,2,1,0,0,0,1,0,0,0,0,3,4,0,1,1,0,1,0,3,0,1,0,0,0,0,0,2,517.103,0.785714286,118,19,Woman,2.3,3,5,2,5,3,2,1,2,0,0,0,5,5,5
20,Woman,1,2,8,1,0,2,0,0,6,2,3,2,0,0,9,3,1,9,8,2,7,7,3,4,8,4,3,7,1,604.155,3.642857143,766,19,Woman,2.3,5,5,0,1,5,3,0,0,4,0,0,5,2,0
21,Woman,1,6,7,0,0,2,0,1,0,4,0,1,3,1,1,4,0,2,2,3,0,0,1,0,3,0,2,0,2,1031.383,1.607142857,742,20,Woman,2.274,4,4,1,2.5,2,4,0,0,3,2.24,5,1,2,3
19,Woman,1,5,7,3,3,5,7,5,6,3,5,3,7,4,2,5,3,6,3,6,4,6,4,5,4,3,5,3,5,63.767,4.535714286,357,19,Woman,2.35,4,4,3,3.5,4,3,0,0,2,0,4,0,5,2
19,Woman,1,7,5,8,3,4,7,5,3,5,6,6,3,3,7,4,7,6,6,6,7,6,3,7,7,6,4,7,0,122.02,5.285714286,148,18,Woman,2.423606798,3,4,5,2,2,3,0,0,3,2.236067977,1,5,1,3
18,Prefer not to say,1,1,3,0,0,1,1,1,0,0,1,0,0,1,0,1,1,0,1,2,4,2,1,0,0,0,1,1,0,155.935,0.821428571,358,19,Other/prefer not to say,2.4,4,4,4,0,5,2,0,0,0,5,5,5,0,0
20,Woman,1,4,8,2,0,1,2,0,0,0,1,2,0,0,3,2,3,3,0,1,4,7,4,5,1,0,0,2,1,144.365,2,741,20,Woman,2.35,4,5,2,2.5,3,4,0,0,1,2,4,1,1,4
18,Man,1,1,4,0,0,3,4,2,0,1,1,1,0,2,5,3,4,6,2,3,6,4,2,3,1,0,0,0,0,160.159,2.071428571,680,18,Man,2.4,5,4,3,1,3,2,0,3,2,1,1,1,0,2
18,Woman,1,3,7,0,0,0,0,3,0,2,1,2,7,6,2,8,2,6,10,1,9,9,1,1,5,0,0,8,2,184.549,3.392857143,113,18,Woman,2.441421356,5,3,3,3,4,2,1,0,2,1.414213562,2,1,4,2
18,Woman,1,1,8,3,1,0,1,0,1,0,1,5,3,2,2,3,1,1,1,1,3,1,2,1,2,2,0,1,1,194.582,1.714285714,89,18,Woman,2.35,4,5,1,1.5,3,4,0,1,4,0,3,0,1,2
19,Woman,1,3,4,0,2,1,0,1,1,3,0,4,5,6,2,3,4,3,2,3,0,4,7,1,0,1,0,0,0,201.24,2.142857143,586,18,Woman,2.374,3,4,2,3.5,5,3,0,0,1,2.24,5,1,4,3
20,Woman,1,5,1,1,0,0,3,0,0,1,0,0,1,0,2,3,1,4,0,3,5,0,2,3,1,1,0,1,0,208.165,1.357142857,592,19,Woman,2.387,4,3,2,0,4,4,0,0,3,3.87,5,3,0,0
19,Woman,1,1,4,0,0,0,0,2,0,0,3,0,3,4,1,0,1,0,0,1,4,1,0,2,0,0,0,0,3,216.578,1.071428571,895,18,Woman,2.35,4,3,2,2.5,5,4,0,0,3,0,0,0,2,3
18,Woman,1,2,5,1,2,1,0,1,0,2,0,2,1,3,0,2,2,3,1,1,1,0,1,1,2,2,0,4,1,230.081,1.464285714,376,18,Woman,2.423205081,5,3,4,2.5,4,3,0,0,1,1.732050808,3,1,1,4
21,Woman,1,4,8,0,0,3,2,0,1,0,3,5,5,1,1,1,1,3,0,4,3,5,4,4,1,0,0,3,0,230.597,2.214285714,639,20,Woman,2.35,4,5,4,0.5,5,3,0,0,2,0,0,5,0,1
19,Woman,1,5,4,1,0,1,0,6,0,1,0,4,6,5,1,3,0,2,3,4,2,5,5,3,1,0,0,2,1,237.265,2.321428571,410,19,Woman,2.35,3,4,2,1.5,4,5,1,0,3,0,0,0,1,2
20,Man,1,5,8,0,0,0,0,2,3,0,3,8,4,10,6,2,4,9,6,5,8,9,10,4,7,1,2,4,0,267.457,4.285714286,559,19,Man,2.35,4,4,0,4.5,5,4,0,0,2,0,0,5,5,4
19,Woman,1,8,3,3,0,0,0,1,0,1,0,1,1,1,1,1,1,2,3,2,7,1,2,1,1,0,0,5,0,258.7,1.642857143,190,19,Woman,2.35,5,4,3,1.5,3,3,1,0,3,0,4,0,2,1
19,Woman,1,7,3,2,1,3,1,0,0,1,2,0,1,0,0,3,3,4,2,3,3,0,1,5,3,2,1,0,0,288.625,1.821428571,722,18,Woman,2.397,4,3,1,1.5,4,4,0,0,2,4.47,4,5,1,2
19,Woman,1,0,3,0,0,1,0,1,1,1,2,1,3,3,1,2,2,4,3,1,4,7,2,0,5,4,1,0,0,310.779,1.857142857,813,18,Woman,2.4,3,4,4,2,4,3,0,0,1,3,3,3,2,2
19,Woman,1,2,1,0,1,0,0,0,0,0,1,1,1,0,1,1,0,0,1,0,1,0,0,1,0,0,0,0,0,290.977,0.428571429,411,19,Woman,2.423205081,5,4,1,1.5,3,4,0,0,4,1.732050808,3,1,1,2
18,Woman,1,8,9,5,2,3,4,7,4,8,5,8,10,7,2,8,5,7,8,9,8,9,7,7,9,8,4,3,6,320.347,6.428571429,400,18,Woman,2.4,4,5,1,0,5,4,2,0,3,0,5,0,0,0
24,Woman,1,1,2,0,0,1,1,0,1,0,1,0,0,0,2,1,0,0,0,0,0,2,0,0,3,2,0,0,0,491.137,0.607142857,598,23,Woman,2.445,3,4,2,4,3,4,0,0,2,2.45,2,3,3,5
19,Woman,1,1,4,1,1,0,2,4,1,3,4,5,5,3,1,8,6,1,2,0,9,5,9,5,5,1,1,2,0,455.374,3.178571429,783,18,Woman,2.35,4,3,2,3.5,5,1,1,0,4,0,3,0,4,3
20,Woman,1,7,8,2,0,1,1,0,4,6,3,6,10,0,3,9,10,5,3,10,8,8,8,10,10,4,2,0,10,552.015,5.285714286,801,19,Woman,2.423,5,5,2,0.5,5,3,0,0,2,1.73,1,3,1,0
18,Woman,1,0,4,1,0,1,2,3,3,2,6,1,2,1,2,8,2,4,3,1,2,2,4,2,3,2,1,9,2,1638.09,2.607142857,86,18,Woman,2.4,3,4,2,2,4,4,0,0,3,2,2,2,2,2
21,Woman,1,2,4,0,0,1,1,2,0,1,3,0,3,0,4,4,3,5,2,5,4,7,6,6,1,0,2,0,0,162.171,2.357142857,497,20,Woman,2.5,3,5,2,2,4,4,0,0,3,2,1,4,3,1
19,Woman,1,5,7,4,0,1,0,3,0,3,3,1,3,2,2,3,2,6,6,2,6,6,4,3,7,6,6,1,0,181.54,3.285714286,767,18,Woman,2.491,4,3,2,2.5,5,4,0,2,1,1.41,2,1,2,3
18,Woman,1,1,7,1,0,3,0,0,0,0,0,1,4,1,6,8,0,2,8,0,5,9,1,1,8,1,0,0,0,224.674,2.392857143,678,18,Woman,2.45,5,0,4,0.5,5,5,0,0,5,0,0,1,1,0
18,Woman,1,4,8,1,0,1,1,0,1,0,6,7,1,2,6,8,1,8,7,5,3,6,3,5,5,3,1,7,0,240.515,3.571428571,2,18,Woman,2.45,5,4,2,1.5,4,5,0,0,3,0,0,3,2,1
22,Man,1,3,1,0,1,0,1,5,0,7,1,0,1,2,1,1,1,3,1,7,7,7,1,1,0,0,2,1,2,257.335,2.035714286,890,21,Man,2.516,4,5,1,1,5,4,0,0,2,3.16,2,5,1,1
19,Woman,1,8,6,1,1,0,0,2,1,1,1,3,2,2,0,7,1,0,1,5,3,4,7,0,2,0,1,1,0,244.192,2.142857143,896,18,Woman,2.45,5,4,4,0.5,3,5,0,0,3,0,2,0,1,0
19,Woman,1,1,2,0,0,0,0,0,0,0,0,0,0,0,1,0,0,0,1,1,1,2,0,0,0,0,0,0,0,264.653,0.321428571,746,18,Woman,2.5,5,4,2,2,3,4,3,0,2,0,0,5,1,3
18,Woman,1,1,3,0,0,1,0,0,0,0,2,0,0,0,3,2,3,3,2,0,1,4,1,1,1,0,1,0,0,273.701,1.035714286,204,18,Woman,2.45,4,5,2,1.5,4,4,2,0,2,0,0,1,1,2
20,Woman,1,6,8,1,0,1,1,4,3,6,1,5,3,3,4,3,3,1,1,1,1,8,6,5,1,0,0,1,0,253.494,2.75,518,19,Woman,2.474,2,5,4,2.5,4,1,0,0,4,2.24,5,1,1,4
18,Woman,1,4,6,1,0,1,0,2,0,2,2,2,2,2,1,3,2,4,8,1,8,8,9,4,3,3,4,1,1,347.486,3,91,18,Woman,2.5,5,4,1,2,5,4,0,0,2,2,1,4,2,2
18,Woman,1,2,2,1,0,3,1,0,0,1,4,1,1,0,3,4,5,0,1,0,1,1,1,0,1,3,1,0,0,380.77,1.321428571,311,18,Woman,2.45,4,2,4,3.5,4,5,0,0,2,0,0,0,4,3
20,Woman,1,5,7,0,0,1,0,1,0,0,2,3,1,0,1,1,1,7,4,2,1,5,1,1,3,0,0,0,0,376.576,1.678571429,870,20,Woman,2.5,4,5,3,3,5,5,0,0,0,0,4,0,4,2
19,Woman,1,2,6,1,0,1,1,2,0,0,1,1,2,1,1,3,4,2,1,2,3,4,4,4,0,0,0,0,0,309.214,1.642857143,744,18,Woman,2.45,5,4,0,3.5,5,5,0,0,2,0,0,5,4,3
18,Woman,1,8,9,3,2,6,4,1,0,1,5,0,4,6,6,5,6,6,4,2,7,3,6,5,4,5,4,4,5,937.258,4.321428571,307,18,Woman,2.45,4,5,3,1.5,4,3,0,0,4,0,5,0,2,1
19,Man,1,7,6,5,4,5,4,7,5,6,4,8,6,7,6,6,7,7,7,5,7,4,6,4,5,6,6,6,5,134.2,5.75,505,18,Non-binary,2.55,4,5,1,2.5,5,4,0,0,4,0,0,5,2,3
19,Woman,1,3,7,4,1,1,2,3,5,4,2,0,1,0,4,5,0,6,7,5,8,3,1,3,2,0,1,1,0,143.8,2.821428571,631,18,Woman,2.55,4,3,2,3.5,4,5,0,0,4,0,0,5,4,3
19,Woman,1,7,6,2,0,3,1,0,0,2,5,0,2,4,1,7,0,8,2,1,6,6,3,3,4,2,0,0,0,182.643,2.678571429,486,18,Woman,2.597,5,3,3,1.5,3,4,0,0,2,4.47,5,4,1,2
18,Woman,1,9,9,9,4,6,7,7,4,3,9,9,7,6,5,5,3,4,7,7,10,8,6,7,3,3,2,7,6,188.134,6.142857143,126,18,Woman,2.6,4,2,3,3,3,4,0,1,2,4,4,4,3,3
19,Woman,1,4,3,1,0,0,1,0,0,0,2,1,1,0,8,4,6,2,4,7,1,10,3,3,1,0,4,1,1,227.8,2.428571429,866,18,Woman,2.55,5,4,3,1.5,3,4,0,0,5,0,0,1,1,2
18,Woman,1,1,3,2,1,0,0,0,0,0,0,3,1,2,1,2,2,3,2,1,3,1,1,1,2,1,0,0,0,242.379,1.178571429,552,18,Woman,2.55,4,5,3,0.5,4,4,0,0,3,2,1,4,1,0
20,Woman,1,0,8,0,0,0,0,0,0,0,1,3,7,7,7,2,1,7,7,5,5,1,8,1,0,0,0,2,0,221.888,2.571428571,496,20,Woman,2.6,5,5,1,1,5,5,4,0,0,0,5,0,0,2
19,Woman,1,6,7,0,0,1,0,0,0,7,7,5,0,0,1,2,3,5,0,5,5,0,6,5,4,6,4,0,2,252.4,2.892857143,90,18,Woman,2.6,2,1,3,3,5,4,5,0,3,0,5,0,4,2
20,Woman,1,4,7,2,0,1,0,0,3,5,5,2,3,1,1,7,5,6,0,3,6,10,6,5,8,6,2,1,0,260.353,3.535714286,364,20,Woman,2.6,5,5,0,3,5,4,0,0,1,3,3,3,2,4
21,Woman,1,5,7,1,1,1,3,2,0,0,2,0,5,6,5,8,2,6,4,1,1,2,2,2,8,4,1,0,0,268.572,2.821428571,547,20,Woman,2.6,5,3,3,5,2,4,1,0,3,0,5,0,5,5
19,Woman,1,6,4,2,1,1,0,6,0,0,1,5,4,2,6,4,1,5,3,3,4,5,6,6,6,1,1,6,2,279.735,3.25,18,19,Woman,2.55,4,3,2,1.5,4,4,0,0,2,5,5,5,1,2
18,Woman,1,1,3,0,0,0,1,4,0,1,0,0,0,0,5,1,1,4,4,6,2,1,1,4,0,1,0,0,0,338.89,1.428571429,270,18,Woman,2.641421356,4,5,2,2,4,3,2,0,3,1.414213562,2,1,2,2
20,Woman,1,2,6,4,1,0,1,8,4,1,3,10,9,8,10,7,5,4,9,9,4,4,10,2,7,7,0,4,1,403.157,5,609,19,Woman,2.645,4,4,3,3,4,3,0,0,3,2.45,2,3,2,4
44,Woman,1,2,1,0,0,0,0,1,0,0,0,0,0,0,1,1,0,1,1,2,2,1,0,1,0,0,0,0,0,418.048,0.5,565,43,Woman,2.55,5,4,3,1.5,5,5,1,0,1,0,3,0,2,1
18,Woman,1,0,3,0,0,1,2,1,0,1,1,0,1,1,3,3,2,1,1,4,1,8,5,4,4,1,1,2,0,499.414,1.821428571,28,18,Woman,2.566227766,5,4,2,2.5,4,3,0,0,2,3.16227766,5,2,2,3
19,Woman,1,1,8,2,0,0,1,0,0,0,2,1,4,0,1,7,3,8,2,0,4,5,3,3,1,1,3,1,1,830.032,2.214285714,189,19,Woman,2.623606798,3,5,2,2,5,4,0,0,3,2.236067977,5,1,2,2
18,Woman,1,6,7,7,7,7,7,4,4,4,7,4,4,4,4,4,4,4,4,4,4,4,4,4,4,4,4,4,4,96.204,4.714285714,219,18,Woman,2.7,4,3,2,3,3,4,0,5,3,0,0,4,3,3
21,Man,1,9,10,3,3,9,10,0,4,10,10,5,10,9,10,9,9,10,10,7,10,0,7,5,8,9,6,10,3,130.509,7.321428571,529,20,Man,2.65,4,5,3,0.5,5,4,1,0,4,0,3,0,1,0
19,Woman,1,4,7,4,2,4,4,6,1,5,6,8,8,9,7,7,6,3,6,4,6,6,7,3,5,5,3,7,7,173.426,5.357142857,285,19,Woman,2.65,4,4,3,2.5,3,3,3,2,2,0,0,5,3,2
18,Man,1,3,7,2,0,1,0,2,0,1,4,6,1,0,2,2,1,2,6,9,6,3,1,5,2,3,7,0,1,230.964,2.75,383,18,Man,2.723205081,5,4,1,3.5,5,3,2,0,2,1.732050808,3,1,3,4
19,Woman,1,1,1,1,0,0,0,0,0,1,1,0,1,0,0,1,1,1,1,0,1,1,1,0,1,1,0,0,0,176.274,0.535714286,143,19,Woman,2.696410162,4,4,2,3.5,2,4,0,0,4,3.464101615,3,4,4,3
22,Man,1,1,8,4,0,4,3,7,0,1,6,2,6,7,2,8,6,9,4,3,10,8,10,7,8,4,1,7,4,233.426,5,528,21,Other/prefer not to say,2.697,5,4,1,2.5,5,3,0,0,2,4.47,5,4,1,4
20,Woman,1,2,4,1,0,4,4,6,0,3,1,0,0,0,0,3,0,3,1,8,3,8,1,5,3,2,2,1,0,253.788,2.321428571,633,19,Woman,2.65,5,5,3,0.5,5,4,1,0,3,0,4,0,1,0
19,Woman,1,8,9,9,5,4,3,7,1,5,8,6,9,10,6,8,10,10,10,6,10,8,8,7,5,5,5,2,3,253.873,6.678571429,157,19,Woman,2.732842713,3,5,3,3.5,4,4,0,0,2,2.828427125,2,4,3,4
19,Man,1,6,9,7,1,8,0,3,0,10,8,10,8,8,9,10,7,7,9,6,10,10,9,3,10,8,7,1,10,215.64,6.928571429,255,19,Man,2.65,5,4,3,1.5,5,5,0,0,3,0,5,0,1,2
19,Woman,1,6,7,2,2,5,3,2,4,5,3,4,3,2,7,4,4,6,5,4,5,8,4,3,4,5,4,4,3,323.649,4.214285714,793,18,Woman,2.65,5,4,2,2.5,4,3,2,0,1,3,3,3,2,3
18,Woman,1,6,8,10,0,1,0,0,4,0,0,6,0,3,10,10,8,10,10,9,4,3,4,10,9,8,0,0,0,323.793,4.75,317,18,Woman,2.7,5,3,1,3,5,3,0,5,2,0,0,5,2,4
19,Woman,1,5,8,1,0,0,2,0,2,2,4,0,8,8,4,2,4,7,4,2,3,3,4,6,2,2,0,0,1,298.603,3,636,18,Woman,2.723,2,4,2,3.5,3,4,2,3,2,1.73,3,1,4,3
18,Woman,1,6,8,0,0,5,6,0,0,0,0,0,3,0,8,9,9,9,9,0,0,2,1,2,9,9,8,1,0,530.234,3.714285714,296,18,Woman,2.694948974,5,5,4,0.5,3,5,2,0,0,2.449489743,3,2,0,1
19,Woman,1,8,6,7,6,7,5,5,6,5,6,6,6,6,6,6,6,4,4,4,4,4,3,4,4,4,4,4,4,64.392,5.142857143,625,18,Woman,2.824,5,5,4,1,4,5,0,0,2,2.24,1,5,1,1
19,Woman,1,8,8,6,0,1,5,4,0,4,0,0,3,0,7,8,1,1,4,0,9,1,1,2,2,0,1,2,1,176.467,2.821428571,39,19,Woman,2.8,4,5,0,4,5,4,1,0,4,1,1,1,5,3
44,Woman,1,3,4,0,0,0,2,0,0,0,0,0,2,0,5,1,2,0,1,8,0,9,1,1,0,0,0,1,0,274.006,1.428571429,156,44,Woman,2.75,5,4,5,1.5,5,5,2,0,0,0,0,5,1,2
19,Woman,1,2,6,0,0,0,0,1,0,0,0,0,1,0,0,1,0,2,3,0,0,3,3,2,0,0,0,0,0,238.503,0.857142857,634,18,Woman,2.8,4,5,3,5,5,3,0,0,3,0,0,0,5,5
18,Woman,1,2,7,1,0,0,2,3,0,0,4,0,2,1,7,6,6,5,7,7,7,4,0,2,6,1,1,3,0,222.502,3,248,18,Woman,2.773205081,3,3,4,5,5,2,0,0,4,1.732050808,3,1,5,5
18,Woman,1,1,6,0,0,0,0,0,0,0,1,1,5,0,4,7,1,1,4,1,9,9,3,4,5,1,1,2,0,246.699,2.357142857,222,18,Woman,2.766227766,5,5,2,2.5,2,1,4,0,3,3.16227766,5,2,0,5
19,Woman,1,5,8,8,2,2,0,6,1,1,6,7,7,7,4,7,3,3,5,3,5,4,6,5,3,2,1,1,5,378.901,4.178571429,58,19,Woman,2.794948974,4,5,1,2.5,5,4,1,0,3,2.449489743,3,2,1,4
22,Man,1,1,2,1,0,0,1,0,0,1,2,0,3,0,4,4,2,4,6,0,6,6,3,4,3,1,0,0,0,555.399,1.928571429,797,21,Man,2.75,4,4,3,4.5,5,4,1,0,2,0,2,0,5,4
22,Woman,1,1,6,0,0,0,0,0,0,1,0,0,2,0,2,3,1,0,2,4,2,0,3,4,2,0,3,0,2,195.105,1.357142857,151,22,Woman,2.9,3,5,3,4,5,5,0,0,4,0,5,0,5,3
20,Man,1,2,7,1,0,0,0,0,1,1,7,2,1,1,0,1,0,7,3,2,3,7,3,7,1,1,1,0,0,235.126,2.107142857,760,19,Man,2.85,4,3,5,3.5,4,3,2,0,4,0,1,0,3,4
18,Woman,1,4,7,1,0,3,2,1,0,2,0,0,6,0,8,6,1,4,4,7,6,1,7,2,8,7,2,0,0,302.495,3.178571429,412,18,Woman,2.85,4,3,5,2.5,4,5,0,0,5,0,0,0,3,2
18,Woman,1,7,9,2,0,6,0,0,0,0,3,2,0,0,5,5,2,8,4,5,7,4,8,6,3,0,3,3,0,291.534,3.285714286,61,18,Woman,2.873606798,4,5,1,3.5,5,4,1,0,3,2.236067977,5,1,4,3
20,Woman,1,2,3,0,0,1,0,0,0,0,1,0,0,0,2,1,0,3,3,1,1,1,0,1,2,0,0,0,0,296.904,0.785714286,872,19,Woman,2.873,5,5,3,3,3,4,0,0,4,1.73,3,1,4,2
21,Woman,1,1,9,1,0,1,1,8,0,0,5,1,2,8,10,8,4,8,8,5,8,10,6,6,6,4,2,3,3,696.432,4.571428571,474,20,Woman,2.874,5,5,2,4.5,4,4,0,0,2,2.24,5,1,4,5
18,Woman,1,9,9,7,7,9,6,3,2,9,9,3,3,3,6,8,9,4,6,4,8,9,8,6,6,5,2,1,1,158.561,5.785714286,458,18,Woman,3.024,5,2,5,4,4,4,0,0,4,2.24,5,1,3,5
20,Woman,1,8,5,1,0,0,0,3,1,7,1,3,4,3,1,5,2,6,10,4,6,10,10,7,1,2,0,0,2,206,3.642857143,590,20,Woman,3,5,4,1,1,5,5,5,0,3,1,1,1,1,1
19,Woman,1,4,4,1,0,0,0,5,3,1,0,6,1,1,6,6,4,2,3,2,6,1,3,2,4,3,0,1,2,214.081,2.535714286,527,18,Woman,2.95,5,5,4,4.5,4,5,2,0,0,0,5,0,5,4
20,Woman,1,4,6,3,1,2,1,1,2,4,0,0,1,0,2,6,1,5,6,1,8,7,0,1,7,3,0,0,0,275.959,2.571428571,641,19,Woman,2.95,5,5,3,4.5,5,4,3,0,0,0,0,0,5,4
19,Woman,1,5,3,2,0,3,1,0,0,1,2,2,1,2,4,3,5,8,7,8,6,10,3,5,5,2,0,0,1,299.47,3.178571429,799,18,Woman,3.016,5,4,5,4,3,4,1,0,1,3.16,5,2,3,5
18,Woman,1,4,2,2,0,1,0,2,0,0,2,0,8,1,5,2,0,1,1,6,8,6,1,4,6,3,0,9,0,1124.139,2.642857143,237,18,Woman,2.95,5,4,3,2.5,3,4,1,1,3,3,3,3,2,3
18,Woman,1,4,3,1,0,1,0,1,0,1,5,0,2,0,2,5,2,5,3,1,2,4,3,0,1,0,0,8,0,163.867,1.928571429,711,18,Woman,3.1,4,3,3,4,5,3,3,1,5,0,0,2,3,5
18,Woman,1,6,4,2,1,3,3,0,0,0,5,1,1,0,3,5,3,6,2,1,3,6,1,4,2,1,1,0,1,156.641,2.321428571,62,18,Woman,3.1,5,4,2,3,4,5,0,5,3,0,0,4,2,4
21,Woman,1,6,7,3,0,1,1,1,1,4,1,1,2,2,2,2,4,2,2,1,1,1,4,2,1,1,1,1,3,383.091,2.071428571,606,20,Woman,3.05,4,4,5,4.5,4,4,1,0,4,0,4,0,5,4
19,Other,1,8,6,2,1,1,0,4,2,2,7,10,8,6,7,10,7,10,10,4,10,3,0,8,9,5,10,0,10,707.628,5.714285714,863,18,Non-binary,3.183,4,3,5,4,4,5,0,0,4,2.83,2,4,3,5
18,Woman,1,6,4,1,1,3,4,2,0,5,3,4,2,4,6,8,4,2,7,5,8,9,5,4,5,6,1,1,1,146.436,3.964285714,385,18,Woman,3.273606798,5,4,2,3.5,4,5,2,1,4,2.236067977,5,1,4,3
19,Woman,1,2,7,1,1,0,0,7,0,6,1,0,0,0,3,1,0,1,0,1,0,1,1,1,0,0,0,1,1,154.026,1.285714286,124,19,Woman,3.716227766,5,4,4,4,5,5,3,0,4,3.16227766,5,2,4,4
