,Progress,Duration (in seconds),Finished,Q3,Q49,Q4,Q5,Q6,Q14_Page Submit,Flow questionnaire 1_1,Flow questionnaire 1_2,Flow questionnaire 1_3,Flow questionnaire 1_4,Flow questionnaire 1_5,Flow questionnaire 1_6,Flow questionnaire 1_7,Flow questionnaire 1_8,Flow questionnaire 1_9,Flow questionnaire 1_10,Flow questionnaire 2_1,Flow questionnaire 2_2,Flow questionnaire 2_3,Flow questionnaire 2_4,Flow questionnaire 2_5,Flow questionnaire 2_6,Flow questionnaire 2_7,Flow questionnaire 2_8,Flow questionnaire 2_9,Flow questionnaire 2_10,Flow questionnaire 3_1,Flow questionnaire 3_2,Flow questionnaire 3_3,Flow questionnaire 3_4,Flow questionnaire 3_5,Flow questionnaire 3_6,Flow questionnaire 3_7,Flow questionnaire 3_8,Flow questionnaire 3_9,Flow questionnaire 3_10,Flow_vacuuming,Flow_essay_writing,Flow_exercise,Flow_combined,CODE,age,gender,PCSscore,1handlowersubj,2handtogethersubj,3mosquitosubj,4TasteAverage,5rigidsubj,6immobilizationsubj,7musicsubj,8ballssubj,9amnesiasubj,10spaceGeoMean,10spacebarsubj1,10spacebarsubj2,4Tastesweetsubj,4Tastesoursubj
586,100,170,1,1,1,1,18,Woman,120.231,2,2,3,3,3,1,3,4,4,1,4,3,5,5,5,4,5,2,5,5,4,4,3,4,4,3,4,3,4,3,2.6,4.3,3.6,3.5,2,18,Woman,2.45,5,4,2,1.5,4,5,0,0,3,0,0,3,2,1
101,100,8316,1,1,1,1,18,Woman,107.386,1,0,3,3,3,4,0,0,0,0,0,0,2,2,1,3,2,0,0,4,0,0,0,3,4,3,1,0,0,0,1.4,1.4,1.1,1.3,4,18,Woman,2,3,3,0,1,3,5,0,5,0,0,0,5,0,2
123,100,125,1,1,1,1,19,Woman,101.168,3,2,3,3,4,2,2,1,3,3,4,4,3,4,3,5,4,2,3,4,5,4,5,5,2,5,4,2,4,5,2.6,3.6,4.1,3.433333333,5,19,Woman,1,2,3,0,0,3,2,0,0,0,0,0,5,0,0
196,100,163,1,1,1,1,18,Woman,116.201,2,1,3,4,3,3,2,1,2,3,4,3,4,5,4,4,5,3,3,5,4,4,5,5,4,4,5,3,4,4,2.4,4,4.2,3.533333333,9,18,Woman,2.373606798,3,4,4,2.5,2,3,1,0,2,2.236067977,5,1,3,2
70,100,166,1,1,1,1,18,Woman,139.105,0,0,1,1,0,0,0,1,2,2,3,4,4,3,2,2,4,3,3,5,4,5,2,5,3,2,5,2,2,2,0.7,3.3,3.2,2.4,12,18,Woman,0.4,1,0,0,0,1,0,0,0,2,0,5,0,0,0
509,100,91,1,1,1,1,19,Woman,69.265,5,4,5,5,5,4,4,2,2,4,1,0,0,0,0,0,0,0,0,0,2,3,1,2,3,2,2,3,2,3,4,0.1,2.3,2.133333333,13,19,Woman,2.966227766,5,4,3,1.5,5,5,0,0,3,3.16227766,5,2,2,1
360,100,141,1,1,1,1,20,Woman,96.435,5,5,5,4,5,4,5,0,4,5,3,1,0,3,1,2,3,0,1,1,5,5,5,5,5,5,5,5,5,5,4.2,1.5,5,3.566666667,14,20,Woman,0.95,3,0,0,1.5,3,0,0,0,2,0,0,3,0,3
440,100,177,1,1,1,1,18,Woman,144.767,0,0,3,1,1,1,0,0,0,0,3,2,4,4,4,5,4,1,4,5,3,3,4,4,3,4,4,4,3,4,0.6,3.6,3.6,2.6,15,18,Woman,2.05,4,3,2,3.5,5,3,0,0,0,0,0,5,3,4
512,100,131,1,1,1,1,19,Woman,110.772,4,3,4,4,4,4,4,2,4,3,3,2,2,2,3,3,2,2,3,2,3,3,4,4,4,3,4,2,4,4,3.6,2.4,3.5,3.166666667,18,19,Woman,2.55,4,3,2,1.5,4,4,0,0,2,5,5,5,1,2
260,100,163,1,1,1,1,18,Woman,124.957,1,0,1,3,2,1,2,1,3,1,4,5,4,5,3,5,5,3,5,4,3,4,4,5,5,5,5,2,5,3,1.5,4.3,4.1,3.3,19,18,Woman,1.4,4,5,0,0,3,0,0,1,1,0,0,0,0,0
667,100,224,1,1,1,1,18,Prefer not to say,163.688,2,1,2,2,2,2,3,3,2,3,4,4,4,4,3,4,3,3,4,4,2,1,2,2,2,2,2,2,2,1,2.2,3.7,1.8,2.566666667,20,18,Other/prefer not to say,1.3,4,0,1,2,3,2,0,0,1,0,5,0,1,3
320,100,161,1,1,1,1,18,Woman,141.9,2,1,4,3,3,2,1,1,1,2,2,4,4,4,4,5,5,4,5,4,5,5,5,5,4,5,5,5,5,5,2,4.1,4.9,3.666666667,23,18,Woman,1.873606798,3,3,1,1.5,3,2,0,0,3,2.236067977,1,5,1,2
544,100,124,1,1,1,1,18,Woman,84.668,2,2,3,4,4,1,4,1,3,2,1,1,1,2,1,1,2,1,2,1,4,3,4,5,5,4,5,5,4,5,2.6,1.3,4.4,2.766666667,24,18,Woman,1.7,4,4,1,2,4,2,0,0,0,0,5,0,2,2
665,100,386,1,1,1,1,19,Man,364.47,3,4,4,4,4,4,4,1,3,3,4,3,4,3,3,4,4,3,4,4,4,4,4,4,3,3,4,2,3,4,3.4,3.6,3.5,3.5,27,19,Man,0.6,2,1,0,0,3,0,0,0,0,0,0,5,0,0
599,100,188,1,1,1,1,18,Woman,159.377,5,5,5,5,5,5,5,4,5,4,5,4,5,4,5,5,4,5,5,4,5,5,5,5,5,5,5,5,5,5,4.8,4.6,5,4.8,30,18,Woman,2.123205081,5,5,0,2.5,4,2,0,0,1,1.732050808,3,1,3,2
89,100,221,1,1,1,1,18,Man,175.891,4,3,3,3,3,3,3,1,2,4,3,3,3,3,3,2,4,2,3,2,4,5,5,5,5,5,5,5,5,4,2.9,2.8,4.8,3.5,34,18,Man,0.75,4,1,0,1.5,1,0,0,0,0,0,1,0,1,2
464,100,154,1,1,1,1,19,Woman,134.642,1,0,1,4,2,1,4,4,4,4,4,1,4,4,4,4,5,5,4,5,3,1,2,3,3,3,4,4,3,2,2.5,4,2.8,3.1,35,19,Woman,1.85,4,4,1,0.5,4,5,0,0,0,0,0,0,0,1
545,100,182,1,1,1,1,18,Woman,103.248,5,3,4,5,5,5,4,2,4,5,4,4,3,5,2,4,4,0,4,3,4,4,4,4,4,4,4,4,4,5,4.2,3.3,4.1,3.866666667,43,18,Woman,1.846410162,4,3,0,3,3,1,0,0,1,3.464101615,4,3,2,4
218,100,152,1,1,1,1,18,Man,137.467,4,3,3,3,3,3,3,2,3,2,5,2,3,4,5,4,2,5,3,2,2,2,3,4,4,4,3,1,2,2,2.9,3.5,2.7,3.033333333,44,18,Man,1.25,4,3,3,0.5,2,0,0,0,0,0,5,0,0,1
620,100,155,1,1,1,1,18,Woman,118.084,3,2,4,4,4,4,4,3,4,4,3,3,4,5,4,5,5,4,4,5,4,4,4,5,4,5,4,5,4,5,3.6,4.2,4.4,4.066666667,45,18,Woman,1.5,4,4,1,1,2,3,0,0,0,0,2,0,1,1
374,100,97,1,1,1,1,18,Woman,76.133,4,4,4,3,5,5,4,5,3,3,5,4,5,4,4,5,4,5,4,4,5,5,5,5,5,5,5,5,5,5,4,4.4,5,4.466666667,46,18,Woman,1.723205081,5,4,0,0.5,4,1,0,0,1,1.732050808,3,1,1,0
316,100,94,1,1,1,1,18,Woman,77.973,4,3,4,4,4,4,4,3,4,4,2,2,3,3,2,3,3,1,2,2,4,4,4,4,4,4,4,4,4,4,3.8,2.3,4,3.366666667,47,18,Woman,1.3,3,1,0,2,3,0,0,0,2,2,2,2,3,1
202,100,148,1,1,1,1,19,Woman,118.579,0,0,0,1,1,1,1,0,0,1,2,2,3,2,2,3,3,4,3,4,1,0,0,1,1,2,2,1,1,2,0.5,2.8,1.1,1.466666667,48,19,Woman,1.5,2,1,4,4,1,3,0,0,0,0,1,0,4,4
400,100,126,1,1,1,1,20,Woman,99.3,2,1,3,4,3,2,3,0,2,3,3,2,4,4,3,3,3,2,3,4,3,3,4,4,4,4,4,4,3,5,2.3,3.1,3.8,3.066666667,51,20,Woman,1.147213596,3,1,0,0,2,1,0,0,0,4.472135955,4,5,0,0
423,100,125,1,1,1,1,18,Woman,89.767,0,0,1,1,1,0,1,0,0,2,2,2,4,4,4,3,4,4,2,4,3,1,3,3,4,3,4,4,3,4,0.6,3.3,3.2,2.366666667,52,18,Woman,2.2,5,4,1,1,5,4,0,0,2,0,5,0,0,2
321,100,308,1,1,1,1,18,Woman,273.992,0,0,1,2,0,0,0,0,2,1,2,5,5,5,3,4,5,1,5,5,2,0,4,5,4,4,4,1,5,4,0.6,4,3.3,2.633333333,53,18,Woman,1,4,2,0,0,1,1,0,0,2,0,3,0,0,0
206,100,308,1,1,1,1,21,Woman,97.789,4,4,4,5,5,4,5,4,5,5,3,2,3,4,2,2,3,2,3,3,4,4,4,4,4,4,4,4,4,4,4.5,2.7,4,3.733333333,56,21,Woman,2.1,5,5,4,0,3,3,0,0,1,0,3,0,0,0
315,100,246,1,1,1,1,18,Woman,161.802,0,2,3,3,4,2,5,3,3,3,1,1,2,3,2,3,4,2,3,2,4,3,4,5,3,4,5,3,4,2,2.8,2.3,3.7,2.933333333,57,18,Woman,1.95,4,3,0,1.5,4,2,1,0,4,0,3,0,2,1
426,100,194,1,1,1,1,19,Woman,175.285,3,2,5,4,4,4,5,1,4,3,5,5,5,5,3,4,5,1,3,3,4,5,4,3,3,4,5,1,4,3,3.5,3.9,3.6,3.666666667,58,19,Woman,2.794948974,4,5,1,2.5,5,4,1,0,3,2.449489743,3,2,1,4
159,100,128,1,1,1,1,18,Woman,113.199,0,0,1,0,0,0,0,0,0,0,5,5,5,5,5,5,4,3,4,3,3,3,3,4,4,4,4,4,4,3,0.1,4.4,3.6,2.7,59,18,Woman,2.1,3,4,2,2,5,4,0,0,1,0,5,0,1,3
118,100,173,1,1,1,1,18,Woman,129.914,1,1,2,3,1,1,4,3,2,1,3,4,4,4,3,3,4,4,3,3,5,5,4,4,5,5,3,3,4,5,1.9,3.5,4.3,3.233333333,61,18,Woman,2.873606798,4,5,1,3.5,5,4,1,0,3,2.236067977,5,1,4,3
634,100,120,1,1,1,1,18,Woman,88.856,2,2,2,2,2,2,3,1,2,2,3,2,2,3,2,3,2,2,3,2,3,2,2,3,3,3,3,4,4,4,2,2.4,3.1,2.5,62,18,Woman,3.1,5,4,2,3,4,5,0,5,3,0,0,4,2,4
527,100,168,1,1,1,1,19,Other,102.906,2,2,2,2,4,3,2,1,2,2,4,5,5,5,4,5,5,2,4,5,5,4,5,5,5,5,5,2,4,5,2.2,4.4,4.5,3.7,63,19,Non-binary,1.85,5,3,0,2.5,4,2,0,0,2,0,5,0,3,2
565,100,301,1,1,1,1,19,Woman,199.108,1,0,3,3,4,3,3,0,1,1,4,3,4,4,3,4,5,0,3,4,3,1,2,3,4,3,3,0,1,1,1.9,3.4,2.1,2.466666667,65,19,Woman,1.75,5,2,2,0.5,2,3,0,0,3,0,5,0,0,1
410,100,181,1,1,1,1,18,Woman,142.767,4,3,4,4,3,3,4,2,3,3,5,4,5,5,5,5,4,4,5,4,4,5,4,5,5,5,5,5,5,3,3.3,4.6,4.6,4.166666667,66,18,Woman,1,4,3,0,0,1,1,0,0,1,0,2,0,0,0
452,100,154,1,1,1,1,19,Woman,123.587,3,0,4,3,4,3,3,0,1,3,5,3,5,5,5,5,5,5,5,5,4,3,5,5,5,5,5,4,5,4,2.4,4.8,4.5,3.9,68,19,Woman,1.05,4,1,1,1.5,1,1,0,0,1,0,0,5,1,2
467,100,579,1,1,1,1,18,Woman,215.953,3,2,3,2,3,3,1,1,2,3,3,2,2,2,3,3,3,1,2,2,3,3,3,3,3,2,3,2,3,4,2.3,2.3,2.9,2.5,72,18,Woman,0.95,3,2,0,0.5,2,0,0,0,2,0,5,0,0,1
397,100,138,1,1,1,1,20,Other,107.203,1,1,1,4,3,0,1,0,2,2,4,3,4,5,4,5,5,2,3,5,5,2,4,5,5,4,5,5,3,4,1.5,4,4.2,3.233333333,74,20,Other/prefer not to say,2.45,4,2,3,3.5,5,3,1,0,3,0,0,5,3,4
238,100,80,1,1,1,1,19,Woman,64.056,1,0,1,1,0,0,0,0,0,0,4,3,4,5,4,5,5,4,5,5,4,4,4,5,4,4,5,5,4,4,0.3,4.4,4.3,3,79,19,Woman,2.1,5,4,4,1,1,3,0,1,2,0,0,0,0,2
505,100,99,1,1,1,1,18,Woman,75.982,2,0,1,3,3,2,1,0,1,1,2,3,4,4,4,4,4,4,4,3,3,3,3,3,2,3,2,2,3,2,1.4,3.6,2.6,2.533333333,82,18,Woman,1.3,2,1,0,3,5,2,0,0,0,0,2,0,3,3
450,100,131,1,1,1,1,19,Woman,107.778,2,1,1,2,2,2,2,0,2,2,3,4,3,4,3,4,3,1,4,3,1,0,0,1,1,0,0,0,1,0,1.6,3.2,0.4,1.733333333,84,19,Woman,1.8,4,4,1,2,2,3,0,0,2,0,3,0,2,2
198,100,134,1,1,1,1,18,Woman,109.553,2,1,0,0,4,1,0,0,0,0,3,2,4,5,3,3,5,3,2,2,2,2,3,2,4,4,2,3,2,4,0.8,3.2,2.8,2.266666667,85,18,Woman,0.2,0,1,0,0,0,0,1,0,0,0,5,0,0,0
305,100,88,1,1,1,1,18,Woman,72.68,3,2,2,2,3,3,2,0,0,1,2,1,2,3,2,2,2,0,1,1,4,3,3,3,3,3,3,1,1,2,1.8,1.6,2.6,2,86,18,Woman,2.4,3,4,2,2,4,4,0,0,3,2,2,2,2,2
325,100,221,1,1,1,1,19,Woman,195.814,2,0,0,1,0,0,2,0,0,1,2,1,2,2,1,2,2,3,0,3,3,2,3,4,4,4,3,3,4,4,0.6,1.8,3.4,1.933333333,90,18,Woman,2.6,2,1,3,3,5,4,5,0,3,0,5,0,4,2
257,100,198,1,1,1,1,18,Woman,181.092,3,0,1,3,3,2,3,1,3,1,4,5,4,4,3,4,4,1,5,4,4,3,3,4,4,4,3,5,4,4,2,3.8,3.8,3.2,91,18,Woman,2.5,5,4,1,2,5,4,0,0,2,2,1,4,2,2
364,100,94,1,1,1,1,69,Other,48.201,1,1,1,1,1,1,1,1,1,1,0,0,0,0,0,0,0,0,0,0,0,0,0,0,0,0,0,0,0,0,1,0,0,0.333333333,94,19,Man,0.6,2,3,0,0,1,0,0,0,0,0,3,0,0,0
333,100,159,1,1,1,1,19,Other,135.98,1,2,2,3,2,1,2,1,2,2,3,4,4,4,3,4,4,4,3,5,5,3,4,4,3,5,3,4,2,4,1.8,3.8,3.7,3.1,95,19,Non-binary,1.9,4,3,4,0,2,2,4,0,0,0,0,3,0,0
132,100,97,1,1,1,1,18,Woman,75.437,2,0,2,2,4,3,3,2,3,2,4,4,4,4,2,3,4,3,4,4,5,2,5,4,4,5,5,2,4,3,2.3,3.6,3.9,3.266666667,96,18,Woman,2.073606798,5,3,3,1.5,4,2,0,0,0,2.236067977,5,1,0,3
431,100,186,1,1,1,1,18,Woman,125.906,3,2,4,5,5,2,4,1,5,1,5,5,4,5,5,5,5,5,5,5,5,5,3,5,5,5,5,3,5,2,3.2,4.9,4.3,4.133333333,97,18,Woman,2.1,4,3,1,2,5,3,2,0,1,0,5,0,3,1
498,100,183,1,1,1,1,20,Other,137.391,1,1,4,4,5,4,5,4,4,3,5,5,5,5,5,5,5,5,5,5,5,5,5,5,5,5,5,5,5,5,3.5,5,5,4.5,98,20,Non-binary,2.05,4,5,3,2.5,3,3,0,0,0,0,5,0,1,4
447,100,150,1,1,1,1,18,Man,115.888,3,2,4,4,3,3,4,1,4,3,4,4,4,5,4,4,4,2,3,3,4,2,2,3,2,3,3,3,3,2,3.1,3.7,2.7,3.166666667,99,18,Man,1.05,4,3,0,0.5,2,1,0,0,0,0,0,0,1,0
278,100,110,1,1,1,1,19,Woman,92.45,3,4,4,4,4,4,4,3,5,5,5,5,5,5,5,5,5,3,5,4,4,3,4,4,4,4,4,2,4,4,4,4.7,3.7,4.133333333,102,19,Woman,2,5,4,0,2,4,2,0,0,3,0,0,5,2,2
441,100,177,1,1,1,1,18,Woman,162.599,4,2,2,4,3,2,3,1,3,2,4,4,5,4,3,4,2,1,1,5,2,0,3,3,3,2,2,2,1,2,2.6,3.3,2,2.633333333,104,18,Woman,1.623606798,5,2,0,0,5,2,0,0,0,2.236067977,5,1,0,0
408,100,162,1,1,1,1,18,Woman,87.051,0,0,0,0,0,0,0,0,0,0,2,1,1,2,0,1,2,2,0,1,0,0,0,0,0,0,0,0,0,0,0,1.2,0,0.4,106,18,Woman,1.523205081,3,1,0,1.5,3,4,0,0,1,1.732050808,3,1,2,1
137,100,147,1,1,1,1,18,Woman,124.899,0,0,1,1,0,0,0,0,1,1,1,2,2,3,1,2,3,1,2,3,1,0,1,2,1,3,1,0,3,0,0.4,2,1.2,1.2,107,18,Woman,1.373205081,5,2,0,0,3,2,0,0,0,1.732050808,3,1,0,0
131,100,265,1,1,1,1,20,Woman,236.391,2,0,3,3,5,4,4,0,1,4,4,3,4,4,5,3,2,4,2,4,5,3,4,5,5,4,5,1,2,4,2.6,3.5,3.8,3.3,108,20,Woman,1.1,3,4,0,0,3,1,0,0,0,0,0,0,0,0
161,100,163,1,1,1,1,18,Woman,121.373,3,0,2,3,4,1,4,0,0,2,4,2,3,4,5,4,4,4,3,3,4,3,4,4,5,5,5,4,4,3,1.9,3.6,4.1,3.2,109,18,Woman,2.223205081,4,4,1,2.5,5,2,0,0,2,1.732050808,3,1,3,2
629,100,170,1,1,1,1,18,Woman,143.331,2,0,3,4,1,3,2,0,1,3,4,4,5,5,3,4,2,1,5,5,2,0,2,3,2,4,1,0,4,5,1.9,3.8,2.3,2.666666667,111,18,Woman,1.85,5,5,0,1.5,5,2,0,0,0,0,0,5,2,1
119,100,160,1,1,1,1,19,Woman,127.276,5,4,5,5,4,3,5,3,5,5,4,4,3,3,2,3,4,2,4,4,5,5,5,5,4,5,5,5,5,5,4.4,3.3,4.9,4.2,112,19,Woman,2.15,3,5,2,2.5,5,4,0,0,0,0,2,0,2,3
124,100,139,1,1,1,1,18,Man,110.803,0,0,1,0,3,1,0,0,0,1,4,4,4,4,4,4,3,1,3,4,4,3,4,4,2,4,4,3,3,4,0.6,3.5,3.5,2.533333333,117,18,Man,1,2,0,0,3,3,2,0,0,0,0,1,0,4,2
380,100,127,1,1,1,1,18,Woman,96.779,2,2,2,2,3,2,3,3,4,2,4,4,4,3,3,4,4,3,4,3,1,1,1,2,2,2,1,2,2,1,2.5,3.6,1.5,2.533333333,120,18,Woman,1.65,4,2,0,2.5,3,3,0,0,2,0,0,0,3,2
116,100,190,1,1,1,1,27,Woman,164.681,3,0,4,4,2,2,4,1,2,3,5,4,5,5,5,5,5,3,5,5,5,4,4,5,5,4,4,5,5,5,2.5,4.7,4.6,3.933333333,123,27,Woman,1.7,4,4,0,1,3,2,0,0,3,0,0,3,0,2
113,100,110,1,1,1,1,19,Woman,77.101,5,5,5,5,5,5,5,5,5,5,5,5,5,5,5,4,5,5,5,5,5,5,5,5,5,5,5,5,5,5,5,4.9,5,4.966666667,124,19,Woman,3.716227766,5,4,4,4,5,5,3,0,4,3.16227766,5,2,4,4
546,100,88,1,1,1,1,19,Woman,67.641,4,4,4,3,2,3,4,1,3,3,4,3,5,5,2,4,4,1,4,3,4,2,3,5,5,4,4,1,4,4,3.1,3.5,3.6,3.4,125,19,Woman,2.05,5,4,1,1.5,3,2,0,0,4,0,5,0,3,0
415,100,133,1,1,1,1,18,Woman,113.301,1,1,1,1,4,3,2,1,2,0,2,2,1,1,2,2,3,0,1,1,3,1,2,2,1,2,1,2,3,3,1.6,1.5,2,1.7,126,18,Woman,2.6,4,2,3,3,3,4,0,1,2,4,4,4,3,3
511,100,97,1,1,1,1,18,Woman,75.273,3,1,1,1,0,0,0,3,3,1,2,0,0,3,3,3,3,0,3,1,3,3,3,3,3,3,4,4,3,3,1.3,1.8,3.2,2.1,127,18,Woman,1.423205081,2,2,0,0.5,2,2,0,0,4,1.732050808,3,1,1,0
117,100,146,1,1,1,1,18,Woman,101.445,1,0,0,0,1,0,1,2,0,3,2,0,2,2,1,1,3,0,1,2,3,1,2,4,3,4,2,3,4,2,0.8,1.4,2.8,1.666666667,129,18,Woman,1.15,2,0,2,0.5,0,3,3,0,1,0,5,0,0,1
575,100,95,1,1,1,1,19,Man,75.194,4,2,3,2,0,0,1,0,3,3,5,5,3,3,1,2,3,4,4,1,1,2,5,0,0,1,0,0,4,4,1.8,3.1,1.7,2.2,132,19,Man,1.1,4,4,0,0,2,1,0,0,0,0,0,2,0,0
67,100,164,1,1,1,1,18,Woman,144.036,1,1,2,3,2,4,4,0,4,2,5,3,5,5,3,4,5,2,5,5,2,2,2,2,1,2,2,0,2,0,2.3,4.2,1.5,2.666666667,133,18,Woman,1.8,5,5,0,1,5,2,0,0,0,0,4,0,1,1
331,100,259,1,1,1,1,20,Woman,217.818,4,1,3,3,4,4,4,1,3,3,3,1,2,2,1,2,1,1,1,1,4,3,3,3,3,3,4,1,2,2,3,1.5,2.8,2.433333333,135,20,Woman,0.95,2,2,0,0.5,1,1,0,0,1,2,1,4,0,1
74,100,410,1,1,1,1,18,Woman,382.009,2,0,2,3,3,2,3,0,1,0,2,2,3,4,4,4,3,1,3,2,1,1,2,4,4,3,3,1,1,2,1.6,2.8,2.2,2.2,136,18,Woman,2.05,4,3,1,2.5,4,4,0,0,2,0,5,0,2,3
65,100,128,1,1,1,1,19,Woman,107.545,2,1,3,3,3,2,3,0,3,1,4,3,4,5,4,5,4,2,5,4,1,1,3,4,4,3,3,1,4,2,2.1,4,2.6,2.9,140,19,Woman,1.25,4,3,2,3.5,0,0,0,0,0,0,3,0,3,4
483,100,169,1,1,1,1,19,Woman,139.685,2,1,4,3,3,2,4,1,2,2,2,1,3,4,4,4,2,1,2,3,4,3,4,4,4,4,4,1,5,3,2.4,2.6,3.6,2.866666667,142,19,Woman,2.2,4,3,0,2,2,4,0,0,4,3,3,3,1,3
349,100,218,1,1,1,1,19,Woman,148.499,1,0,2,2,2,2,2,1,2,1,3,3,4,4,4,4,4,3,3,3,1,1,3,3,3,3,2,4,3,4,1.5,3.5,2.7,2.566666667,144,19,Woman,2.15,3,4,3,2.5,4,3,0,0,2,0,0,4,2,3
583,100,195,1,1,1,1,18,Woman,137.243,2,0,2,1,2,1,2,1,2,1,2,1,2,4,3,3,4,3,4,4,2,1,2,3,3,3,3,2,3,2,1.4,3,2.4,2.266666667,146,18,Woman,2,5,4,0,0,3,1,0,0,4,3,3,3,0,0
493,100,195,1,1,1,1,18,Woman,107.568,4,3,4,4,5,3,5,1,5,5,5,4,5,5,5,3,3,5,2,5,3,5,2,3,4,4,4,3,5,2,3.9,4.2,3.5,3.866666667,148,18,Woman,2.423606798,3,4,5,2,2,3,0,0,3,2.236067977,1,5,1,3
109,100,212,1,1,1,1,20,Woman,180.846,3,2,2,3,3,2,3,1,2,1,3,3,3,4,3,4,4,1,4,4,4,3,3,4,4,4,4,2,4,3,2.2,3.3,3.5,3,149,20,Woman,1.5,3,1,2,1,4,2,0,0,0,2,2,2,1,1
208,100,248,1,1,1,1,19,Woman,172.945,1,1,3,3,3,2,3,0,0,3,5,4,4,4,4,3,4,0,2,3,5,4,5,5,5,5,5,5,5,5,1.9,3.3,4.9,3.366666667,154,19,Woman,1.4,3,3,2,2,2,2,0,0,0,0,5,0,2,2
262,100,196,1,1,1,1,44,Woman,172.301,3,0,4,3,2,3,2,0,2,4,4,3,5,5,3,5,5,4,4,4,5,5,5,5,5,5,5,5,5,5,2.3,4.2,5,3.833333333,156,44,Woman,2.75,5,4,5,1.5,5,5,2,0,0,0,0,5,1,2
86,100,150,1,1,1,1,18,Woman,117.759,3,1,3,4,3,2,3,2,3,2,4,2,3,3,3,3,3,3,3,2,4,4,5,5,5,5,4,4,4,5,2.6,2.9,4.5,3.333333333,158,18,Woman,2,4,4,2,0,3,4,0,0,1,2,1,4,0,0
335,100,269,1,1,1,1,19,Man,227.97,1,0,1,1,2,0,1,0,1,0,5,4,5,5,5,5,5,3,5,5,3,2,4,4,3,4,3,2,4,4,0.7,4.7,3.3,2.9,160,19,Man,0.95,2,3,1,1.5,1,1,0,0,0,0,4,0,1,2
649,100,144,1,1,1,1,19,Woman,115.192,3,1,3,3,2,1,3,2,2,2,4,4,4,4,4,4,4,3,3,3,3,3,3,3,4,4,3,4,3,3,2.2,3.7,3.3,3.066666667,163,18,Woman,1.7,4,4,0,2,3,3,0,0,1,0,5,0,2,2
307,100,90,1,1,1,1,19,Woman,54.12,2,2,1,2,3,2,3,0,2,3,4,4,3,4,5,4,3,4,4,3,3,4,4,4,4,5,4,3,5,4,2,3.8,4,3.266666667,164,19,Woman,1.85,3,2,0,3.5,3,2,0,2,3,0,0,5,3,4
306,100,125,1,1,1,1,19,Woman,100.184,3,2,2,2,3,3,2,0,1,2,3,4,4,4,4,4,4,2,4,3,4,4,4,4,4,4,4,3,4,5,2,3.6,4,3.2,164,19,Woman,1.85,3,2,0,3.5,3,2,0,2,3,0,0,5,3,4
377,100,190,1,1,1,1,20,Woman,133.261,0,0,0,0,0,0,0,0,0,0,3,4,4,4,3,4,4,2,4,5,3,2,2,2,3,2,3,4,4,4,0,3.7,2.9,2.2,166,20,Woman,1.5,0,5,2,3,3,0,1,1,0,0,1,0,3,3
261,100,122,1,1,1,1,18,Woman,98.139,2,3,4,5,4,1,1,0,2,1,2,3,4,5,4,4,4,3,2,4,5,5,5,5,5,5,5,3,5,5,2.3,3.5,4.8,3.533333333,169,18,Woman,1.2,2,3,0,0,2,2,0,0,3,0,0,1,0,0
495,100,164,1,1,1,1,19,Woman,144.467,5,5,5,5,5,5,5,5,5,5,3,2,3,3,3,2,3,3,3,3,4,3,4,4,4,3,3,4,4,4,5,2.8,3.7,3.833333333,170,19,Woman,2.25,3,3,4,2.5,4,3,0,0,3,0,0,5,3,2
231,100,173,1,1,1,1,18,Woman,114.775,1,2,3,5,5,4,3,1,3,4,5,4,5,4,5,4,5,3,4,4,5,3,3,5,5,5,4,4,4,5,3.1,4.3,4.3,3.9,171,18,Woman,2.85,5,5,3,1.5,5,5,0,0,2,2,4,1,1,2
549,100,48,1,1,1,1,18,Man,32.249,1,3,2,3,3,5,2,1,4,1,0,4,4,4,2,3,3,4,1,2,1,4,2,2,4,3,1,3,4,4,2.5,2.7,2.8,2.666666667,172,18,Man,1.95,5,5,0,0.5,3,4,0,0,2,0,5,0,0,1
432,100,159,1,1,1,1,18,Woman,117.7,3,4,3,3,3,3,4,1,4,3,4,4,4,4,4,4,5,5,5,4,3,3,3,3,2,3,3,2,3,2,3.1,4.3,2.7,3.366666667,173,18,Woman,0.9,3,2,0,0,3,1,0,0,0,0,0,2,0,0
162,100,133,1,1,1,1,18,Woman,106.682,2,1,3,3,4,4,4,0,3,2,4,4,5,5,1,4,4,1,5,5,4,1,2,2,0,0,1,0,2,1,2.6,3.8,1.3,2.566666667,174,18,Woman,0.25,2,0,0,0.5,0,0,0,0,0,0,0,0,1,0
473,100,213,1,1,1,1,18,Woman,156.635,2,1,3,3,4,1,3,1,2,1,5,4,5,5,5,4,5,5,5,5,5,3,4,5,5,5,5,5,5,5,2.1,4.8,4.7,3.866666667,175,18,Woman,1.55,5,3,2,1.5,2,1,1,0,0,0,1,0,2,1
428,100,173,1,1,1,1,21,Woman,138.375,1,1,5,5,5,2,2,5,4,5,5,2,5,5,5,3,4,0,1,5,5,5,5,5,3,5,5,5,5,5,3.5,3.5,4.8,3.933333333,176,21,Woman,1.6,4,3,0,0,4,2,0,0,3,0,5,0,0,0
603,100,50,1,1,1,1,18,Woman,35.92,5,4,3,4,2,3,4,2,5,5,5,4,5,5,5,5,5,5,5,5,5,5,5,5,5,5,5,5,5,5,3.7,4.9,5,4.533333333,178,18,Woman,2,4,5,0,1,5,2,0,0,3,0,5,0,2,0
573,100,89,1,1,1,1,19,Woman,73.107,1,1,2,1,2,1,2,1,1,1,0,1,1,2,1,3,1,2,1,2,2,1,1,2,1,2,2,1,1,1,1.3,1.4,1.4,1.366666667,180,19,Woman,1.8,5,3,1,2,4,3,0,0,0,0,4,0,2,2
429,100,182,1,1,1,1,18,Woman,139.544,4,4,2,5,3,3,5,5,5,4,5,3,5,5,5,5,5,5,5,5,4,3,4,5,5,5,5,3,4,3,4,4.8,4.1,4.3,183,18,Woman,1.8,4,2,0,0,1,4,0,5,2,0,5,0,0,0
443,100,184,1,1,1,1,18,Woman,136.287,2,0,1,4,3,1,4,1,4,1,5,5,5,5,4,4,5,5,5,5,3,2,1,1,1,3,3,1,1,0,2.1,4.8,1.6,2.833333333,184,18,Woman,0.6,4,0,0,0,1,0,0,0,0,1,1,1,0,0
269,100,238,1,1,1,1,18,Woman,217.655,0,0,0,1,0,0,1,0,0,0,0,1,2,2,1,1,2,0,0,2,2,1,1,3,3,3,3,1,0,3,0.2,1.1,2,1.1,185,18,Woman,1.7,4,4,0,0,1,1,0,3,4,0,5,0,0,0
166,100,161,1,1,1,1,19,Woman,109.33,4,4,5,5,5,5,4,2,4,4,5,4,5,5,5,5,5,2,5,4,5,4,5,5,3,5,5,4,4,4,4.2,4.5,4.4,4.366666667,186,19,Woman,1.75,4,4,1,2.5,3,3,0,0,0,0,4,0,1,4
97,100,2191,1,1,1,1,18,Woman,93.242,2,0,3,4,5,0,4,4,4,4,0,0,0,0,0,1,0,0,0,0,4,2,4,4,3,4,4,4,4,3,3,0.1,3.6,2.233333333,187,18,Woman,1.55,4,1,0,3.5,3,4,0,0,0,0,5,0,4,3
291,100,179,1,1,1,1,18,Woman,127.193,1,0,0,3,2,1,4,1,2,3,3,2,2,3,1,2,3,1,2,2,3,4,4,4,2,3,3,3,3,3,1.7,2.1,3.2,2.333333333,188,18,Woman,1.2,2,5,1,3,0,0,0,0,1,0,0,1,2,4
406,100,180,1,1,1,1,19,Woman,160.445,4,2,4,4,3,4,3,1,3,2,4,5,5,4,3,4,4,2,4,5,5,3,4,5,4,3,4,2,3,3,3,4,3.6,3.533333333,189,19,Woman,2.623606798,3,5,2,2,5,4,0,0,3,2.236067977,5,1,2,2
476,100,194,1,1,1,1,19,Woman,130.637,0,0,1,2,3,1,3,0,3,1,3,5,2,5,3,4,5,3,5,5,4,5,5,5,4,4,4,3,4,4,1.4,4,4.2,3.2,190,19,Woman,2.35,5,4,3,1.5,3,3,1,0,3,0,4,0,2,1
519,100,127,1,1,1,1,18,Woman,102.117,0,0,0,0,0,0,2,0,0,0,1,2,2,2,1,1,2,0,0,0,4,1,4,5,5,5,4,1,5,4,0.2,1.1,3.8,1.7,193,18,Woman,1.682842713,2,1,3,3,3,0,0,0,2,2.828427125,4,2,3,3
310,100,173,1,1,1,1,24,Woman,155.761,4,2,4,4,4,3,5,1,3,3,5,5,4,5,5,5,5,4,5,3,2,2,3,4,4,4,4,2,2,2,3.3,4.6,2.9,3.6,195,24,Woman,1.55,2,4,3,1.5,1,3,0,0,1,0,5,0,2,1
520,100,155,1,1,1,1,19,Woman,132.728,4,3,5,5,5,4,4,3,4,5,5,4,1,3,2,2,3,2,3,2,3,3,3,2,3,3,2,3,4,4,4.2,2.7,3,3.3,196,19,Woman,1.6,5,4,1,1,5,0,0,0,0,0,5,0,1,1
207,100,168,1,1,1,1,18,Woman,142.734,0,0,3,4,3,2,4,0,3,1,5,4,4,5,4,5,5,3,5,5,4,2,3,4,4,3,4,1,4,4,2,4.5,3.3,3.266666667,197,18,Woman,1.85,4,2,3,2.5,1,3,0,0,2,1,1,1,2,3
133,100,213,1,1,1,1,19,Man,180.18,4,3,5,5,5,2,5,2,2,5,0,0,0,0,0,0,0,0,0,0,5,5,5,5,5,5,5,3,5,5,3.8,0,4.8,2.866666667,198,18,Man,2.15,4,1,3,4.5,5,4,0,0,0,0,4,0,4,5
522,100,114,1,1,1,1,18,Woman,88.992,4,4,4,3,4,2,1,0,1,4,4,4,4,4,4,3,4,4,4,4,0,0,0,1,0,0,1,0,1,1,2.7,3.9,0.4,2.333333333,200,18,Woman,1.05,3,4,0,0.5,1,1,0,0,1,0,5,0,1,0
543,100,115,1,1,1,1,19,Man,90.164,0,1,2,5,3,3,2,0,2,1,5,5,5,5,5,5,5,5,5,5,5,2,5,5,5,5,5,5,5,5,1.9,5,4.7,3.866666667,203,18,Man,1.55,3,4,4,1.5,1,1,1,0,0,0,0,2,0,3
216,100,160,1,1,1,1,18,Woman,129.687,3,0,3,2,3,2,2,1,1,2,4,3,4,4,3,4,4,2,3,4,2,1,2,3,2,3,2,2,3,3,1.9,3.5,2.3,2.566666667,204,18,Woman,2.45,4,5,2,1.5,4,4,2,0,2,0,0,1,1,2
518,100,96,1,1,1,1,19,Woman,69.031,0,0,2,1,0,0,0,0,0,0,2,1,1,1,2,1,0,0,0,1,0,0,0,0,0,0,0,0,0,0,0.3,0.9,0,0.4,209,19,Woman,0.9,2,4,0,1,2,0,0,0,0,0,5,0,1,1
365,100,127,1,1,1,1,20,Man,90.197,1,2,4,4,4,4,4,1,4,4,4,4,5,4,4,4,4,2,4,4,4,4,3,4,3,4,4,5,5,4,3.2,3.9,4,3.7,213,20,Man,1.4,5,4,0,0,1,4,0,0,0,0,0,0,0,0
276,100,152,1,1,1,1,20,Woman,98.385,4,1,4,4,3,3,4,2,3,3,5,1,2,3,2,3,2,1,3,2,5,4,4,4,4,4,4,4,4,4,3.1,2.4,4.1,3.2,215,20,Woman,1.5,4,4,0,0,3,0,0,0,4,0,5,0,0,0
504,100,139,1,1,1,1,18,Woman,106.702,3,3,3,3,3,3,3,1,3,3,3,3,3,3,3,3,3,3,3,3,3,3,4,4,4,4,4,4,4,4,2.8,3,3.8,3.2,219,18,Woman,2.7,4,3,2,3,3,4,0,5,3,0,0,4,3,3
281,100,247,1,1,1,1,18,Woman,145.279,2,2,4,4,4,3,4,1,2,3,4,2,4,4,4,4,4,2,4,4,4,4,4,4,4,4,4,4,4,4,2.9,3.6,4,3.5,220,18,Woman,1,1,3,0,1,4,1,0,0,0,0,5,0,2,0
352,100,132,1,1,1,1,18,Woman,99.7,1,1,1,0,0,0,0,0,0,0,4,4,5,5,5,5,4,3,3,5,2,2,3,3,3,3,2,2,2,2,0.3,4.3,2.4,2.333333333,222,18,Woman,2.766227766,5,5,2,2.5,2,1,4,0,3,3.16227766,5,2,0,5
87,100,202,1,1,1,1,19,Man,169.346,1,1,4,0,5,4,3,0,1,2,5,4,5,4,4,5,5,1,3,5,5,4,5,5,3,5,5,4,5,5,2.1,4.1,4.6,3.6,224,18,Man,1.7,5,2,0,3,3,3,0,0,1,0,5,0,2,4
99,100,130,1,1,1,1,18,Woman,108.991,4,4,5,4,5,4,4,0,1,3,4,2,2,4,3,4,2,1,2,2,1,0,0,0,1,0,0,0,1,0,3.4,2.6,0.3,2.1,225,18,Woman,1.9,5,2,2,0,4,2,1,0,1,2,1,4,0,0
96,100,105,1,1,1,1,18,Woman,83.946,3,3,4,4,4,2,5,2,1,3,5,5,5,5,5,5,4,5,4,4,5,4,4,4,3,3,2,3,4,4,3.1,4.7,3.6,3.8,226,18,Woman,1.2,3,2,0,3,2,2,0,0,0,0,0,5,2,4
624,100,128,1,1,1,1,19,Woman,99.951,1,1,2,3,4,1,2,0,2,1,4,3,4,5,2,3,4,1,2,3,4,4,5,5,5,5,5,3,4,2,1.7,3.1,4.2,3,227,19,Woman,2.346410162,4,5,1,2,2,3,0,0,3,3.464101615,4,3,1,3
72,100,235,1,1,1,1,18,Woman,203.989,3,2,3,4,3,2,4,0,1,2,3,0,3,2,4,1,3,0,2,4,4,3,5,5,4,5,5,3,3,5,2.4,2.2,4.2,2.933333333,232,18,Woman,1,1,2,4,0,1,2,0,0,0,0,5,0,0,0
194,100,123,1,1,1,1,20,Man,98.196,2,1,1,1,1,1,2,0,3,0,4,3,4,4,3,4,5,1,5,5,5,5,5,5,5,5,5,2,5,5,1.2,3.8,4.7,3.233333333,233,20,Man,0.65,2,1,0,1.5,1,1,0,0,0,0,1,0,0,3
313,100,336,1,1,1,1,18,Woman,232.8,5,1,5,5,4,2,5,1,2,3,3,2,2,4,2,2,4,1,2,3,5,5,5,5,5,5,5,5,5,5,3.3,2.5,5,3.6,237,18,Woman,2.95,5,4,3,2.5,3,4,1,1,3,3,3,3,2,3
178,100,258,1,1,1,1,18,Woman,224.428,2,1,3,3,3,3,4,1,4,2,4,2,3,4,4,3,4,1,2,4,4,2,3,4,4,4,3,2,4,3,2.6,3.1,3.3,3,238,18,Woman,1.8,4,3,1,0,3,3,0,0,4,0,3,0,0,0
283,100,127,1,1,1,1,18,Woman,94.512,1,1,2,3,3,1,2,0,2,2,3,2,4,4,3,3,4,2,4,4,4,2,4,4,4,4,4,3,4,4,1.7,3.3,3.7,2.9,239,18,Woman,1.95,5,3,0,1.5,4,0,0,0,4,2,4,1,1,2
134,100,179,1,1,1,1,19,Man,146.862,4,4,3,3,4,3,4,2,3,3,5,4,4,5,5,5,5,3,4,4,5,5,5,5,5,5,5,3,5,4,3.3,4.4,4.7,4.133333333,240,19,Man,1.5,1,3,1,3,2,4,0,0,1,0,4,0,2,4
399,100,161,1,1,1,1,18,Woman,127.324,2,1,3,4,3,3,4,4,4,2,4,4,4,4,3,4,4,3,3,4,4,2,3,3,3,4,5,3,4,4,3,3.7,3.5,3.4,244,18,Woman,1.6,3,4,1,2,4,2,0,0,0,0,4,0,3,1
666,100,212,1,1,1,1,18,Man,151.084,0,1,0,0,0,1,0,2,0,1,5,4,5,5,4,5,4,3,3,5,4,3,5,4,5,5,4,5,5,3,0.5,4.3,4.3,3.033333333,245,18,Man,1.95,4,5,3,0.5,3,2,0,0,2,0,1,0,1,0
402,100,104,1,1,1,1,18,Woman,73.401,3,3,4,4,4,3,4,1,3,4,5,5,5,5,5,5,5,5,5,5,5,4,5,4,4,4,3,3,4,5,3.3,5,4.1,4.133333333,248,18,Woman,2.773205081,3,3,4,5,5,2,0,0,4,1.732050808,3,1,5,5
403,100,105,1,1,1,1,18,Other,86.655,1,0,0,1,1,1,0,0,0,0,3,2,3,4,2,3,4,0,3,3,2,0,1,2,2,3,3,0,1,1,0.4,2.7,1.5,1.533333333,254,18,Non-binary,1.8,3,2,4,1,2,2,2,0,2,0,0,5,1,1
151,100,138,1,1,1,1,19,Man,120.86,5,4,5,4,4,5,5,1,5,4,4,3,5,5,5,4,5,2,3,4,4,4,4,4,4,4,4,1,4,2,4.2,4,3.5,3.9,255,19,Man,2.65,5,4,3,1.5,5,5,0,0,3,0,5,0,1,2
388,100,138,1,1,1,1,18,Woman,102.8,1,1,3,3,3,3,1,1,3,3,4,3,4,4,4,4,3,1,3,4,2,2,2,1,2,2,2,0,3,2,2.2,3.4,1.8,2.466666667,256,18,Woman,1.8,5,4,0,0,1,3,0,0,3,2,2,2,0,0
600,100,165,1,1,1,1,18,Woman,145.457,3,2,3,3,2,2,4,0,3,1,3,3,4,3,2,3,4,1,3,2,3,2,3,3,3,4,3,1,3,3,2.3,2.8,2.8,2.633333333,260,18,Woman,1.944948974,4,4,1,0,4,2,0,0,2,2.449489743,3,2,0,0
640,100,126,1,1,1,1,19,Woman,91.154,0,0,3,4,4,4,3,2,3,4,2,3,3,4,4,3,3,1,3,4,3,1,2,4,5,4,4,2,3,3,2.7,3,3.1,2.933333333,261,18,Woman,2.1,3,2,4,4,1,0,3,3,1,0,0,0,3,5
558,100,198,1,1,1,1,20,Woman,148.002,3,4,5,5,5,5,5,2,5,5,5,5,5,5,5,5,5,3,5,5,5,3,5,5,5,5,5,5,5,5,4.4,4.8,4.8,4.666666667,262,20,Woman,2.15,4,2,0,2.5,3,5,5,0,0,0,5,0,3,2
568,100,443,1,1,1,1,18,Woman,324.264,2,2,4,4,4,4,4,2,4,2,4,3,4,4,3,4,4,2,3,4,3,3,4,4,3,3,4,4,4,3,3.2,3.5,3.5,3.4,263,18,Woman,1.723606798,3,4,1,2,3,1,0,0,1,2.236067977,5,1,1,3
433,100,126,1,1,1,1,19,Woman,102.669,1,1,1,1,3,2,5,0,1,3,4,2,4,4,4,4,4,0,2,3,2,1,1,4,1,2,1,1,1,3,1.8,3.1,1.7,2.2,265,19,Woman,2.266227766,4,5,1,1.5,3,3,0,0,2,3.16227766,5,2,2,1
627,100,147,1,1,1,1,18,Woman,101.331,3,1,2,3,3,2,2,1,3,2,4,4,3,4,3,3,4,2,3,3,2,2,1,1,2,1,1,0,2,1,2.2,3.3,1.3,2.266666667,266,18,Woman,1.7,3,5,2,0,4,3,0,0,0,0,5,0,0,0
102,100,114,1,1,1,1,20,Woman,94.283,1,1,3,3,3,3,4,2,2,1,4,4,4,4,3,4,4,4,3,4,5,5,5,5,5,5,5,5,5,5,2.3,3.8,5,3.7,267,20,Woman,0.1,0,0,1,0,0,0,0,0,0,0,5,0,0,0
240,100,160,1,1,1,1,18,Woman,131.474,2,0,2,3,2,2,2,1,2,3,3,2,2,3,2,3,3,2,2,4,4,3,3,3,3,3,4,2,3,4,1.9,2.6,3.2,2.566666667,268,18,Woman,0.7,1,2,0,0,2,1,0,0,0,1,1,1,0,0
121,100,281,1,1,1,1,18,Woman,205.805,4,2,3,3,2,4,4,1,2,3,4,2,3,3,3,5,4,2,3,3,3,2,4,5,2,3,4,1,3,2,2.8,3.2,2.9,2.966666667,271,18,Woman,1.65,4,4,0,3.5,3,2,0,0,0,0,0,0,2,5
488,100,121,1,1,1,1,18,Woman,84.691,2,1,3,3,3,3,3,0,2,2,2,2,3,3,2,2,3,2,3,2,3,2,3,3,2,3,3,1,2,2,2.2,2.4,2.4,2.333333333,272,18,Woman,2.287298335,5,2,0,2,4,3,0,0,3,3.872983346,5,3,1,3
373,100,48,1,1,1,1,21,Man,31.396,4,4,4,3,5,4,3,4,4,4,4,5,5,5,4,5,4,5,4,2,4,4,4,5,3,5,4,5,4,4,3.9,4.3,4.2,4.133333333,273,20,Man,1.75,4,0,3,1.5,1,3,5,0,0,0,0,3,0,3
670,100,119,1,1,1,1,18,Woman,90.149,1,1,1,3,3,2,2,0,3,2,3,2,3,3,2,3,2,0,3,1,3,2,2,2,2,2,2,0,2,2,1.8,2.2,1.9,1.966666667,274,18,Woman,2.15,4,4,1,1.5,3,3,0,0,3,2,2,2,2,1
651,100,187,1,1,1,1,18,Woman,146.557,5,0,5,5,5,4,5,1,5,3,5,5,5,5,5,5,5,0,5,5,5,5,5,5,4,5,5,3,5,5,3.8,4.5,4.7,4.333333333,275,18,Woman,1.9,2,3,0,2,4,5,0,0,3,0,0,4,1,3
82,100,192,1,1,1,1,18,Woman,154.116,5,1,2,2,2,3,4,1,3,2,4,3,4,4,4,4,4,1,4,2,4,3,3,3,4,4,4,1,4,1,2.5,3.4,3.1,3,276,18,Woman,1.791421356,3,2,2,3.5,2,2,1,0,1,1.414213562,2,1,4,3
590,100,279,1,1,1,1,18,Man,235.368,3,0,2,3,2,2,2,1,1,1,1,3,0,2,2,2,2,0,1,2,3,2,3,4,4,3,2,0,1,4,1.7,1.5,2.6,1.933333333,279,18,Man,0.6,0,0,0,1,1,1,0,0,3,0,5,0,0,2
454,100,265,1,1,1,1,20,Woman,151.144,5,1,5,5,5,5,5,2,3,4,3,3,2,5,5,3,3,5,4,4,5,5,5,5,5,5,5,5,5,5,4,3.7,5,4.233333333,280,19,Woman,1.632842713,1,3,0,0.5,5,4,0,0,0,2.828427125,4,2,1,0
478,100,124,1,1,1,1,19,Woman,83.057,2,2,3,4,4,3,3,1,3,2,4,4,4,5,3,4,5,5,5,5,5,5,5,5,5,5,5,5,5,5,2.7,4.4,5,4.033333333,285,19,Woman,2.65,4,4,3,2.5,3,3,3,2,2,0,0,5,3,2
622,100,139,1,1,1,1,19,Woman,98.076,0,0,0,0,0,0,1,0,0,0,2,1,3,3,3,3,3,1,3,4,1,0,0,2,2,2,2,1,2,1,0.1,2.6,1.3,1.333333333,287,19,Woman,0.4,1,1,0,0,1,0,0,0,1,0,5,0,0,0
175,100,122,1,1,1,1,18,Woman,100.023,4,1,4,5,1,1,2,0,3,4,3,0,1,2,0,1,2,0,1,3,4,1,0,3,0,3,0,0,1,2,2.5,1.3,1.4,1.733333333,288,18,Woman,1.4,4,5,1,0,2,1,1,0,0,0,0,5,0,0
247,100,119,1,1,1,1,18,Woman,98.834,1,1,1,1,2,2,2,0,0,0,3,0,3,3,3,3,1,0,0,3,3,3,3,3,3,3,3,3,3,3,1,1.9,3,1.966666667,291,18,Woman,1.891421356,3,2,0,2.5,5,4,0,0,1,1.414213562,1,2,4,1
596,100,211,1,1,1,1,18,Woman,186.169,4,4,3,4,4,4,4,5,3,4,2,3,2,1,1,2,2,1,2,1,5,5,5,5,5,5,5,5,5,5,3.9,1.7,5,3.533333333,292,18,Woman,2.3,5,4,3,1,5,4,0,0,1,0,5,0,1,1
456,100,113,1,1,1,1,19,Other,95.547,4,0,3,4,4,2,4,4,4,4,5,5,5,5,2,5,5,5,5,2,3,4,5,5,5,5,5,2,5,4,3.3,4.4,4.3,4,295,19,Non-binary,1.45,4,5,0,2.5,1,2,0,0,0,0,5,0,1,4
650,100,109,1,1,1,1,18,Woman,89.4,4,3,4,5,5,5,5,1,4,4,3,1,3,3,1,2,2,2,2,3,1,0,2,1,2,1,1,1,1,2,4,2.2,1.2,2.466666667,297,18,Woman,1.1,4,3,0,0,3,0,0,0,1,0,0,0,0,0
466,100,123,1,1,1,1,19,Man,99.59,5,5,5,5,5,5,5,0,5,5,5,5,5,5,5,5,5,2,5,5,3,1,1,0,0,0,0,0,0,0,4.5,4.7,0.5,3.233333333,298,19,Man,1.05,3,1,0,1.5,1,3,1,0,0,0,0,5,2,1
416,100,170,1,1,1,1,18,Woman,151.701,4,5,2,5,4,3,4,4,4,5,3,1,4,4,2,3,4,5,3,1,5,3,4,5,4,4,3,5,2,3,4,3,3.8,3.6,301,18,Woman,1.75,5,4,1,1.5,3,2,0,0,1,0,0,0,1,2
449,100,104,1,1,1,1,18,Man,63.829,5,5,5,5,5,5,5,3,5,5,5,5,5,5,5,5,5,5,5,5,5,5,5,5,5,5,5,5,5,5,4.8,5,5,4.933333333,302,18,Man,0.673205081,1,1,2,0,0,0,0,0,1,1.732050808,3,1,0,0
241,100,172,1,1,1,1,18,Woman,144.008,2,0,2,0,4,2,1,0,0,1,5,5,5,5,5,5,5,3,5,5,4,4,5,5,5,5,5,2,5,5,1.2,4.8,4.5,3.5,303,18,Woman,1.65,5,2,0,0.5,5,3,0,0,1,0,5,0,0,1
81,100,128,1,1,1,1,18,Woman,93.439,2,2,3,2,3,2,2,1,1,3,4,4,4,4,5,5,4,2,1,4,4,3,4,4,4,3,4,1,3,3,2.1,3.7,3.3,3.033333333,307,18,Woman,2.45,4,5,3,1.5,4,3,0,0,4,0,5,0,2,1
536,100,136,1,1,1,1,18,Woman,116.601,3,0,3,3,3,3,3,3,4,3,2,2,3,3,2,3,3,2,3,3,4,3,4,4,4,4,4,3,4,4,2.8,2.6,3.8,3.066666667,310,18,Woman,2.3,4,4,3,2,4,3,0,0,3,0,0,3,1,3
395,100,146,1,1,1,1,18,Woman,124.362,3,2,3,2,1,2,2,3,1,2,1,1,1,1,0,0,1,0,2,1,1,0,0,0,0,0,0,0,0,0,2.1,0.8,0.1,1,311,18,Woman,2.45,4,2,4,3.5,4,5,0,0,2,0,0,0,4,3
587,100,268,1,1,1,1,18,Man,102.513,5,0,2,1,0,0,0,0,3,1,4,4,5,5,5,4,5,3,5,4,5,5,5,5,5,5,5,5,5,5,1.2,4.4,5,3.533333333,312,18,Man,2.05,4,3,3,1.5,3,0,0,0,4,2,2,2,1,2
100,100,150,1,1,1,1,19,Man,94.451,4,0,4,4,3,2,2,1,0,4,5,5,5,5,4,4,5,3,3,5,5,5,5,5,5,5,4,4,4,4,2.4,4.4,4.6,3.8,313,19,Man,2.2,5,3,1,4,5,4,0,0,0,0,0,2,3,5
337,100,1601,1,1,1,1,18,Woman,1191.148,1,1,2,5,2,0,2,0,3,2,3,2,0,3,3,1,3,1,2,2,2,2,3,3,2,2,2,0,0,1,1.8,2,1.7,1.833333333,317,18,Woman,2.7,5,3,1,3,5,3,0,5,2,0,0,5,2,4
98,100,333,1,1,1,1,20,Woman,313.941,1,0,1,0,3,1,0,1,0,1,3,3,4,4,5,2,2,4,4,4,5,4,4,4,3,5,5,5,5,4,0.8,3.5,4.4,2.9,318,20,Woman,2.337298335,0,4,3,4.5,4,3,0,0,1,3.872983346,3,5,5,4
541,100,263,1,1,1,1,48,Woman,198.473,4,2,4,3,4,4,4,3,3,4,4,2,3,2,1,1,1,0,1,1,5,4,4,5,5,5,4,3,4,3,3.5,1.6,4.2,3.1,321,48,Woman,2,4,3,3,2,2,2,0,0,1,3,3,3,1,3
482,100,309,1,1,1,1,38,Woman,257.178,4,1,1,2,4,2,3,0,0,1,2,1,3,2,1,2,1,0,0,2,3,4,1,5,5,4,3,0,4,3,1.8,1.4,3.2,2.133333333,322,38,Woman,0.9,2,0,0,5,1,0,0,0,1,0,0,3,5,5
598,100,222,1,1,1,1,18,Woman,160.068,3,2,1,1,4,3,2,0,4,3,4,1,2,2,2,2,3,0,2,3,4,4,4,4,4,4,4,0,4,4,2.3,2.1,3.6,2.666666667,323,18,Woman,1.8,4,3,0,0,4,2,0,0,5,0,0,3,0,0
296,100,106,1,1,1,1,19,Woman,83.654,2,0,2,2,1,0,2,0,0,2,3,2,4,3,1,2,4,2,5,4,1,1,1,1,2,3,2,0,2,1,1.1,3,1.4,1.833333333,325,19,Woman,2.794948974,5,5,1,1.5,5,3,0,3,2,2.449489743,2,3,1,2
287,100,104,1,1,1,1,18,Woman,83.756,4,3,3,4,4,4,4,1,4,3,3,2,3,4,4,4,2,4,4,4,3,3,2,3,3,3,2,3,3,3,3.4,3.4,2.8,3.2,326,18,Woman,2.25,5,3,4,2.5,3,0,0,0,3,2,4,1,2,3
282,100,144,1,1,1,1,19,Woman,111.331,3,1,3,5,5,4,3,0,3,2,4,1,4,5,3,4,5,2,5,5,3,0,3,3,0,2,2,0,2,5,2.9,3.8,2,2.9,327,19,Woman,1.7,5,4,0,0,5,3,0,0,0,0,5,0,0,0
458,100,120,1,1,1,1,19,Woman,96.62,0,0,5,5,3,3,3,3,2,3,3,2,3,2,2,2,2,2,2,2,5,5,5,5,5,5,5,5,5,5,2.7,2.2,5,3.3,328,19,Woman,1.3,4,2,0,2,3,2,0,0,0,0,5,0,3,1
562,100,281,1,1,1,1,18,Woman,252.594,2,2,3,4,4,3,4,2,2,3,3,2,3,4,2,3,4,1,3,3,3,2,3,2,2,2,2,3,2,3,2.9,2.8,2.4,2.7,330,18,Woman,1.65,3,3,1,1.5,3,4,0,0,1,0,0,0,2,1
95,100,146,1,1,1,1,20,Woman,114.973,1,1,3,3,1,1,2,0,3,2,4,4,4,4,4,4,4,4,4,4,1,1,1,1,1,1,1,1,1,1,1.7,4,1,2.233333333,332,20,Woman,1.8,4,3,2,2,3,3,1,0,0,0,0,4,1,3
564,100,224,1,1,1,1,18,Woman,172.167,3,1,4,4,4,2,4,1,4,3,3,1,3,3,1,2,3,0,3,1,4,1,2,5,3,4,5,1,5,3,3,2,3.3,2.766666667,333,18,Woman,2.2,5,5,1,2,4,5,0,0,0,0,5,0,2,2
553,100,161,1,1,1,1,18,Woman,123.594,4,2,5,5,3,2,5,2,1,2,5,5,5,5,5,5,5,5,5,5,5,5,5,5,5,5,5,5,5,5,3.1,5,5,4.366666667,335,18,Woman,1.3,5,5,0,0,1,2,0,0,0,0,0,1,0,0
234,100,182,1,1,1,1,19,Woman,127.669,5,5,5,5,5,3,5,4,5,5,2,2,2,2,4,3,2,1,2,2,4,4,5,5,5,5,4,3,5,5,4.7,2.2,4.5,3.8,337,19,Woman,1.85,5,3,1,1.5,4,2,0,0,2,0,0,5,1,2
75,100,235,1,1,1,1,18,Woman,173.914,2,2,4,4,5,5,5,0,2,4,4,3,4,5,5,4,4,5,3,4,3,1,4,1,5,5,4,2,3,3,3.3,4.1,3.1,3.5,338,18,Woman,1.8,5,4,0,2,3,4,0,0,0,0,0,2,3,1
414,100,202,1,1,1,1,20,Woman,154.045,2,2,3,3,1,0,1,0,3,3,2,4,4,3,2,2,4,1,2,3,4,3,4,5,4,4,4,4,4,4,1.8,2.7,4,2.833333333,339,20,Woman,1.3,3,4,0,0,3,2,0,0,1,0,2,0,0,0
285,100,285,1,1,1,1,18,Woman,227.679,2,1,4,2,3,2,3,0,4,4,4,4,3,4,4,4,4,1,3,3,4,4,4,4,4,4,4,2,4,3,2.5,3.4,3.7,3.2,343,18,Woman,0.95,3,2,0,0.5,1,3,0,0,0,0,0,5,1,0
347,100,155,1,1,1,1,19,Man,120.769,2,1,4,2,4,2,4,0,3,4,2,1,3,2,3,4,2,0,2,4,5,3,5,5,3,5,5,4,5,5,2.6,2.3,4.5,3.133333333,345,19,Man,1.7,2,3,0,0,4,5,0,0,3,0,5,0,0,0
566,100,201,1,1,1,1,31,Man,173.449,5,5,5,5,5,5,5,5,5,5,5,5,5,5,5,5,5,5,5,5,5,5,5,5,5,5,5,5,5,5,5,5,5,5,346,31,Man,2.091421356,2,4,1,3.5,3,3,0,3,0,1.414213562,2,1,4,3
614,100,171,1,1,1,1,18,Woman,152.727,3,1,2,4,4,4,2,0,2,3,2,2,3,4,2,2,1,3,2,1,1,1,1,4,2,2,4,0,2,1,2.5,2.2,1.8,2.166666667,347,18,Woman,1.944948974,4,4,2,0,5,0,0,0,2,2.449489743,3,2,0,0
168,100,172,1,1,1,1,18,Woman,128.28,2,0,5,5,4,3,5,2,4,5,4,3,3,3,3,3,4,2,3,3,4,3,4,4,4,4,5,3,5,5,3.5,3.1,4.1,3.566666667,349,18,Woman,1.5,4,2,0,0,3,4,0,0,2,0,0,5,0,0
80,100,176,1,1,1,1,18,Man,109.567,4,4,5,3,5,5,4,1,3,3,5,5,5,5,5,5,5,1,5,5,5,5,5,5,5,5,5,1,5,5,3.7,4.6,4.6,4.3,350,18,Man,2.3,4,4,1,1,2,3,0,0,3,5,5,5,0,2
472,100,52,1,1,1,1,20,Woman,32.537,5,4,4,3,3,3,2,4,2,2,3,3,3,3,3,3,3,3,3,3,2,3,3,2,3,4,4,4,4,4,3.2,3,3.3,3.166666667,352,20,Woman,1.2,4,1,4,1,0,2,0,0,0,0,0,4,2,0
326,100,301,1,1,1,1,18,Woman,272.904,1,1,1,4,3,2,3,3,3,3,2,1,1,4,2,4,4,3,3,3,4,2,3,3,2,3,4,4,2,3,2.4,2.7,3,2.7,355,18,Woman,1.05,2,1,0,0.5,2,0,0,5,0,0,0,5,1,0
359,100,76,1,1,1,1,19,Woman,58.449,3,3,3,3,3,3,4,1,3,2,2,2,2,2,2,2,2,1,2,3,3,3,3,3,3,3,4,0,2,4,2.8,2,2.8,2.533333333,357,19,Woman,2.35,4,4,3,3.5,4,3,0,0,2,0,4,0,5,2
439,100,110,1,1,1,1,20,Man,80.697,0,0,0,0,5,0,0,0,0,0,2,0,1,1,3,1,1,2,1,2,3,3,3,3,1,2,3,1,3,2,0.5,1.4,2.4,1.433333333,360,19,Man,0.4,2,0,0,1,1,0,0,0,0,0,0,0,1,1
152,100,133,1,1,1,1,19,Woman,105.241,0,0,0,0,0,0,1,0,0,0,2,2,2,2,2,2,2,0,0,2,2,2,2,4,4,4,4,1,2,4,0.1,1.6,2.9,1.533333333,361,19,Woman,2.2,4,3,3,2,5,4,0,0,1,0,5,0,0,4
508,100,275,1,1,1,1,19,Woman,159.156,4,3,5,4,5,4,4,2,3,5,3,3,3,3,3,3,3,4,3,3,5,5,5,5,5,5,5,5,5,5,3.9,3.1,5,4,363,19,Woman,1.582842713,2,2,0,3,3,1,0,0,2,2.828427125,4,2,4,2
425,100,115,1,1,1,1,20,Woman,90.05,5,5,5,5,5,5,3,3,5,5,3,3,3,5,5,5,5,3,4,5,5,5,5,5,5,5,5,5,5,5,4.6,4.1,5,4.566666667,364,20,Woman,2.6,5,5,0,3,5,4,0,0,1,3,3,3,2,4
484,100,160,1,1,1,1,20,Man,126.797,0,0,0,0,0,0,0,0,0,0,0,0,1,0,0,0,0,0,0,2,0,0,0,1,0,0,0,0,0,0,0,0.3,0.1,0.133333333,367,20,Man,1.1,3,2,0,2,1,2,0,0,0,1,1,1,3,1
621,100,224,1,1,1,1,22,Woman,182.066,5,4,4,4,5,4,5,3,5,5,4,4,4,4,4,4,4,2,3,4,4,4,3,4,3,4,4,2,3,3,4.4,3.7,3.4,3.833333333,369,22,Woman,2.466227766,5,4,1,0.5,4,3,0,0,4,3.16227766,5,2,0,1
251,100,186,1,1,1,1,19,Woman,141.853,4,1,4,3,3,3,4,1,3,2,3,2,2,2,1,3,3,1,2,2,3,3,4,4,4,5,4,1,4,4,2.8,2.1,3.6,2.833333333,370,19,Woman,1.2,3,3,1,0,3,1,1,0,0,0,0,0,0,0
507,100,134,1,1,1,1,23,Man,115.149,3,2,3,4,5,5,2,0,2,3,4,5,5,5,5,5,4,1,4,5,5,4,5,5,3,4,5,1,4,3,2.9,4.3,3.9,3.7,371,23,Man,2,4,4,2,1,5,3,0,0,1,0,5,0,0,2
112,100,148,1,1,1,1,19,Woman,118.172,3,3,3,3,4,3,3,4,3,3,4,4,4,5,5,4,4,5,5,4,2,2,3,2,3,2,2,1,2,3,3.2,4.4,2.2,3.266666667,372,19,Woman,1.95,2,4,1,2.5,5,3,1,0,1,0,5,0,2,3
327,100,183,1,1,1,1,18,Woman,137.19,3,1,2,2,4,1,0,0,1,0,4,3,3,3,4,5,3,1,3,2,4,3,4,5,5,5,4,2,4,1,1.4,3.1,3.7,2.733333333,374,18,Woman,1.95,5,3,0,1.5,4,3,0,0,3,0,0,3,0,3
144,100,157,1,1,1,1,19,Man,118.212,1,3,2,2,3,3,4,1,3,1,4,3,3,4,4,4,3,4,3,4,4,4,4,3,3,4,4,2,2,3,2.3,3.6,3.3,3.066666667,377,19,Man,1.75,4,1,2,3.5,2,5,0,0,0,0,0,5,3,4
489,100,188,1,1,1,1,19,Woman,113.247,2,1,3,4,4,3,3,2,3,1,2,1,2,1,1,2,1,3,2,2,3,2,2,4,4,3,4,3,4,3,2.6,1.7,3.2,2.5,378,19,Non-binary,2.1,4,5,1,0,4,3,0,0,4,0,5,0,0,0
111,100,112,1,1,1,1,18,Other,87.883,0,0,0,2,4,0,0,0,0,4,5,5,5,5,3,2,4,5,1,4,0,0,0,0,0,0,0,0,0,0,1,3.9,0,1.633333333,379,18,Non-binary,1.223606798,0,5,0,0,1,2,0,0,2,2.236067977,5,1,0,0
221,100,81,1,1,1,1,18,Woman,64.888,4,3,5,5,4,4,5,3,3,4,3,3,3,4,3,3,3,2,3,3,5,4,5,5,5,4,4,4,4,5,4,3,4.5,3.833333333,385,18,Woman,3.273606798,5,4,2,3.5,4,5,2,1,4,2.236067977,5,1,4,3
554,100,66,1,1,1,1,19,Man,42.864,2,2,1,2,3,2,3,2,3,3,3,2,3,2,3,2,3,4,2,3,2,3,2,3,3,4,2,2,3,3,2.3,2.7,2.7,2.566666667,386,19,Man,0.6,0,0,0,0,3,1,0,0,2,0,0,0,0,0
597,100,218,1,1,1,1,18,Woman,186.559,5,5,5,5,5,4,5,3,4,4,3,1,4,5,4,3,4,1,1,2,4,4,4,5,5,5,4,2,3,2,4.5,2.8,3.8,3.7,388,18,Woman,2.096410162,3,5,2,2.5,5,0,0,0,0,3.464101615,3,4,3,2
460,100,140,1,1,1,1,18,Other,105.371,0,0,4,0,4,1,1,0,0,3,2,1,4,4,4,4,4,3,3,4,4,3,4,4,4,4,4,3,3,4,1.3,3.3,3.7,2.766666667,390,18,Non-binary,1.45,3,4,1,0.5,2,1,0,0,3,0,5,0,0,1
540,100,123,1,1,1,1,19,Woman,102.982,3,1,4,3,5,4,4,0,3,1,5,5,5,5,3,5,5,3,5,5,3,1,1,1,1,1,1,1,1,1,2.8,4.6,1.2,2.866666667,391,19,Woman,0.2,2,0,0,0,0,0,0,0,0,0,0,0,0,0
246,100,126,1,1,1,1,18,Woman,75.828,5,5,5,5,5,5,5,5,5,5,4,3,4,4,2,5,5,2,4,4,5,5,5,5,5,5,5,5,5,5,5,3.7,5,4.566666667,392,18,Woman,1.8,5,4,0,0,4,4,0,0,1,0,0,0,0,0
253,100,193,1,1,1,1,18,Woman,138.41,2,2,2,4,2,1,3,1,2,3,4,4,3,4,1,3,4,2,3,5,1,2,1,2,3,2,2,2,1,1,2.2,3.3,1.7,2.4,395,18,Woman,2.5,4,3,2,2,5,2,0,0,3,4,4,4,1,3
533,100,114,1,1,1,1,18,Woman,85.003,2,1,1,1,1,1,2,1,1,1,4,3,4,4,4,4,4,3,4,4,5,5,5,5,5,5,5,5,5,5,1.2,3.8,5,3.333333333,396,18,Woman,2.191421356,3,5,1,3.5,3,1,0,1,3,1.414213562,2,1,3,4
213,100,359,1,1,1,1,18,Woman,291.067,1,0,0,0,2,0,0,0,0,1,3,4,4,4,2,4,5,0,2,5,4,1,5,5,1,3,1,2,1,4,0.4,3.3,2.7,2.133333333,397,18,Woman,1.4,3,1,1,4,3,2,0,0,0,0,4,0,3,5
147,100,174,1,1,1,1,18,Woman,132.767,0,0,3,5,0,0,2,0,4,4,0,5,5,5,0,5,5,3,5,5,3,5,4,5,0,3,3,5,3,5,1.8,3.8,3.6,3.066666667,398,18,Woman,2.05,4,4,1,0.5,5,3,0,0,3,0,5,0,0,1
104,100,283,1,1,1,1,18,Woman,181.537,5,4,5,5,4,4,5,3,5,5,4,3,4,5,3,4,4,2,5,3,4,3,4,5,4,4,4,3,5,4,4.5,3.7,4,4.066666667,403,18,Woman,2.15,3,1,4,2.5,0,2,4,5,0,0,0,4,3,2
480,100,200,1,1,1,1,18,Woman,171.558,4,3,4,4,4,4,4,4,3,4,0,1,1,0,0,1,1,0,1,0,5,5,5,4,5,5,5,5,5,5,3.8,0.5,4.9,3.066666667,407,18,Woman,1.25,1,2,0,2.5,3,2,0,0,2,0,0,0,3,2
204,100,124,1,1,1,1,20,Woman,93.906,4,3,3,4,3,4,4,2,4,4,3,3,2,3,2,3,3,1,2,2,4,2,3,4,4,4,4,3,4,4,3.5,2.4,3.6,3.166666667,408,19,Woman,2.15,5,5,0,3.5,4,2,1,0,1,0,0,4,3,4
126,100,164,1,1,1,1,18,Woman,130.911,3,1,3,3,3,2,2,2,2,1,3,2,3,4,3,3,4,3,4,3,3,2,3,3,3,2,3,2,3,2,2.2,3.2,2.6,2.666666667,409,18,Woman,2.294948974,3,4,3,1.5,3,3,1,0,2,2.449489743,3,2,1,2
582,100,130,1,1,1,1,18,Woman,97.333,4,4,4,4,4,4,4,5,5,5,2,1,5,2,2,5,3,5,0,0,5,5,5,5,5,5,5,5,5,5,4.3,2.5,5,3.933333333,412,18,Woman,2.85,4,3,5,2.5,4,5,0,0,5,0,0,0,3,2
534,100,135,1,1,1,1,18,Man,103.761,5,3,4,4,4,4,3,1,2,4,4,3,4,3,4,4,2,2,3,5,5,5,5,5,5,5,5,5,5,5,3.4,3.4,5,3.933333333,413,18,Man,1.6,4,1,2,0,4,2,0,0,3,0,0,0,0,0
339,100,74,1,1,1,1,20,Woman,47.457,4,4,4,4,3,3,3,2,4,4,3,3,3,2,2,4,4,4,3,4,5,5,5,5,4,5,4,4,4,4,3.5,3.2,4.5,3.733333333,414,20,Woman,1.85,5,2,0,3.5,4,3,0,0,1,0,5,0,3,4
338,100,247,1,1,1,1,20,Woman,213.408,3,3,4,4,4,4,4,2,4,4,3,4,3,3,3,3,4,4,3,3,5,5,5,4,4,4,5,5,5,5,3.6,3.3,4.7,3.866666667,414,20,Woman,1.85,5,2,0,3.5,4,3,0,0,1,0,5,0,3,4
242,100,168,1,1,1,1,19,Woman,113.7,2,0,4,4,4,4,3,0,2,4,1,3,3,2,1,2,1,0,1,2,3,3,3,4,2,2,4,1,2,3,2.7,1.6,2.7,2.333333333,416,19,Woman,1.641421356,4,5,1,0,3,2,0,0,0,1.414213562,2,1,0,0
656,100,188,1,1,1,1,18,Woman,130.767,1,1,3,3,2,1,3,0,1,1,1,2,2,4,3,3,2,0,3,2,3,1,3,3,2,3,3,0,3,1,1.6,2.2,2.2,2,419,18,Woman,2,4,5,1,0,4,3,2,0,1,0,4,0,0,0
170,100,88,1,1,1,1,18,Woman,64.267,3,1,1,1,1,1,2,0,3,2,4,4,4,4,4,4,4,3,4,4,4,4,4,4,4,4,4,4,4,4,1.5,3.9,4,3.133333333,420,18,Woman,1.3,3,4,0,0,1,5,0,0,0,0,0,5,0,0
470,100,98,1,1,1,1,18,Other,75.487,5,4,5,5,5,5,5,3,5,5,5,5,5,5,5,5,5,5,5,5,4,3,4,4,4,4,3,3,3,3,4.7,5,3.5,4.4,426,18,Other/prefer not to say,2.3,5,0,5,4,5,4,0,0,0,0,5,0,4,4
125,100,186,1,1,1,1,20,Man,136.973,2,0,0,0,3,1,1,0,1,0,4,3,4,5,4,4,5,2,4,4,5,5,5,5,5,5,5,4,5,5,0.8,3.9,4.9,3.2,428,20,Man,2,4,4,3,1,3,2,0,3,0,0,2,0,1,1
128,100,166,1,1,1,1,19,Woman,138.503,3,3,4,4,4,4,2,2,4,5,3,2,2,3,1,4,1,2,1,3,4,3,4,5,5,5,5,5,3,4,3.5,2.2,4.3,3.333333333,431,19,Woman,1.6,3,5,1,1,4,1,0,0,1,0,4,0,2,0
129,100,106,1,1,1,1,19,Woman,81.538,2,3,2,4,4,3,4,2,4,5,3,2,3,3,2,4,3,1,3,4,4,3,4,4,3,5,3,5,4,4,3.3,2.8,3.9,3.333333333,431,19,Woman,1.6,3,5,1,1,4,1,0,0,1,0,4,0,2,0
244,100,96,1,1,1,1,18,Woman,80.728,3,3,3,2,5,3,4,0,3,2,4,3,4,3,3,3,4,3,3,2,4,4,4,5,4,4,4,4,4,4,2.8,3.2,4.1,3.366666667,432,18,Woman,2.15,3,4,2,4.5,3,3,0,0,2,0,5,0,5,4
368,100,292,1,1,1,1,19,Man,257.955,0,1,2,2,3,3,1,0,2,1,2,4,3,3,2,3,2,1,1,3,5,5,5,5,5,5,5,2,5,3,1.5,2.4,4.5,2.8,435,19,Man,1.4,4,3,0,1,3,2,0,0,1,0,2,0,1,1
578,100,250,1,1,1,1,20,Woman,231.37,3,3,3,2,2,3,2,1,1,1,2,2,2,2,2,2,2,3,1,3,5,4,5,5,5,5,5,5,5,5,2.1,2.1,4.9,3.033333333,438,20,Woman,1.75,5,4,0,1.5,3,2,0,0,2,0,0,5,1,2
361,100,404,1,1,1,1,20,Woman,218.923,3,3,3,3,3,3,3,3,3,3,4,2,3,2,1,1,1,1,1,0,1,1,1,1,1,1,1,1,1,1,3,1.6,1,1.866666667,441,20,Woman,1.8,3,3,4,0,3,3,0,0,2,0,0,1,0,0
438,100,187,1,1,1,1,19,Man,110.567,4,3,4,4,4,4,4,1,3,3,4,3,4,3,3,4,4,1,3,3,5,4,5,5,5,5,4,5,5,4,3.4,3.2,4.7,3.766666667,443,19,Man,2.45,5,5,3,1.5,4,5,0,0,1,0,1,0,1,2
616,100,98,1,1,1,1,20,Woman,81.103,2,1,2,3,3,3,2,0,1,2,2,4,4,4,4,4,4,1,3,1,2,2,3,2,2,3,4,1,4,2,1.9,3.1,2.5,2.5,445,19,Woman,2.045,3,4,0,1,4,3,0,0,3,2.45,2,3,1,1
236,100,283,1,1,1,1,19,Woman,94.782,1,1,1,1,1,1,1,0,0,4,1,1,4,4,3,3,1,0,3,2,3,4,4,4,5,4,3,1,3,4,1.1,2.2,3.5,2.266666667,448,18,Woman,0,0,0,0,0,0,0,0,0,0,0,0,0,0,0
57,100,151,1,1,1,1,18,Man,118.606,1,0,2,1,2,1,1,0,0,0,3,1,2,2,3,2,2,3,1,2,4,4,5,4,3,4,4,3,4,4,0.8,2.1,3.9,2.266666667,453,18,Man,1.25,3,2,1,0.5,2,3,0,0,0,1,1,1,0,1
146,100,121,1,1,1,1,19,Woman,92.093,4,2,2,3,3,2,3,1,3,2,3,1,3,4,3,4,3,4,3,4,4,3,3,4,4,4,4,3,4,3,2.5,3.2,3.6,3.1,454,18,Woman,2.25,5,4,2,2.5,5,3,0,0,1,0,0,5,2,3
138,100,104,1,1,1,1,19,Woman,86.448,5,3,4,4,5,4,4,3,4,3,4,2,2,5,5,4,3,2,3,1,3,2,3,4,3,3,4,4,4,3,3.9,3.1,3.3,3.433333333,457,18,Woman,2.046,5,3,1,0,4,3,0,0,1,3.46,4,3,0,0
63,100,183,1,1,1,1,18,Woman,73.629,1,1,1,3,3,3,4,1,2,3,3,3,3,3,3,3,3,3,3,2,4,4,4,4,4,4,4,4,4,4,2.2,2.9,4,3.033333333,458,18,Woman,3.024,5,2,5,4,4,4,0,0,4,2.24,5,1,3,5
490,100,238,1,1,1,1,19,Woman,159.475,1,1,1,1,3,1,3,0,1,1,1,1,1,1,1,1,1,1,1,1,2,1,2,2,1,1,1,1,1,1,1.3,1,1.3,1.2,461,18,Woman,1.65,3,2,3,1.5,3,4,0,0,0,0,0,0,1,2
4,100,148,1,1,1,1,21,Woman,108.997,2,2,4,2,5,4,4,1,4,3,4,4,5,4,4,5,4,2,4,4,5,5,5,5,5,5,5,5,5,5,3.1,4,5,4.033333333,470,20,Woman,1.25,1,3,2,0.5,3,2,0,0,1,0,4,0,1,0
538,100,153,1,1,1,1,19,Other,121.154,1,2,3,3,3,2,3,0,3,2,2,1,2,3,2,1,2,0,1,1,2,2,3,2,3,3,1,1,2,2,2.2,1.5,2.1,1.933333333,475,18,Non-binary,2,5,4,2,3,3,2,0,0,1,0,5,0,2,4
177,100,91,1,1,1,1,20,Woman,70.371,3,3,3,4,4,3,4,3,4,2,4,4,4,2,2,2,4,1,3,3,1,2,3,3,1,3,4,2,3,2,3.3,2.9,2.4,2.866666667,478,19,Woman,1.95,2,5,0,2.5,5,3,0,0,2,0,0,2,1,4
350,100,105,1,1,1,1,19,Woman,76.056,3,1,4,3,4,2,4,1,2,4,4,2,3,5,4,4,3,5,4,5,3,4,5,5,5,4,5,4,2,3,2.8,3.9,4,3.566666667,479,18,Woman,1.05,4,1,0,1.5,2,2,0,0,0,0,4,0,3,0
237,100,100,1,1,1,1,19,Woman,73.728,5,3,5,5,5,5,5,2,3,4,3,3,4,4,1,4,3,0,1,2,5,5,5,5,5,5,5,3,4,4,4.2,2.5,4.6,3.766666667,482,18,Woman,1.4,4,3,0,0,2,0,0,0,5,0,0,5,0,0
637,100,191,1,1,1,1,19,Woman,129.935,1,0,2,1,1,0,0,0,0,1,3,0,4,4,1,4,3,0,0,4,4,0,4,4,3,4,3,0,0,4,0.6,2.3,2.6,1.833333333,485,18,Woman,1.55,3,3,0,1.5,3,2,0,0,3,0,4,0,1,2
217,100,106,1,1,1,1,19,Woman,85.445,3,2,3,2,4,3,3,1,2,2,3,3,3,4,4,3,3,2,3,3,0,0,1,1,1,1,2,1,1,1,2.5,3.1,0.9,2.166666667,486,18,Woman,2.597,5,3,3,1.5,3,4,0,0,2,4.47,5,4,1,2
73,100,129,1,1,1,1,19,Woman,100.047,2,1,0,3,3,3,3,5,2,2,1,2,0,2,1,1,2,0,1,1,3,3,4,4,4,4,3,5,2,2,2.4,1.1,3.4,2.3,489,18,Woman,2.283,3,2,1,3,4,3,1,0,3,2.83,4,2,3,3
398,100,174,1,1,1,1,19,Woman,133.969,3,1,3,4,4,4,4,1,3,4,3,3,3,4,3,3,4,1,3,4,3,2,3,4,3,3,4,2,4,4,3.1,3.1,3.2,3.133333333,490,18,Woman,0.65,4,1,0,0.5,1,0,0,0,0,0,5,0,1,0
358,100,180,1,1,1,1,19,Woman,149.696,3,2,1,3,3,2,4,1,5,3,5,4,3,4,2,2,3,3,5,3,3,2,1,3,2,4,3,4,3,2,2.7,3.4,2.7,2.933333333,493,18,Woman,1.7,3,5,1,1,2,0,0,0,3,2,4,1,0,2
148,100,88,1,1,1,1,22,Man,69.499,2,3,4,4,4,3,3,2,3,4,3,2,4,4,4,3,3,4,4,4,2,3,4,3,2,2,3,4,2,5,3.2,3.5,3,3.233333333,494,21,Man,2.1,5,2,3,3,4,3,0,0,1,0,0,5,2,4
14,100,151,1,1,1,1,20,Woman,128.265,0,0,0,0,0,0,0,0,0,0,0,3,3,3,3,3,3,0,0,4,0,0,4,4,4,0,4,0,0,0,0,2.2,1.6,1.266666667,496,20,Woman,2.6,5,5,1,1,5,5,4,0,0,0,5,0,0,2
328,100,100,1,1,1,1,21,Woman,80.082,5,5,3,5,5,5,5,3,5,5,3,2,1,3,1,3,2,4,3,2,4,4,4,5,5,4,5,4,5,4,4.6,2.4,4.4,3.8,497,20,Woman,2.5,3,5,2,2,4,4,0,0,3,2,1,4,3,1
34,100,204,1,1,1,1,19,Man,178.982,2,1,3,1,4,2,1,1,2,3,5,4,3,4,3,2,3,3,3,4,5,5,4,4,4,4,4,3,4,4,2,3.4,4.1,3.166666667,498,18,Man,0.75,1,2,0,2.5,0,1,0,0,1,0,5,0,2,3
481,100,51,1,1,1,1,19,Woman,34.561,3,2,2,2,2,3,2,2,2,2,3,3,3,3,3,3,3,3,3,3,2,3,3,3,2,3,3,2,3,3,2.2,3,2.7,2.633333333,503,18,Woman,2.347,4,1,0,3,4,3,0,0,4,4.47,5,4,3,3
389,100,182,1,1,1,1,19,Woman,138.801,1,0,2,2,1,1,2,0,2,1,3,2,3,4,2,3,4,0,3,3,4,0,3,4,3,4,4,0,4,4,1.2,2.7,3,2.3,506,18,Woman,1.85,3,3,1,0.5,4,4,0,0,3,0,0,5,0,1
136,100,163,1,1,1,1,19,Woman,137.073,2,2,3,4,4,3,4,3,3,4,1,2,2,3,2,3,3,1,3,3,3,2,4,4,3,4,3,4,4,4,3.2,2.3,3.5,3,507,18,Woman,1.5,4,4,1,0,3,3,0,0,0,0,5,0,0,0
106,100,96,1,1,1,1,20,Woman,72.29,1,1,1,1,1,1,1,1,1,1,2,1,2,3,2,1,2,2,2,2,4,3,2,3,3,2,2,2,2,2,1,1.9,2.5,1.8,508,19,Woman,1.55,4,3,1,0.5,4,2,0,0,1,0,0,5,0,1
35,100,240,1,1,1,1,19,Woman,210.774,3,1,3,3,4,2,2,1,3,2,3,4,4,4,2,4,3,3,4,4,4,4,4,4,3,4,2,2,4,3,2.4,3.5,3.4,3.1,511,18,Woman,1.95,4,5,3,2.5,4,1,0,0,0,0,5,0,2,3
430,100,179,1,1,1,1,20,Woman,146.975,2,1,3,4,4,3,4,0,2,2,3,3,3,4,3,2,4,1,2,2,4,4,3,4,4,4,3,1,2,4,2.5,2.7,3.3,2.833333333,512,18,Woman,0.7,2,1,1,2,1,0,0,0,0,0,0,2,2,2
304,100,116,1,1,1,1,19,Man,87.418,4,4,5,2,5,3,2,0,1,2,4,3,4,3,4,5,4,5,3,3,4,5,4,5,5,5,5,3,4,4,2.8,3.8,4.4,3.666666667,516,18,Man,2.3,5,5,0,2,3,5,0,0,3,0,0,0,1,3
539,100,166,1,1,1,1,20,Woman,127.959,3,2,2,2,3,3,3,1,3,3,2,5,3,5,5,3,5,3,5,3,3,2,3,3,3,3,3,2,3,2,2.5,3.9,2.7,3.033333333,518,19,Woman,2.474,2,5,4,2.5,4,1,0,0,4,2.24,5,1,1,4
279,100,136,1,1,1,1,19,Woman,116.328,0,0,2,1,0,0,0,0,0,0,2,0,4,4,2,4,1,0,4,3,0,0,1,1,0,0,0,5,0,3,0.3,2.4,1,1.233333333,519,18,Woman,2.15,5,2,1,1.5,4,3,0,5,0,0,4,0,2,1
142,100,68,1,1,1,1,25,Man,51.216,3,3,3,3,4,3,3,3,3,3,4,4,4,4,4,4,4,4,4,4,5,5,5,5,5,5,5,5,5,5,3.1,4,5,4.033333333,524,24,Man,0.8,2,0,0,0,1,0,1,0,4,0,0,0,0,0
215,100,147,1,1,1,1,19,Woman,113.45,3,2,4,3,4,4,4,1,4,4,3,4,3,4,4,4,5,2,4,4,5,4,4,5,4,5,4,3,4,4,3.3,3.7,4.2,3.733333333,525,18,Woman,2.25,4,4,2,3.5,2,3,0,0,4,0,5,0,3,4
7,100,130,1,1,1,1,18,Woman,100.468,3,1,2,2,1,2,1,0,1,4,2,2,3,3,5,2,3,3,1,3,4,4,5,5,5,5,5,5,5,5,1.7,2.7,4.8,3.066666667,526,18,Woman,2.5,4,3,4,3,4,3,0,0,4,0,5,0,1,5
46,100,85,1,1,1,1,19,Woman,58.816,1,1,1,1,1,1,1,1,1,3,2,2,2,2,2,2,2,2,2,1,1,1,1,1,1,1,1,1,1,1,1.2,1.9,1,1.366666667,527,18,Woman,2.95,5,5,4,4.5,4,5,2,0,0,0,5,0,5,4
26,100,105,1,1,1,1,22,Man,87.931,3,1,4,4,2,3,4,1,4,4,4,2,3,4,2,4,4,1,4,3,2,1,2,4,2,2,1,2,3,3,3,3.1,2.2,2.766666667,528,21,Other/prefer not to say,2.697,5,4,1,2.5,5,3,0,0,2,4.47,5,4,1,4
552,100,91,1,1,1,1,21,Man,68.805,1,0,1,0,1,1,0,2,0,0,5,3,5,4,2,2,4,5,4,4,3,2,3,4,3,4,4,5,3,4,0.6,3.8,3.5,2.633333333,529,20,Man,2.65,4,5,3,0.5,5,4,1,0,4,0,3,0,1,0
248,100,161,1,1,1,1,19,Woman,139.664,0,0,0,0,0,0,0,0,0,0,0,0,0,5,0,0,5,0,0,0,0,0,0,0,5,0,0,0,0,5,0,1,1,0.666666667,530,18,Woman,0.6,4,0,0,0,1,1,0,0,0,0,4,0,0,0
567,100,85,1,1,1,1,23,Woman,60.077,2,2,4,3,3,4,3,4,4,1,5,5,5,5,5,5,5,5,5,5,4,3,4,4,5,3,5,4,4,4,3,5,4,4,534,22,Woman,2.273,4,5,3,3,2,4,0,0,0,1.73,3,1,1,5
500,100,152,1,1,1,1,21,Woman,116.967,2,2,1,1,3,2,3,0,2,1,2,1,2,3,3,2,2,2,1,2,3,2,3,3,3,3,2,3,2,2,1.7,2,2.6,2.1,537,20,Woman,0.65,2,1,0,0.5,0,0,0,0,3,0,0,0,0,1
465,100,108,1,1,1,1,19,Woman,80.828,5,5,5,5,5,5,5,1,5,5,3,2,3,3,1,3,2,1,3,3,5,5,5,5,5,5,5,5,5,5,4.6,2.4,5,4,538,18,Woman,2.224,4,3,2,1,5,5,0,0,0,2.24,5,1,1,1
42,100,225,1,1,1,1,19,Woman,168.721,3,2,4,4,4,3,3,0,2,3,4,3,4,4,4,4,4,1,4,3,3,3,3,3,3,3,4,1,3,2,2.8,3.5,2.8,3.033333333,543,18,Woman,1.8,5,3,0,1,3,4,0,0,2,0,0,2,1,1
33,100,147,1,1,1,1,18,Woman,127.28,4,3,4,3,4,3,2,3,3,4,3,2,3,4,3,4,4,3,4,4,4,3,4,4,3,3,2,4,3,4,3.3,3.4,3.4,3.366666667,552,18,Woman,2.55,4,5,3,0.5,4,4,0,0,3,2,1,4,1,0
309,100,212,1,1,1,1,20,Woman,177.527,4,4,4,4,4,4,4,2,4,4,2,2,1,1,1,1,3,1,1,1,5,5,5,5,5,5,4,3,5,3,3.8,1.4,4.5,3.233333333,553,19,Woman,2,3,5,3,3,4,2,0,0,0,0,5,0,2,4
372,100,583,1,1,1,1,20,Prefer not to say,415.765,5,2,5,1,4,2,1,0,1,5,3,0,2,0,0,3,1,3,0,2,5,4,4,3,3,3,4,1,2,3,2.6,1.4,3.2,2.4,554,19,Man,0.3,0,1,0,0,1,1,0,0,0,0,0,0,0,0
16,100,127,1,1,1,1,19,Woman,104.012,3,2,3,4,4,2,5,3,3,4,4,4,4,5,5,4,4,5,4,5,3,3,4,5,5,5,4,4,5,5,3.3,4.4,4.3,4,555,18,Woman,2.2,4,4,1,2,4,4,0,0,3,0,0,4,2,2
193,100,114,1,1,1,1,20,Man,90.541,4,3,3,3,3,3,3,0,2,0,5,4,4,4,4,4,4,4,4,2,5,5,5,5,5,5,5,1,5,2,2.4,3.9,4.3,3.533333333,559,19,Man,2.35,4,4,0,4.5,5,4,0,0,2,0,0,5,5,4
334,100,130,1,1,1,1,21,Man,99.722,5,5,5,5,5,5,5,5,5,5,5,4,5,5,4,5,5,3,5,5,5,5,5,5,5,5,5,5,5,5,5,4.6,5,4.866666667,560,20,Man,2,4,4,1,3,4,2,0,0,2,0,2,0,1,5
442,100,150,1,1,1,1,20,Woman,126.641,4,3,4,4,4,4,4,3,4,4,4,2,3,3,2,2,2,3,3,2,3,3,3,2,2,3,2,2,3,2,3.8,2.6,2.5,2.966666667,564,19,Woman,0.6,1,0,0,0,0,0,3,0,2,0,5,0,0,0
638,100,162,1,1,1,1,44,Woman,125.924,2,2,3,3,2,2,3,2,2,2,4,4,4,4,4,4,4,4,4,4,3,3,3,3,2,2,3,2,3,2,2.3,4,2.6,2.966666667,565,43,Woman,2.55,5,4,3,1.5,5,5,1,0,1,0,3,0,2,1
114,100,222,1,1,1,1,57,Woman,201.67,0,0,2,0,2,0,2,0,0,2,3,2,3,3,3,3,2,3,2,3,3,2,3,3,3,3,2,2,3,3,0.8,2.7,2.7,2.066666667,566,56,Woman,0.4,3,1,0,0,0,0,0,0,0,0,0,0,0,0
228,100,226,1,1,1,1,19,Woman,160.897,4,4,4,4,4,4,3,2,2,0,3,2,2,1,1,2,1,1,2,4,3,1,3,3,4,4,3,2,2,1,3.1,1.9,2.6,2.533333333,568,18,Woman,1.8,3,4,0,1,3,3,0,0,4,0,0,4,1,1
503,100,195,1,1,1,1,19,Woman,166.144,0,1,1,2,0,1,1,0,0,1,1,2,3,4,1,3,5,0,2,2,4,5,4,5,4,5,4,1,3,4,0.7,2.3,3.9,2.3,570,18,Woman,2.3,5,5,0,3,4,1,0,0,3,2,4,1,3,3
496,100,149,1,1,1,1,20,Woman,116.227,0,0,1,0,1,0,0,0,1,2,2,2,2,2,2,2,2,1,1,2,1,1,2,2,2,2,2,1,1,1,0.5,1.8,1.5,1.266666667,571,19,Woman,1.2,3,2,0,0,3,1,0,0,3,0,0,5,0,0
561,100,246,1,1,1,1,20,Woman,165.292,4,3,4,4,4,4,3,1,2,3,5,5,5,5,4,5,5,3,5,4,5,4,4,5,5,4,3,2,3,3,3.2,4.6,3.8,3.866666667,572,19,Woman,2.15,2,3,2,3.5,3,2,0,0,3,3,3,3,3,4
474,100,105,1,1,1,1,19,Woman,87.369,4,2,4,3,5,4,4,2,3,2,3,2,3,4,3,2,3,1,4,3,3,2,3,2,4,3,2,1,2,2,3.3,2.8,2.4,2.833333333,573,18,Woman,2.05,4,5,0,0.5,4,3,0,0,4,0,0,5,1,0
3,100,112,1,1,1,1,19,Woman,80.912,3,2,2,2,2,4,4,2,4,3,4,2,3,4,4,4,2,2,4,4,4,4,4,4,4,4,4,4,4,3,2.8,3.3,3.9,3.333333333,574,19,Woman,1.9,4,3,4,0,5,1,0,0,2,0,0,1,0,0
332,100,89,1,1,1,1,21,Man,60.851,4,4,4,4,4,4,4,4,4,4,5,5,5,5,5,5,5,5,5,5,5,5,5,5,5,5,5,5,5,5,4,5,5,4.666666667,579,20,Man,0,0,0,0,0,0,0,0,0,0,0,0,0,0,0
173,100,138,1,1,1,1,19,Woman,118.614,1,1,1,1,0,0,2,1,0,1,3,3,2,2,2,4,3,3,2,3,2,2,3,3,1,1,1,2,1,1,0.8,2.7,1.7,1.733333333,586,18,Woman,2.374,3,4,2,3.5,5,3,0,0,1,2.24,5,1,4,3
648,100,125,1,1,1,1,19,Woman,106.431,3,1,3,3,2,2,4,2,3,3,3,2,3,3,2,3,3,2,2,3,2,2,3,3,3,3,3,2,3,3,2.6,2.6,2.7,2.633333333,588,18,Woman,1.35,1,4,1,3.5,2,2,0,0,0,0,4,0,3,4
27,100,95,1,1,1,1,20,Woman,72.584,2,3,3,3,4,4,4,2,3,5,4,3,3,4,5,5,4,5,4,4,4,4,4,4,4,4,4,4,4,4,3.3,4.1,4,3.8,590,20,Woman,3,5,4,1,1,5,5,5,0,3,1,1,1,1,1
594,100,193,1,1,1,1,20,Woman,163.526,2,0,4,5,5,4,4,2,4,3,4,4,4,4,5,5,4,1,4,3,5,5,5,5,5,5,5,3,5,5,3.3,3.8,4.8,3.966666667,591,18,Woman,2.287,4,4,1,2,4,2,0,0,2,3.87,3,5,1,3
669,100,124,1,1,1,1,27,Woman,105.623,3,4,2,3,3,0,2,0,0,0,5,4,4,4,4,4,4,5,4,5,5,3,4,4,4,4,4,3,5,3,1.7,4.3,3.9,3.3,593,26,Woman,2.3,5,4,4,0,4,5,0,0,1,0,0,1,0,0
401,100,154,1,1,1,1,21,Woman,119.15,0,0,2,0,1,1,3,0,1,0,5,3,4,4,4,4,4,4,4,5,4,4,4,4,4,4,4,4,4,4,0.8,4.1,4,2.966666667,594,19,Woman,1.391,4,2,0,1.5,3,2,0,0,0,1.41,2,1,1,2
300,100,219,1,1,1,1,19,Other,170.712,2,4,3,2,4,4,2,1,2,0,3,2,4,3,4,2,3,1,2,1,3,2,3,2,4,1,1,0,2,4,2.4,2.5,2.2,2.366666667,595,19,Non-binary,0.941,2,3,0,0,1,1,0,0,1,1.41,2,1,0,0
375,100,117,1,1,1,1,20,Woman,92.046,4,4,4,4,4,0,4,4,4,2,3,3,2,5,0,2,4,1,0,0,4,4,5,5,5,2,3,1,4,2,3.4,2,3.5,2.966666667,597,18,Woman,1.25,2,1,1,3.5,3,2,0,0,0,0,3,0,4,3
663,100,1006,1,1,1,1,19,Man,947.657,3,3,3,3,3,3,3,2,2,2,3,3,2,3,3,2,3,3,2,3,3,3,2,3,2,2,3,3,3,3,2.7,2.7,2.7,2.7,599,18,Man,1.6,4,3,1,0,3,3,0,0,2,0,0,0,0,0
303,100,157,1,1,1,1,19,Woman,100.702,2,0,2,2,2,1,2,0,2,2,3,3,4,4,3,3,4,2,3,3,3,3,3,2,3,2,3,4,3,3,1.5,3.2,2.9,2.533333333,600,18,Woman,1.8,4,3,0,3,4,2,0,0,2,0,0,3,4,2
444,100,149,1,1,1,1,19,Woman,128.709,2,1,1,1,3,1,1,0,0,0,3,3,4,4,2,4,3,1,2,1,3,2,4,4,5,5,3,2,3,4,1,2.7,3.5,2.4,602,18,Woman,1.4,3,2,3,0,5,1,0,0,0,0,0,0,0,0
455,100,266,1,1,1,1,21,Woman,241.277,4,3,4,4,4,4,3,3,3,3,4,3,4,4,2,4,3,3,3,4,3,2,3,2,2,2,2,1,2,2,3.5,3.4,2.1,3,606,20,Woman,3.05,4,4,5,4.5,4,4,1,0,4,0,4,0,5,4
322,100,206,1,1,1,1,20,Woman,135.14,2,1,3,3,4,1,3,1,1,2,1,1,2,1,2,2,3,4,4,3,4,3,4,5,2,4,5,1,4,2,2.1,2.3,3.4,2.6,608,19,Woman,2.15,4,3,2,2.5,5,2,0,1,2,0,0,3,3,2
259,100,178,1,1,1,1,20,Woman,158.655,4,0,4,4,4,0,0,0,0,2,5,3,3,4,2,4,4,1,3,5,5,2,5,5,4,5,5,1,4,4,1.8,3.4,4,3.066666667,609,19,Woman,2.645,4,4,3,3,4,3,0,0,3,2.45,2,3,2,4
295,100,178,1,1,1,1,19,Man,144.657,1,1,3,1,1,0,0,0,0,0,3,5,4,3,2,4,4,0,2,4,3,0,2,4,1,3,4,0,1,4,0.7,3.1,2.2,2,610,18,Man,0.9,2,2,0,1,1,1,0,0,2,0,4,0,1,1
157,100,129,1,1,1,1,22,Woman,111.089,3,0,1,3,4,1,4,0,3,2,0,0,3,3,0,2,2,4,3,3,0,0,0,2,0,2,2,0,3,3,2.1,2,1.2,1.766666667,612,21,Woman,1.595,2,2,3,0.5,2,2,1,0,1,2.45,2,3,0,1
396,100,239,1,1,1,1,19,Man,173.459,3,2,2,2,2,2,2,0,1,2,0,0,0,0,0,0,0,0,0,0,3,2,2,3,2,4,2,1,2,3,1.8,0,2.4,1.4,617,18,Man,0.4,1,1,0,2,0,0,0,0,0,0,2,0,2,2
174,100,135,1,1,1,1,19,Woman,116.462,3,3,4,4,3,3,4,2,4,4,3,2,3,4,2,3,4,2,4,4,5,3,5,5,5,5,5,3,5,5,3.4,3.1,4.6,3.7,620,18,Woman,1.624,3,1,0,2,3,2,0,0,3,2.24,1,5,2,2
266,100,157,1,1,1,1,20,Man,95.253,2,1,2,3,4,2,4,1,3,2,3,3,4,2,4,4,3,2,3,1,4,4,4,4,4,5,5,3,4,3,2.4,2.9,4,3.1,623,19,Man,1.45,4,4,0,0.5,2,3,0,0,1,0,1,0,0,1
589,100,188,1,1,1,1,19,Man,172.078,3,0,3,4,4,2,1,0,3,3,5,4,5,5,4,4,5,4,5,5,1,1,1,4,4,3,4,4,3,4,2.3,4.6,2.9,3.266666667,624,18,Man,0.895,2,3,0,0.5,1,0,0,0,0,2.45,2,3,1,0
210,100,99,1,1,1,1,20,Woman,77.292,4,3,4,5,5,5,5,3,4,4,4,4,4,4,3,4,3,2,4,4,4,4,4,4,4,4,4,2,4,4,4.2,3.6,3.8,3.866666667,625,18,Woman,2.824,5,5,4,1,4,5,0,0,2,2.24,1,5,1,1
122,100,146,1,1,1,1,20,Woman,120.784,3,3,5,5,5,5,3,0,5,4,2,3,3,3,0,3,3,0,3,0,3,0,3,5,0,3,0,0,5,3,3.8,2,2.2,2.666666667,627,19,Woman,2.145,5,3,0,0,5,3,0,0,3,2.45,3,2,0,0
502,100,82,1,1,1,1,21,Woman,57.978,2,0,3,3,3,2,2,2,2,4,3,3,3,4,4,4,4,4,4,4,2,3,3,2,3,3,3,2,3,3,2.3,3.7,2.7,2.9,628,20,Woman,2.3,4,5,0,2,4,5,0,0,1,2,1,4,1,3
351,100,74,1,1,1,1,20,Other,56.788,4,4,4,5,5,5,5,2,4,4,5,5,5,5,5,5,5,5,5,5,2,1,2,2,2,2,2,2,2,5,4.2,5,2.2,3.8,630,19,Woman,1.6,5,5,0,2,1,0,0,0,3,0,0,0,1,3
108,100,91,1,1,1,1,20,Woman,73.601,4,4,4,4,4,4,4,4,4,4,2,2,2,4,3,4,4,2,4,2,4,4,4,4,4,4,4,2,4,4,4,2.9,3.8,3.566666667,633,19,Woman,2.65,5,5,3,0.5,5,4,1,0,3,0,4,0,1,0
612,100,120,1,1,1,1,19,Woman,91.147,0,0,0,0,1,1,3,0,1,1,4,2,4,4,4,4,4,1,4,4,4,2,4,5,4,4,5,3,4,4,0.7,3.5,3.9,2.7,634,18,Woman,2.8,4,5,3,5,5,3,0,0,3,0,0,0,5,5
188,100,136,1,1,1,1,19,Man,95.372,2,1,2,2,2,2,2,0,2,1,4,4,3,4,4,4,4,2,4,4,2,1,2,1,1,2,2,0,2,1,1.6,3.7,1.4,2.233333333,638,18,Man,1.541,2,3,4,2,2,1,0,0,0,1.41,2,1,2,2
446,100,103,1,1,1,1,21,Woman,84.063,1,1,2,2,2,2,1,1,1,1,3,3,3,3,3,3,3,1,3,2,3,4,4,4,4,4,4,2,4,4,1.4,2.7,3.7,2.6,639,20,Woman,2.35,4,5,4,0.5,5,3,0,0,2,0,0,5,0,1
264,100,154,1,1,1,1,20,Woman,121.18,3,2,2,3,4,3,4,2,3,3,2,3,2,3,1,3,3,1,4,3,3,3,3,4,3,4,4,2,3,4,2.9,2.5,3.3,2.9,642,19,Woman,1.724,4,2,1,1,3,3,0,0,1,2.24,5,1,1,1
636,100,145,1,1,1,1,19,Woman,101.87,3,2,2,2,2,2,2,2,2,2,1,1,2,2,1,1,1,0,1,1,4,4,4,4,4,4,4,4,4,4,2.1,1.1,4,2.4,645,19,Woman,2.35,4,2,3,2.5,3,4,0,0,5,0,0,5,2,3
404,100,228,1,1,1,1,20,Woman,205.675,1,0,0,0,0,0,0,0,1,0,2,5,5,5,3,5,5,1,3,4,0,0,0,0,0,0,0,0,0,0,0.2,3.8,0,1.333333333,647,19,Woman,2,1,3,1,4,3,4,2,0,0,2,2,2,4,4
676,100,127,1,1,1,1,20,Woman,106.762,3,3,3,3,3,3,3,3,3,3,5,3,5,5,3,3,5,3,5,5,3,3,5,5,5,3,3,5,5,5,3,4.2,4.2,3.8,648,19,Woman,1.583,3,5,0,3,0,1,0,0,1,2.83,4,2,3,3
329,100,171,1,1,1,1,20,Woman,135.46,1,0,1,2,1,1,1,0,1,2,1,1,3,4,2,2,3,1,3,3,2,1,2,2,1,1,2,1,3,3,1,2.3,1.8,1.7,649,19,Woman,1.5,2,2,3,0,3,3,0,0,1,1,1,1,0,0
348,100,126,1,1,1,1,22,Woman,99.184,1,0,2,1,2,1,1,1,2,1,1,2,1,2,2,2,2,1,2,2,4,4,4,4,4,4,4,4,4,4,1.2,1.7,4,2.3,653,21,Woman,1.85,5,4,0,2.5,0,0,5,0,2,0,5,0,2,3
224,100,55,1,1,1,1,19,Woman,37.221,2,1,3,2,2,3,1,3,0,1,1,4,2,3,3,1,3,1,3,3,1,3,3,2,2,1,5,2,2,2,1.8,2.4,2.3,2.166666667,654,18,Woman,2.2,4,3,2,2,4,3,2,0,2,0,0,4,2,2
51,100,190,1,1,1,1,19,Woman,152.065,5,4,5,4,5,5,5,5,4,5,5,5,5,5,5,5,5,4,4,5,5,5,5,5,5,5,5,5,5,5,4.7,4.8,5,4.833333333,658,19,Woman,2.05,3,2,3,3.5,4,3,0,0,2,0,0,3,4,3
171,100,209,1,1,1,1,58,Woman,164,3,3,4,4,4,4,4,4,4,4,5,3,4,4,4,5,4,5,4,5,3,3,3,4,3,4,4,3,3,4,3.8,4.3,3.4,3.833333333,659,57,Woman,1.75,4,4,0,2.5,3,4,0,0,0,0,0,3,2,3
139,100,83,1,1,1,1,19,Woman,58.002,4,3,4,5,4,4,4,2,3,4,5,1,4,5,3,4,4,0,4,3,5,5,5,5,5,5,5,4,5,5,3.7,3.3,4.9,3.966666667,661,18,Woman,0.55,2,1,1,1.5,0,0,0,0,0,0,2,0,1,2
284,100,99,1,1,1,1,20,Woman,75.342,4,3,3,4,4,4,4,1,4,3,5,5,5,5,5,5,5,5,5,5,4,2,3,3,3,3,3,2,3,4,3.4,5,3,3.8,665,19,Woman,1.1,2,1,0,2,3,3,0,0,0,0,3,0,2,2
641,100,88,1,1,1,1,19,Prefer not to say,65.501,2,3,5,5,5,5,5,4,5,3,4,2,3,3,1,4,3,4,3,4,5,5,5,5,5,5,5,5,5,4,4.2,3.1,4.9,4.066666667,667,18,Non-binary,2.2,4,4,3,1,4,5,0,0,1,0,0,4,0,2
644,100,144,1,1,1,1,20,Woman,96.701,0,0,2,1,0,0,0,0,0,1,0,1,2,3,0,3,1,0,2,2,2,0,0,1,0,0,1,0,1,1,0.4,1.4,0.6,0.8,669,19,Woman,1.95,4,5,2,0.5,1,4,0,0,3,0,5,0,0,1
623,100,78,1,1,1,1,22,Woman,59.28,3,4,4,4,5,5,4,1,4,4,3,3,4,4,4,3,4,2,4,4,4,3,5,5,4,4,5,1,4,5,3.8,3.5,4,3.766666667,672,21,Woman,2.187,2,3,4,2,2,3,0,0,2,3.87,3,5,1,3
9,100,147,1,1,1,1,22,Woman,117.896,4,4,4,4,4,4,4,2,4,4,5,5,5,5,5,5,5,5,5,5,5,4,4,5,5,5,5,5,5,4,3.8,5,4.7,4.5,675,21,Woman,1.8,3,2,2,3,4,3,0,0,1,0,4,0,3,3
85,100,122,1,1,1,1,19,Woman,91.832,3,1,3,3,3,3,3,1,3,3,3,1,3,3,2,3,3,0,2,3,3,0,2,2,2,2,3,1,1,1,2.6,2.3,1.7,2.2,679,18,Woman,1.7,4,3,1,2,3,3,0,0,1,0,0,4,2,2
91,100,109,1,1,1,1,18,Man,92.117,3,2,4,3,5,3,4,0,1,5,3,3,5,4,4,5,4,5,3,3,5,4,5,5,4,5,4,3,4,5,3,3.9,4.4,3.766666667,680,18,Man,2.4,5,4,3,1,3,2,0,3,2,1,1,1,0,2
645,100,129,1,1,1,1,21,Man,108.402,4,4,4,3,5,3,3,2,3,2,4,3,4,4,1,3,3,1,0,4,4,4,4,5,4,5,4,2,4,4,3.3,2.7,4,3.333333333,681,19,Man,1.1,3,1,0,1,4,1,1,0,0,0,0,0,2,0
515,100,86,1,1,1,1,19,Woman,67.164,2,0,2,2,2,2,2,0,1,0,4,4,4,4,4,4,4,4,4,4,3,2,3,3,3,3,3,4,3,2,1.3,4,2.9,2.733333333,682,18,Woman,1.6,3,2,2,2,3,3,0,0,1,0,5,0,1,3
657,100,133,1,1,1,1,20,Woman,96.401,5,4,4,4,5,5,5,3,3,5,3,3,3,5,4,5,5,5,4,3,5,5,5,5,5,5,5,5,5,5,4.3,4,5,4.433333333,686,19,Woman,0.316,0,0,0,0,0,0,0,0,0,3.16,5,2,0,0
294,100,190,1,1,1,1,19,Woman,132.07,1,1,4,2,3,3,1,1,1,2,3,2,3,3,3,3,4,1,4,4,3,3,3,3,4,4,4,1,4,4,1.9,3,3.3,2.733333333,687,18,Woman,1.45,3,1,0,2.5,3,3,0,0,2,0,0,4,3,2
499,100,129,1,1,1,1,19,Woman,101.679,3,3,3,2,3,3,3,2,3,4,3,2,3,3,4,1,2,5,2,2,4,4,4,4,4,4,4,3,4,4,2.9,2.7,3.9,3.166666667,689,18,Woman,1.45,5,3,1,1.5,4,0,0,0,0,0,0,4,2,1
576,100,164,1,1,1,1,20,Woman,133.049,4,3,3,3,3,3,3,2,3,3,3,2,3,3,3,2,2,3,2,4,4,2,2,3,4,3,4,2,1,3,3,2.7,2.8,2.833333333,690,19,Woman,1.7,4,3,1,0,3,4,0,0,2,0,0,5,0,0
383,100,130,1,1,1,1,20,Woman,101.889,0,0,2,4,2,1,1,4,3,5,1,1,1,4,0,3,4,4,3,4,0,0,3,4,3,3,4,4,5,2,2.2,2.5,2.8,2.5,691,20,Woman,1.95,4,4,0,2.5,4,2,0,0,3,0,0,5,3,2
418,100,165,1,1,1,1,19,Woman,145.982,4,2,4,2,2,2,1,0,2,2,3,3,3,2,1,2,3,1,4,2,2,0,1,0,2,1,0,0,1,1,2.1,2.4,0.8,1.766666667,692,18,Woman,2.274,5,4,0,2.5,4,4,0,0,1,2.24,1,5,2,3
5,100,92,1,1,1,1,21,Man,69.41,2,2,5,5,5,5,5,5,5,5,4,4,4,4,4,4,4,4,4,2,5,5,5,5,5,5,5,5,5,5,4.4,3.8,5,4.4,695,21,Man,1.45,2,4,1,1.5,2,1,0,0,3,0,5,0,0,3
625,100,234,1,1,1,1,21,Woman,180.246,4,0,0,0,4,0,0,0,0,3,5,0,2,0,1,0,4,1,0,5,4,3,3,0,5,0,0,0,0,4,1.1,1.8,1.9,1.6,699,20,Woman,1.85,5,5,1,1.5,2,0,0,0,4,0,0,0,0,3
451,100,115,1,1,1,1,20,Woman,96.026,2,1,2,2,2,1,1,1,1,2,3,2,3,4,3,4,4,2,4,4,5,5,5,5,5,5,5,5,5,5,1.5,3.3,5,3.266666667,705,19,Woman,1.446,4,4,0,0,2,0,0,0,1,3.46,4,3,0,0
59,100,90,1,1,1,1,29,Other,69.431,4,4,4,4,4,4,4,3,3,3,4,5,5,5,5,5,5,5,5,5,5,2,3,3,3,2,4,5,4,4,3.7,4.9,3.5,4.033333333,706,28,Non-binary,2.2,3,3,2,3,4,2,0,2,3,0,5,0,3,3
167,100,165,1,1,1,1,19,Other,77.26,3,2,2,2,2,2,2,2,2,2,3,2,4,4,4,4,4,4,3,3,3,3,2,2,3,3,4,2,3,2,2.1,3.5,2.7,2.766666667,707,18,Non-binary,1.15,2,3,2,2.5,1,1,0,0,0,0,4,0,2,3
572,100,116,1,1,1,1,19,Woman,91.73,1,0,2,2,3,1,2,1,0,1,5,3,5,4,5,5,5,5,4,5,3,3,2,4,4,4,2,2,4,4,1.3,4.6,3.2,3.033333333,710,18,Woman,2.25,4,4,2,3.5,4,3,0,0,2,0,5,0,3,4
209,100,398,1,1,1,1,19,Woman,355.668,2,2,3,2,1,2,3,2,3,1,1,1,3,2,2,3,2,4,5,2,2,4,2,4,3,2,3,1,4,2,2.1,2.5,2.7,2.433333333,711,18,Woman,3.1,4,3,3,4,5,3,3,1,5,0,0,2,3,5
635,100,121,1,1,1,1,19,Woman,76.679,1,0,1,1,1,3,1,0,2,2,5,4,5,5,5,5,5,4,5,5,5,5,5,5,5,5,5,5,5,5,1.2,4.8,5,3.666666667,712,18,Woman,1.35,4,3,0,0.5,4,2,0,0,0,0,5,0,1,0
611,100,156,1,1,1,1,19,Woman,124.468,3,2,3,2,2,3,3,3,2,2,1,3,2,2,3,3,2,2,1,2,1,3,2,1,2,1,2,2,1,2,2.5,2.1,1.7,2.1,713,18,Woman,1.991,2,4,1,1.5,3,2,4,0,1,1.41,2,1,0,3
258,100,192,1,1,1,1,22,Woman,123.997,3,3,4,5,3,3,5,1,5,4,3,2,3,4,4,4,4,1,3,1,4,3,4,5,3,4,4,3,4,3,3.6,2.9,3.7,3.4,718,21,Woman,1.4,4,2,1,0,3,3,0,0,1,0,5,0,0,0
145,100,88,1,1,1,1,19,Woman,59.942,3,1,2,2,2,2,2,1,4,2,4,2,2,2,3,3,3,1,2,2,3,2,1,3,3,2,3,2,2,2,2.1,2.4,2.3,2.266666667,720,18,Woman,1.7,4,4,1,0,4,3,0,0,1,0,0,1,0,0
664,100,97,1,1,1,1,19,Woman,70.336,3,3,3,3,1,1,3,0,4,3,5,4,5,5,4,4,5,1,5,5,3,3,4,4,4,4,4,3,4,3,2.4,4.3,3.6,3.433333333,723,18,Woman,1.9,4,4,0,3,3,1,0,0,4,0,0,0,3,3
182,100,213,1,1,1,1,20,Woman,186.651,4,3,5,5,5,5,5,5,5,5,3,2,3,4,3,4,3,1,3,3,4,3,4,4,4,4,3,2,3,3,4.7,2.9,3.4,3.666666667,724,19,Woman,1.35,5,1,1,0.5,3,2,0,0,1,0,5,0,1,0
163,100,134,1,1,1,1,19,Woman,105.239,2,1,2,1,1,1,1,1,1,1,3,1,2,3,2,3,3,4,3,3,4,4,4,5,5,4,4,4,4,4,1.2,2.7,4.2,2.7,725,18,Woman,1.8,3,2,0,1,2,3,0,5,2,0,0,0,1,1
436,100,121,1,1,1,1,20,Woman,95.323,3,4,4,4,4,3,4,3,4,4,3,4,5,5,5,5,5,5,5,5,4,2,3,3,2,5,3,1,2,1,3.7,4.7,2.6,3.666666667,726,19,Woman,2.25,4,4,3,1.5,4,4,0,0,2,0,1,0,2,1
185,100,97,1,1,1,1,20,Woman,74.895,3,2,3,3,3,3,2,0,2,1,2,1,2,2,0,1,1,2,1,1,3,4,4,4,4,4,4,4,4,4,2.2,1.3,3.9,2.466666667,727,19,Woman,0.45,1,1,0,1.5,0,1,0,0,0,0,0,5,1,2
677,100,90,1,1,1,1,20,Woman,69.029,2,2,3,3,3,3,3,3,3,3,3,3,3,3,3,3,3,3,3,3,5,5,5,5,5,5,5,5,5,5,2.8,3,5,3.6,729,19,Woman,1.283,2,3,0,0,3,0,0,0,2,2.83,2,4,0,0
323,100,194,1,1,1,1,19,Woman,169.264,4,3,5,5,3,4,5,4,5,4,4,3,4,4,3,4,4,4,4,4,5,3,4,5,4,4,5,3,4,5,4.2,3.8,4.2,4.066666667,733,18,Woman,1.6,4,2,1,2,3,4,0,0,0,0,4,0,2,2
525,100,125,1,1,1,1,19,Prefer not to say,106.202,2,3,3,4,4,3,2,2,3,4,3,2,4,3,4,4,4,4,3,3,4,5,3,4,4,3,3,2,3,3,3,3.4,3.4,3.266666667,736,19,Non-binary,2.1,3,5,0,3,4,1,0,2,3,0,0,1,4,2
274,100,125,1,1,1,1,20,Woman,101.847,0,0,3,3,1,2,0,0,5,5,3,3,4,5,2,5,5,3,0,5,4,0,4,4,4,2,5,0,5,4,1.9,3.5,3.2,2.866666667,737,19,Woman,1.8,5,5,0,0,2,4,0,0,2,0,0,1,0,0
548,100,164,1,1,1,1,19,Woman,138.243,2,1,3,2,3,3,3,1,2,2,2,1,2,2,2,3,1,4,1,2,3,4,4,4,3,3,4,2,3,2,2.2,2,3.2,2.466666667,738,18,Woman,1.6,4,4,0,0,2,1,0,0,5,0,3,0,0,0
457,100,180,1,1,1,1,20,Woman,162.727,1,0,2,3,3,1,1,3,2,2,5,5,4,5,3,5,5,4,5,5,4,3,4,5,5,5,4,3,4,5,1.8,4.6,4.2,3.533333333,739,19,Woman,1.55,4,5,0,0.5,3,2,0,0,1,0,0,1,0,1
371,100,236,1,1,1,1,19,Man,172.403,4,2,2,3,3,3,3,4,3,3,3,4,3,3,3,3,3,3,3,2,3,1,3,3,4,3,3,4,3,3,3,3,3,3,740,18,Man,1.9,5,5,0,2,3,1,1,0,2,0,0,1,1,3
658,100,116,1,1,1,1,21,Woman,93.723,4,3,4,4,5,5,3,1,3,4,4,2,4,4,3,4,3,1,3,4,4,4,5,5,5,5,4,2,4,5,3.6,3.2,4.3,3.7,741,20,Woman,2.35,4,5,2,2.5,3,4,0,0,1,2,4,1,1,4
302,100,188,1,1,1,1,21,Woman,142.469,4,1,4,4,5,5,5,1,4,3,3,1,3,3,1,2,3,0,2,2,5,5,5,5,4,5,5,4,5,5,3.6,2,4.8,3.466666667,742,20,Woman,2.274,4,4,1,2.5,2,4,0,0,3,2.24,5,1,2,3
308,100,127,1,1,1,1,20,Woman,95.802,1,1,3,1,1,2,1,1,1,2,2,1,4,4,2,4,4,2,3,4,0,0,2,3,1,3,2,0,1,1,1.4,3,1.3,1.9,745,18,Woman,1.55,4,4,0,0.5,4,2,0,0,1,0,4,0,1,0
386,100,183,1,1,1,1,20,Woman,137.838,1,0,1,1,2,2,2,0,1,2,3,3,3,3,3,3,4,0,3,3,3,1,2,2,2,2,3,0,2,1,1.2,2.8,1.8,1.933333333,753,19,Woman,0.5,1,1,2,0,1,0,0,0,0,0,1,0,0,0
537,100,146,1,1,1,1,20,Woman,122.868,1,0,0,0,1,1,1,0,0,0,2,4,3,3,2,2,3,1,4,3,0,0,2,2,1,0,2,0,2,1,0.4,2.7,1,1.366666667,756,19,Woman,0.4,1,1,0,0,1,1,0,0,0,0,0,0,0,0
506,100,205,1,1,1,1,19,Woman,154.501,4,3,5,5,3,2,4,4,4,3,3,2,3,2,2,3,2,1,2,2,4,3,4,4,3,3,2,2,2,3,3.7,2.2,3,2.966666667,759,18,Woman,2.05,5,4,0,0.5,5,2,3,0,1,0,5,0,1,0
542,100,91,1,1,1,1,20,Man,53.172,5,4,5,5,5,4,4,3,4,4,5,5,5,4,4,4,5,4,4,5,5,5,5,5,5,5,5,5,5,5,4.3,4.5,5,4.6,760,19,Man,2.85,4,3,5,3.5,4,3,2,0,4,0,1,0,3,4
271,100,85,1,1,1,1,20,Woman,64.021,2,0,1,1,1,1,0,0,0,2,4,1,3,2,1,2,3,1,1,3,3,2,1,2,1,3,2,1,2,2,0.8,2.1,1.9,1.6,763,19,Woman,1.6,5,5,0,0,4,2,0,0,0,0,0,0,0,0
557,100,138,1,1,1,1,19,Man,104.898,4,4,5,5,5,5,5,0,0,5,4,4,5,5,5,5,5,0,0,5,5,5,5,5,5,5,5,5,0,5,3.8,3.8,4.5,4.033333333,765,18,Man,1.6,3,3,1,0,4,3,0,0,2,0,2,0,0,0
29,100,91,1,1,1,1,19,Woman,67.608,4,4,4,4,4,4,4,2,4,4,4,3,3,3,3,2,2,3,3,3,4,4,4,5,5,5,5,4,4,2,3.8,2.9,4.2,3.633333333,767,18,Woman,2.491,4,3,2,2.5,5,4,0,2,1,1.41,2,1,2,3
199,100,166,1,1,1,1,19,Woman,135.703,3,2,4,4,4,4,4,2,4,3,3,2,3,3,2,2,2,3,2,2,3,3,3,3,3,3,3,3,3,2,3.4,2.4,2.9,2.9,768,18,Woman,2,4,4,2,2,4,3,0,0,1,0,2,0,2,2
64,100,156,1,1,1,1,19,Man,128.77,3,2,3,3,3,3,3,3,3,3,4,3,3,3,3,3,3,5,4,5,4,2,4,4,3,4,4,5,5,5,2.9,3.6,4,3.5,771,18,Man,1.8,2,3,2,3,4,2,0,0,2,0,0,0,3,3
55,100,92,1,1,1,1,18,Man,75.594,0,2,4,1,5,5,0,0,2,2,0,2,3,3,3,3,3,4,4,5,5,5,5,5,5,5,5,5,5,5,2.1,3,5,3.366666667,777,18,Man,1.45,2,1,0,0.5,4,3,0,0,4,0,0,0,1,0
642,100,53718,1,1,1,1,26,Woman,114.872,3,2,3,3,4,3,3,0,3,3,4,4,4,4,3,4,4,3,3,4,5,4,5,5,5,5,4,3,4,4,2.7,3.7,4.4,3.6,781,26,Woman,2.25,3,4,2,4.5,3,3,0,0,3,0,0,5,4,5
40,100,219,1,1,1,1,22,Woman,172.939,3,2,4,4,4,4,4,1,4,4,3,5,3,5,1,3,5,1,4,3,2,2,4,1,0,4,1,2,1,3,3.4,3.3,2,2.9,788,21,Woman,1.9,4,2,1,0,4,4,0,0,4,0,5,0,0,0
76,100,121,1,1,1,1,19,Woman,101.772,1,1,1,0,0,2,1,0,3,3,3,1,2,2,2,2,2,2,2,3,3,2,3,3,4,2,3,3,2,3,1.2,2.1,2.8,2.033333333,791,18,Woman,2.2,4,3,1,2,4,3,1,0,4,0,0,1,2,2
314,100,1245,1,1,1,1,20,Woman,275.393,0,0,2,3,3,3,2,0,2,2,2,2,2,2,4,4,4,4,4,4,4,2,4,4,4,4,4,2,4,4,1.7,3.2,3.6,2.833333333,795,19,Woman,1.5,3,3,1,3,3,2,0,0,0,0,0,5,5,1
516,100,75,1,1,1,1,19,Woman,52.748,2,3,2,1,1,4,3,2,1,3,2,3,2,3,3,3,1,3,3,3,2,1,3,3,3,2,3,3,3,3,2.2,2.6,2.6,2.466666667,796,18,Woman,1.75,3,2,0,0.5,4,1,0,2,3,2,1,4,1,0
445,100,112,1,1,1,1,19,Woman,88.946,3,2,3,2,4,3,2,1,1,2,3,4,4,5,4,5,5,4,3,4,3,4,3,3,2,3,3,2,3,2,2.3,4.1,2.8,3.066666667,799,18,Woman,3.016,5,4,5,4,3,4,1,0,1,3.16,5,2,3,5
560,100,229,1,1,1,1,20,Woman,194.75,4,1,5,2,0,4,1,1,0,3,1,4,1,3,0,4,1,0,0,1,1,2,0,3,3,2,0,3,1,0,2.1,1.5,1.5,1.7,801,19,Woman,2.423,5,5,2,0.5,5,3,0,0,2,1.73,1,3,1,0
521,100,63,1,1,1,1,19,Woman,45.718,4,4,4,4,4,4,3,4,4,4,3,3,3,3,3,3,3,3,3,3,4,4,4,4,4,4,4,4,4,4,3.9,3,4,3.633333333,802,18,Woman,1.3,4,4,0,0,4,1,0,0,0,0,0,0,0,0
531,100,92,1,1,1,1,20,Other,71.501,3,2,4,4,2,2,4,3,4,4,2,3,2,2,1,1,3,0,2,0,3,1,3,3,3,3,3,1,3,2,3.2,1.6,2.5,2.433333333,804,19,Non-binary,1.5,4,3,0,0,5,2,0,0,1,0,5,0,0,0
355,100,138,1,1,1,1,19,Prefer not to say,105.87,0,0,0,0,4,1,1,0,1,0,4,2,3,5,4,4,4,1,4,4,4,2,3,4,4,4,4,0,4,3,0.7,3.5,3.2,2.466666667,806,18,Non-binary,0.7,0,4,0,0,1,0,0,0,2,0,2,0,0,0
32,100,174,1,1,1,1,20,Other,117.938,4,1,4,5,2,0,3,1,5,5,4,3,5,5,2,3,4,5,4,5,3,1,4,3,0,1,4,1,4,3,3,4,2.4,3.133333333,807,19,Non-binary,3.1,4,4,5,2,4,5,0,3,4,0,0,5,3,1
632,100,109,1,1,1,1,19,Woman,87.893,3,0,2,2,2,2,2,0,0,2,4,2,4,4,4,4,4,2,2,4,4,0,3,3,3,3,1,0,2,2,1.5,3.4,2.1,2.333333333,810,18,Woman,1.6,4,2,0,0,3,3,0,0,4,0,0,5,0,0
356,100,156,1,1,1,1,19,Woman,133.355,2,0,3,3,3,2,1,0,1,3,3,4,4,5,3,4,2,1,4,3,2,1,2,2,2,2,1,0,3,1,1.8,3.3,1.6,2.233333333,813,18,Woman,2.4,3,4,4,2,4,3,0,0,1,3,3,3,2,2
585,100,190,1,1,1,1,19,Woman,169.241,2,2,3,2,3,3,2,3,3,3,3,3,4,3,3,2,3,4,4,3,4,3,4,2,4,3,4,4,3,4,2.6,3.2,3.5,3.1,814,18,Woman,2.15,4,3,1,1.5,5,3,1,0,1,2,2,2,2,1
330,100,119,1,1,1,1,21,Man,100.154,0,0,5,3,0,0,0,0,0,5,0,0,5,0,0,2,2,5,0,2,5,5,5,5,5,5,5,5,5,5,1.3,1.6,5,2.633333333,815,20,Man,2,5,5,0,1,5,0,0,0,2,2,2,2,0,2
630,100,170,1,1,1,1,19,Woman,132.88,1,2,3,3,3,3,3,2,2,3,4,4,4,4,3,4,4,2,4,4,5,4,5,5,5,3,4,5,4,5,2.5,3.7,4.5,3.566666667,816,18,Woman,1.5,2,4,4,1,2,2,0,0,0,0,0,1,1,1
524,100,3722,1,1,1,1,20,Woman,212.4,3,1,1,2,4,4,0,0,1,3,3,2,2,3,3,2,2,0,1,4,3,2,4,4,4,4,4,4,4,4,1.9,2.2,3.7,2.6,819,19,Woman,0.75,2,0,0,1.5,3,1,0,0,0,0,0,0,1,2
190,100,113,1,1,1,1,21,Prefer not to say,77.061,2,0,0,3,3,3,3,1,3,3,2,1,1,3,1,2,2,2,1,1,3,3,3,3,3,3,3,3,3,3,2.1,1.6,3,2.233333333,821,20,Woman,1.6,4,4,0,0,4,3,0,0,1,0,3,0,0,0
226,100,241,1,1,1,1,19,Woman,226.577,2,1,3,2,3,3,3,0,2,4,4,2,4,4,4,4,3,2,2,4,4,1,3,3,4,3,2,1,2,3,2.3,3.3,2.6,2.733333333,824,18,Woman,1.65,4,3,1,1.5,3,1,2,0,1,0,0,1,1,2
176,100,126,1,1,1,1,19,Man,94.19,2,0,2,1,3,2,2,0,1,2,4,3,4,4,4,3,4,2,2,4,3,2,3,4,4,3,3,2,2,3,1.5,3.4,2.9,2.6,825,18,Man,0.3,2,1,0,0,0,0,0,0,0,0,5,0,0,0
569,100,157,1,1,1,1,19,Woman,129.584,4,4,5,5,5,5,4,4,4,5,5,5,5,5,5,4,4,3,4,5,5,4,4,4,4,4,4,3,3,5,4.5,4.5,4,4.333333333,826,18,Woman,1.2,5,2,1,1,3,0,0,0,0,0,0,0,1,1
25,100,72,1,1,1,1,19,Man,48.185,1,3,3,3,1,2,3,1,2,3,3,1,2,3,1,3,2,4,4,2,2,4,2,3,1,2,3,2,3,4,2.2,2.5,2.6,2.433333333,833,18,Man,1.65,4,2,0,0.5,4,3,0,0,1,2,4,1,0,1
235,100,108,1,1,1,1,19,Woman,87.601,5,5,5,5,5,5,5,3,5,4,3,3,5,5,5,5,5,1,4,5,5,5,5,5,5,5,5,5,5,5,4.7,4.1,5,4.6,834,18,Woman,2.15,5,4,0,2.5,4,4,0,0,2,0,0,0,1,4
61,100,145,1,1,1,1,27,Man,111.73,5,5,5,5,5,5,5,4,5,5,4,4,4,4,4,4,4,5,4,4,5,5,5,5,5,5,5,4,5,5,4.9,4.1,4.9,4.633333333,836,27,Man,1.7,4,3,2,4,2,2,0,0,0,0,0,0,4,4
110,100,102,1,1,1,1,19,Woman,85.448,2,1,2,3,3,2,1,0,1,1,2,2,3,2,1,3,3,1,2,2,1,1,0,2,0,1,1,0,1,1,1.6,2.1,0.8,1.5,839,18,Woman,1.1,1,1,2,3,0,2,0,0,2,0,5,0,3,3
363,100,202,1,1,1,1,20,Man,174.233,4,3,4,4,4,4,4,1,4,4,4,4,4,4,4,4,4,5,4,4,4,3,4,4,3,4,4,1,4,4,3.6,4.1,3.5,3.733333333,840,18,Man,1.35,4,4,0,0.5,4,0,0,0,1,0,0,0,1,0
301,100,183,1,1,1,1,19,Woman,150.032,5,5,5,5,5,5,5,5,5,5,5,3,5,5,1,3,5,1,5,5,3,2,3,2,2,2,5,0,3,1,5,3.8,2.3,3.7,842,18,Woman,1.75,5,4,0,2.5,3,3,0,0,0,0,3,0,1,4
606,100,102,1,1,1,1,19,Woman,74.354,5,3,3,3,0,0,0,0,0,3,5,4,3,3,3,3,3,3,3,3,4,4,3,4,4,4,4,4,3,3,1.7,3.3,3.7,2.9,844,18,Woman,1.45,1,0,5,1.5,2,2,0,0,3,0,0,5,0,3
381,100,101,1,1,1,1,19,Woman,84.462,4,3,5,5,3,4,5,3,5,5,4,5,5,5,5,5,5,4,5,5,5,5,5,5,5,4,4,3,5,5,4.2,4.8,4.6,4.533333333,846,18,Woman,1.1,3,3,0,1,2,2,0,0,0,0,4,0,1,1
245,100,73,1,1,1,1,20,Prefer not to say,54.632,1,1,2,1,3,1,2,1,1,1,3,2,2,2,3,2,2,1,1,1,4,4,3,4,3,3,4,2,3,3,1.4,1.9,3.3,2.2,848,19,Non-binary,1.85,2,4,0,0.5,5,3,0,0,4,0,0,2,1,0
479,100,52,1,1,1,1,20,Woman,36.313,2,2,4,3,4,4,3,3,3,3,2,3,4,4,3,3,2,2,3,3,5,5,5,5,5,5,5,5,5,4,3.1,2.9,4.9,3.633333333,849,19,Woman,1.95,4,4,2,2.5,2,3,1,0,1,0,5,0,2,3
311,100,215,1,1,1,1,21,Woman,196.939,5,2,5,5,5,5,5,5,5,5,0,0,0,0,0,0,0,0,0,0,3,2,3,4,2,0,0,0,0,0,4.7,0,1.4,2.033333333,856,20,Woman,0.55,0,2,0,0.5,0,0,0,0,3,0,0,2,0,1
68,100,114,1,1,1,1,19,Woman,94.279,3,0,2,3,4,2,3,0,3,1,4,4,4,4,3,4,4,0,4,4,5,3,4,4,5,4,4,0,4,3,2.1,3.5,3.6,3.066666667,857,18,Woman,2,4,4,2,3,2,2,0,0,3,0,5,0,3,3
54,100,128,1,1,1,1,19,Woman,101.844,2,2,3,3,3,3,3,3,3,2,4,2,4,3,3,4,3,2,3,3,4,4,4,4,4,4,4,4,4,4,2.7,3.1,4,3.266666667,864,18,Woman,0.4,2,1,0,0,0,0,0,0,1,0,3,0,0,0
265,100,186,1,1,1,1,20,Woman,146.29,3,2,4,3,3,3,3,2,2,1,4,3,4,4,3,4,4,3,3,4,3,2,4,4,3,4,4,3,3,2,2.6,3.6,3.2,3.133333333,865,19,Woman,1.673,3,3,1,2,3,2,0,0,1,1.73,3,1,2,2
680,100,159,1,1,1,1,19,Woman,111.747,4,2,3,5,5,5,3,0,3,3,3,5,5,1,1,4,4,0,4,5,4,0,2,0,0,3,1,0,3,3,3.3,3.2,1.6,2.7,866,18,Woman,2.55,5,4,3,1.5,3,4,0,0,5,0,0,1,1,2
93,100,128,1,1,1,1,19,Man,105.914,3,2,3,3,3,3,3,1,3,2,4,4,4,4,4,4,4,3,4,4,5,4,5,5,5,5,5,5,5,5,2.6,3.9,4.9,3.8,868,18,Man,1.9,4,4,2,3,4,1,0,0,1,0,0,0,4,2
105,100,172,1,1,1,1,20,Woman,128.916,3,2,3,3,2,3,3,0,3,3,3,0,2,2,0,1,1,2,1,3,3,3,4,3,3,3,3,1,3,4,2.5,1.5,3,2.333333333,872,19,Woman,2.873,5,5,3,3,3,4,0,0,4,1.73,3,1,4,2
427,100,162,1,1,1,1,19,Woman,118.785,3,1,2,2,2,2,3,0,2,2,3,3,3,3,3,3,3,1,3,3,3,2,3,3,3,3,3,1,3,3,1.9,2.8,2.7,2.466666667,873,18,Woman,2.045,4,1,3,2,2,2,1,0,3,2.45,3,2,1,3
41,100,104,1,1,1,1,20,Woman,80.624,1,0,1,1,3,3,1,2,1,1,4,3,4,4,4,4,3,2,2,4,4,4,4,4,4,4,4,2,4,4,1.4,3.4,3.8,2.866666667,877,19,Woman,1.4,3,3,1,0,2,3,0,0,2,0,2,0,0,0
273,100,233,1,1,1,1,20,Woman,196.539,4,3,5,4,4,3,4,2,3,3,3,2,4,4,4,4,4,4,4,4,4,5,4,4,5,4,5,5,4,5,3.5,3.7,4.5,3.9,879,19,Woman,1,2,2,1,1,2,1,0,0,1,0,2,0,1,1
60,100,175,1,1,1,1,18,Woman,128.058,1,1,1,2,3,2,3,1,3,2,1,1,1,4,4,3,4,1,4,1,2,1,1,3,3,3,3,2,3,2,1.9,2.4,2.3,2.2,881,18,Woman,2.1,5,5,0,0,4,4,0,0,1,2,4,1,0,0
12,100,125,1,1,1,1,20,Man,108.232,3,2,1,1,4,1,4,4,2,0,4,5,5,5,5,4,5,2,5,4,5,4,5,5,5,5,4,5,5,5,2.2,4.4,4.8,3.8,882,20,Man,2.15,4,2,2,4.5,5,4,0,0,0,0,0,5,4,5
610,100,130,1,1,1,1,21,Woman,94.788,3,0,4,5,4,5,5,2,5,5,5,5,5,5,5,5,5,3,5,5,4,5,4,5,5,5,5,3,5,5,3.8,4.8,4.6,4.4,883,20,Woman,1,3,5,1,0,0,1,0,0,0,0,4,0,0,0
617,100,159,1,1,1,1,19,Woman,124.646,4,1,3,1,3,1,0,0,3,3,2,1,3,2,1,3,2,3,1,1,3,2,4,4,4,4,2,1,2,2,1.9,1.9,2.8,2.2,884,18,Woman,1.85,2,2,4,4.5,1,4,0,0,1,0,5,0,5,4
448,100,505,1,1,1,1,19,Man,287.8,2,0,3,4,3,4,5,4,5,5,4,2,3,3,3,2,5,4,5,5,4,4,3,5,3,4,3,3,3,4,3.5,3.6,3.6,3.566666667,885,18,Man,2.241,4,4,1,2,4,3,0,0,3,1.41,2,1,3,1
631,100,161,1,1,1,1,22,Man,145.712,4,3,4,4,4,5,3,5,5,2,3,4,4,4,3,3,4,2,2,5,5,5,5,5,5,5,5,4,4,1,3.9,3.4,4.4,3.9,890,21,Man,2.516,4,5,1,1,5,4,0,0,2,3.16,2,5,1,1
551,100,198,1,1,1,1,19,Woman,161.701,3,3,4,4,4,4,4,3,4,4,4,3,5,4,3,4,4,3,4,4,5,4,5,5,4,4,5,4,4,3,3.7,3.8,4.3,3.933333333,894,18,Woman,1.75,3,2,1,2.5,4,2,0,0,3,0,0,0,3,2
581,100,124,1,1,1,1,19,Woman,108.177,2,1,2,3,2,2,2,0,4,2,4,4,4,5,5,5,5,1,3,4,5,5,5,5,5,5,5,1,4,4,2,4,4.4,3.466666667,896,18,Woman,2.45,5,4,4,0.5,3,5,0,0,3,0,2,0,1,0
491,100,171,1,1,1,1,19,Woman,118.56,3,1,4,3,4,3,3,0,2,2,3,3,3,2,2,2,3,0,2,2,2,1,2,1,1,3,2,0,2,2,2.5,2.2,1.6,2.1,899,18,Woman,1.6,4,4,1,0,4,2,0,0,1,0,5,0,0,0
435,100,110,1,1,1,1,20,Woman,91.411,1,0,1,1,1,1,1,1,1,1,3,1,2,2,2,2,3,1,3,3,2,1,2,2,2,2,2,2,3,3,0.9,2.2,2.1,1.733333333,900,19,Woman,1.75,4,1,2,0.5,4,2,0,0,4,0,5,0,0,1
526,100,300,1,1,1,1,20,Woman,203.792,3,1,3,2,3,3,3,0,3,2,4,4,4,4,3,4,5,3,3,3,2,2,3,2,3,4,2,1,2,2,2.3,3.7,2.3,2.766666667,904,19,Woman,1.6,4,3,2,1,3,2,0,0,1,0,4,0,1,1
615,100,123,1,1,1,1,24,Woman,95.836,5,3,5,5,5,4,5,5,5,3,5,5,3,5,4,3,4,4,5,5,5,5,5,5,5,5,5,5,5,5,4.5,4.3,5,4.6,908,23,Woman,1.25,5,2,0,0.5,5,0,0,0,0,0,5,0,1,0
