dataset,n,criterion,kappa_weighted,kappa_unweighted,motor_lo_cut,motor_hi_cut,crit_lo_cut,crit_hi_cut,n_low_motor,n_mid_motor,n_high_motor,pct_low_motor,pct_mid_motor,pct_high_motor,n_low_crit,n_mid_crit,n_high_crit,pct_low_crit,pct_mid_crit,pct_high_crit,analysis,cutoff_pct,n_true_high,n_pred_high,pct_pred_high,kappa_binary,sensitivity,specificity,PPV,NPV,auc_top33
df1 PCS,244,full_total,0.548,0.446,5.0,7.0,1.7,2.2,99.0,79.0,66.0,0.406,0.324,0.27,82.0,83.0,79.0,0.336,0.34,0.324,three_group,,,,,,,,,,
df1 SWASH,240,full_total,0.657,0.55,3.0,6.0,1.15,1.887,90.0,83.0,67.0,0.375,0.346,0.279,82.0,78.0,80.0,0.342,0.325,0.333,three_group,,,,,,,,,,
df2 PCS-VVIQ,508,full_total,0.504,0.4,5.0,7.0,1.6,2.15,228.0,168.0,112.0,0.449,0.331,0.22,188.0,162.0,158.0,0.37,0.319,0.311,three_group,,,,,,,,,,
df3 SWASH,418,full_total,0.652,0.547,4.0,6.0,1.3,2.0,166.0,120.0,132.0,0.397,0.287,0.316,144.0,141.0,133.0,0.344,0.337,0.318,three_group,,,,,,,,,,
df5 vEAR PCS,452,full_total,0.522,0.41,5.0,7.0,1.6,2.15,205.0,143.0,104.0,0.454,0.316,0.23,169.0,141.0,142.0,0.374,0.312,0.314,three_group,,,,,,,,,,
df4 HGSHS:A inv,584,full_total,0.651,0.563,3.0,6.0,2.0,2.833,213.0,196.0,175.0,0.365,0.336,0.3,201.0,193.0,190.0,0.344,0.33,0.325,three_group,,,,,,,,,,
df4 HGSHS:A obj,584,full_total,0.554,0.459,0.0,1.0,5.0,7.0,231.0,210.0,143.0,0.396,0.36,0.245,274.0,167.0,143.0,0.469,0.286,0.245,three_group,,,,,,,,,,
df1 PCS,244,rest_score,0.325,0.262,5.0,7.0,1.438,1.875,99.0,79.0,66.0,0.406,0.324,0.27,83.0,80.0,81.0,0.34,0.328,0.332,three_group,,,,,,,,,,
df1 SWASH,240,rest_score,0.459,0.355,3.0,6.0,0.938,1.625,90.0,83.0,67.0,0.375,0.346,0.279,81.0,83.0,76.0,0.338,0.346,0.317,three_group,,,,,,,,,,
df2 PCS-VVIQ,508,rest_score,0.294,0.203,5.0,7.0,1.313,1.875,228.0,168.0,112.0,0.449,0.331,0.22,170.0,179.0,159.0,0.335,0.352,0.313,three_group,,,,,,,,,,
df3 SWASH,418,rest_score,0.448,0.363,4.0,6.0,1.125,1.688,166.0,120.0,132.0,0.397,0.287,0.316,163.0,117.0,138.0,0.39,0.28,0.33,three_group,,,,,,,,,,
df5 vEAR PCS,452,rest_score,0.335,0.24,5.0,7.0,1.333,1.874,205.0,143.0,104.0,0.454,0.316,0.23,151.0,150.0,151.0,0.334,0.332,0.334,three_group,,,,,,,,,,
df4 HGSHS:A inv,584,rest_score,0.522,0.442,3.0,6.0,2.1,2.8,213.0,196.0,175.0,0.365,0.336,0.3,211.0,185.0,188.0,0.361,0.317,0.322,three_group,,,,,,,,,,
df4 HGSHS:A obj,584,rest_score,0.347,0.267,0.0,1.0,0.4,0.6,231.0,210.0,143.0,0.396,0.36,0.245,245.0,218.0,121.0,0.42,0.373,0.207,three_group,,,,,,,,,,
df1 PCS,244,full_total,,,,,,,,,,,,,,,,,,,binary,8%,19.0,8.0,0.033,0.185,0.158,0.978,0.375,0.932,0.829
df1 PCS,244,full_total,,,,,,,,,,,,,,,,,,,binary,10%,24.0,8.0,0.033,0.211,0.167,0.982,0.5,0.915,0.829
df1 PCS,244,full_total,,,,,,,,,,,,,,,,,,,binary,12%,30.0,8.0,0.033,0.223,0.167,0.986,0.625,0.894,0.829
df1 PCS,244,full_total,,,,,,,,,,,,,,,,,,,binary,15%,36.0,32.0,0.131,0.454,0.5,0.933,0.562,0.915,0.829
df1 PCS,244,full_total,,,,,,,,,,,,,,,,,,,binary,20%,48.0,32.0,0.131,0.407,0.417,0.939,0.625,0.868,0.829
df1 PCS,244,full_total,,,,,,,,,,,,,,,,,,,binary,33%,79.0,66.0,0.27,0.443,0.557,0.867,0.667,0.803,0.829
df1 SWASH,240,full_total,,,,,,,,,,,,,,,,,,,binary,8%,19.0,16.0,0.067,0.415,0.421,0.964,0.5,0.951,0.905
df1 SWASH,240,full_total,,,,,,,,,,,,,,,,,,,binary,10%,24.0,16.0,0.067,0.402,0.375,0.968,0.562,0.933,0.905
df1 SWASH,240,full_total,,,,,,,,,,,,,,,,,,,binary,12%,28.0,16.0,0.067,0.454,0.393,0.976,0.688,0.924,0.905
df1 SWASH,240,full_total,,,,,,,,,,,,,,,,,,,binary,15%,36.0,30.0,0.125,0.579,0.583,0.956,0.7,0.929,0.905
df1 SWASH,240,full_total,,,,,,,,,,,,,,,,,,,binary,20%,46.0,30.0,0.125,0.566,0.522,0.969,0.8,0.895,0.905
df1 SWASH,240,full_total,,,,,,,,,,,,,,,,,,,binary,33%,77.0,67.0,0.279,0.604,0.675,0.908,0.776,0.855,0.905
df2 PCS-VVIQ,508,full_total,,,,,,,,,,,,,,,,,,,binary,8%,41.0,17.0,0.033,0.276,0.22,0.983,0.529,0.935,0.852
df2 PCS-VVIQ,508,full_total,,,,,,,,,,,,,,,,,,,binary,10%,47.0,17.0,0.033,0.244,0.191,0.983,0.529,0.923,0.852
df2 PCS-VVIQ,508,full_total,,,,,,,,,,,,,,,,,,,binary,12%,57.0,53.0,0.104,0.368,0.421,0.936,0.453,0.927,0.852
df2 PCS-VVIQ,508,full_total,,,,,,,,,,,,,,,,,,,binary,15%,74.0,53.0,0.104,0.346,0.365,0.94,0.509,0.897,0.852
df2 PCS-VVIQ,508,full_total,,,,,,,,,,,,,,,,,,,binary,20%,102.0,53.0,0.104,0.394,0.363,0.961,0.698,0.857,0.852
df2 PCS-VVIQ,508,full_total,,,,,,,,,,,,,,,,,,,binary,33%,158.0,112.0,0.22,0.481,0.525,0.917,0.741,0.811,0.852
df3 SWASH,418,full_total,,,,,,,,,,,,,,,,,,,binary,8%,31.0,10.0,0.024,0.266,0.194,0.99,0.6,0.939,0.896
df3 SWASH,418,full_total,,,,,,,,,,,,,,,,,,,binary,10%,39.0,38.0,0.091,0.442,0.487,0.95,0.5,0.947,0.896
df3 SWASH,418,full_total,,,,,,,,,,,,,,,,,,,binary,12%,45.0,38.0,0.091,0.425,0.444,0.952,0.526,0.934,0.896
df3 SWASH,418,full_total,,,,,,,,,,,,,,,,,,,binary,15%,54.0,38.0,0.091,0.392,0.389,0.953,0.553,0.913,0.896
df3 SWASH,418,full_total,,,,,,,,,,,,,,,,,,,binary,20%,72.0,77.0,0.184,0.469,0.583,0.899,0.545,0.912,0.896
df3 SWASH,418,full_total,,,,,,,,,,,,,,,,,,,binary,33%,133.0,132.0,0.316,0.597,0.722,0.874,0.727,0.871,0.896
df5 vEAR PCS,452,full_total,,,,,,,,,,,,,,,,,,,binary,8%,37.0,19.0,0.042,0.357,0.297,0.981,0.579,0.94,0.858
df5 vEAR PCS,452,full_total,,,,,,,,,,,,,,,,,,,binary,10%,46.0,19.0,0.042,0.329,0.261,0.983,0.632,0.921,0.858
df5 vEAR PCS,452,full_total,,,,,,,,,,,,,,,,,,,binary,12%,52.0,49.0,0.108,0.387,0.442,0.935,0.469,0.928,0.858
df5 vEAR PCS,452,full_total,,,,,,,,,,,,,,,,,,,binary,15%,63.0,49.0,0.108,0.349,0.381,0.936,0.49,0.903,0.858
df5 vEAR PCS,452,full_total,,,,,,,,,,,,,,,,,,,binary,20%,91.0,49.0,0.108,0.368,0.352,0.953,0.653,0.854,0.858
df5 vEAR PCS,452,full_total,,,,,,,,,,,,,,,,,,,binary,33%,142.0,104.0,0.23,0.435,0.507,0.897,0.692,0.799,0.858
df4 HGSHS:A inv,584,full_total,,,,,,,,,,,,,,,,,,,binary,8%,47.0,36.0,0.062,0.443,0.426,0.97,0.556,0.951,0.893
df4 HGSHS:A inv,584,full_total,,,,,,,,,,,,,,,,,,,binary,10%,55.0,36.0,0.062,0.418,0.382,0.972,0.583,0.938,0.893
df4 HGSHS:A inv,584,full_total,,,,,,,,,,,,,,,,,,,binary,12%,66.0,36.0,0.062,0.446,0.379,0.979,0.694,0.925,0.893
df4 HGSHS:A inv,584,full_total,,,,,,,,,,,,,,,,,,,binary,15%,76.0,72.0,0.123,0.489,0.539,0.939,0.569,0.932,0.893
df4 HGSHS:A inv,584,full_total,,,,,,,,,,,,,,,,,,,binary,20%,101.0,72.0,0.123,0.48,0.475,0.95,0.667,0.896,0.893
df4 HGSHS:A inv,584,full_total,,,,,,,,,,,,,,,,,,,binary,33%,190.0,175.0,0.3,0.622,0.711,0.898,0.771,0.866,0.893
df4 HGSHS:A obj,584,full_total,,,,,,,,,,,,,,,,,,,binary,8%,37.0,0.0,0.0,0.0,0.0,1.0,,0.937,0.841
df4 HGSHS:A obj,584,full_total,,,,,,,,,,,,,,,,,,,binary,10%,37.0,0.0,0.0,0.0,0.0,1.0,,0.937,0.841
df4 HGSHS:A obj,584,full_total,,,,,,,,,,,,,,,,,,,binary,12%,37.0,0.0,0.0,0.0,0.0,1.0,,0.937,0.841
df4 HGSHS:A obj,584,full_total,,,,,,,,,,,,,,,,,,,binary,15%,87.0,0.0,0.0,0.0,0.0,1.0,,0.851,0.841
df4 HGSHS:A obj,584,full_total,,,,,,,,,,,,,,,,,,,binary,20%,87.0,0.0,0.0,0.0,0.0,1.0,,0.851,0.841
df4 HGSHS:A obj,584,full_total,,,,,,,,,,,,,,,,,,,binary,33%,143.0,143.0,0.245,0.555,0.664,0.891,0.664,0.891,0.841
